seed,method,domain,coverage,risk,random_risk,oracle_risk
,prior,eval_in,0.0002007226013649137,0.6262545162585307,0.6262545162585307,0.0
,prior,eval_in,0.010236852669610599,0.6262545162585308,0.6262545162585307,0.0
,prior,eval_in,0.02027298273785628,0.6262545162585307,0.6262545162585307,0.0
,prior,eval_in,0.030309112806101966,0.6262545162585307,0.6262545162585307,0.0
,prior,eval_in,0.04034524287434765,0.6262545162585307,0.6262545162585307,0.0
,prior,eval_in,0.05038137294259334,0.6262545162585307,0.6262545162585307,0.0
,prior,eval_in,0.060216780409474105,0.6262545162585307,0.6262545162585307,0.0
,prior,eval_in,0.0702529104777198,0.6262545162585307,0.6262545162585307,0.0
,prior,eval_in,0.08028904054596547,0.6262545162585308,0.6262545162585307,0.0
,prior,eval_in,0.09032517061421116,0.6262545162585308,0.6262545162585307,0.0
,prior,eval_in,0.10036130068245684,0.6262545162585307,0.6262545162585307,0.0
,prior,eval_in,0.11019670814933762,0.6262545162585308,0.6262545162585307,0.0
,prior,eval_in,0.1202328382175833,0.6262545162585307,0.6262545162585307,0.0
,prior,eval_in,0.13026896828582898,0.6262545162585307,0.6262545162585307,0.0
,prior,eval_in,0.14030509835407468,0.6262545162585307,0.6262545162585307,0.0
,prior,eval_in,0.15034122842232037,0.6262545162585307,0.6262545162585307,0.0
,prior,eval_in,0.1601766358892011,0.6262545162585307,0.6262545162585307,0.0
,prior,eval_in,0.1702127659574468,0.6262545162585307,0.6262545162585307,0.0
,prior,eval_in,0.1802488960256925,0.6262545162585307,0.6262545162585307,0.0
,prior,eval_in,0.1902850260939382,0.6262545162585307,0.6262545162585307,0.0
,prior,eval_in,0.20032115616218385,0.6262545162585308,0.6262545162585307,0.0
,prior,eval_in,0.21035728623042954,0.6262545162585307,0.6262545162585307,0.0
,prior,eval_in,0.22019269369731032,0.6262545162585308,0.6262545162585307,0.0
,prior,eval_in,0.230228823765556,0.6262545162585307,0.6262545162585307,0.0
,prior,eval_in,0.2402649538338017,0.6262545162585307,0.6262545162585307,0.0
,prior,eval_in,0.25030108390204736,0.6262545162585307,0.6262545162585307,0.0
,prior,eval_in,0.2603372139702931,0.6262545162585307,0.6262545162585307,0.0
,prior,eval_in,0.2701726214371738,0.6262545162585307,0.6262545162585307,0.0
,prior,eval_in,0.2802087515054195,0.6262545162585307,0.6262545162585307,0.0
,prior,eval_in,0.2902448815736652,0.6262545162585308,0.6262545162585307,0.0
,prior,eval_in,0.3002810116419109,0.6262545162585307,0.6262545162585307,0.0
,prior,eval_in,0.31031714171015656,0.6262545162585307,0.6262545162585307,0.0
,prior,eval_in,0.32015254917703734,0.6262545162585307,0.6262545162585307,0.0
,prior,eval_in,0.330188679245283,0.6262545162585308,0.6262545162585307,0.0
,prior,eval_in,0.3402248093135287,0.6262545162585307,0.6262545162585307,0.0
,prior,eval_in,0.3502609393817744,0.6262545162585307,0.6262545162585307,0.0
,prior,eval_in,0.36029706945002005,0.6262545162585307,0.6262545162585307,0.0
,prior,eval_in,0.3701324769169008,0.6262545162585308,0.6262545162585307,0.0
,prior,eval_in,0.38016860698514654,0.6262545162585307,0.6262545162585307,0.01689545934530095
,prior,eval_in,0.3902047370533922,0.6262545162585307,0.6262545162585307,0.04218106995884774
,prior,eval_in,0.4002408671216379,0.6262545162585308,0.6262545162585307,0.06619859578736209
,prior,eval_in,0.4102769971898836,0.6262545162585307,0.6262545162585307,0.08904109589041095
,prior,eval_in,0.42031312725812925,0.6262545162585307,0.6262545162585307,0.11079274116523401
,prior,eval_in,0.43014853472501,0.6262545162585307,0.6262545162585307,0.13112459169388707
,prior,eval_in,0.44018466479325574,0.6262545162585308,0.6262545162585307,0.15093479252165984
,prior,eval_in,0.4502207948615014,0.6262545162585307,0.6262545162585307,0.1698617922425323
,prior,eval_in,0.46025692492974707,0.6262545162585307,0.6262545162585307,0.18796336676842565
,prior,eval_in,0.4702930549979928,0.6262545162585307,0.6262545162585307,0.2052923602219377
,prior,eval_in,0.48012846246487356,0.6262545162585308,0.6262545162585307,0.22157190635451504
,prior,eval_in,0.4901645925331192,0.6262545162585307,0.6262545162585307,0.2375102375102375
,prior,eval_in,0.5002007226013649,0.6262545162585307,0.6262545162585307,0.25280898876404495
,prior,eval_in,0.5102368526696106,0.6262545162585308,0.6262545162585307,0.2675059008654603
,prior,eval_in,0.5202729827378563,0.6262545162585307,0.6262545162585307,0.2816358024691358
,prior,eval_in,0.5301083902047371,0.6262545162585307,0.6262545162585307,0.2949640287769784
,prior,eval_in,0.5401445202729828,0.6262545162585307,0.6262545162585307,0.30806391675956896
,prior,eval_in,0.5501806503412284,0.6262545162585308,0.6262545162585307,0.32068588106530466
,prior,eval_in,0.5602167804094741,0.6262545162585307,0.6262545162585307,0.33285560730920816
,prior,eval_in,0.5702529104777198,0.6262545162585307,0.6262545162585307,0.3445969728968673
,prior,eval_in,0.5800883179446006,0.6262545162585307,0.6262545162585307,0.35570934256055364
,prior,eval_in,0.5901244480128462,0.6262545162585307,0.6262545162585307,0.36666666666666664
,prior,eval_in,0.6001605780810919,0.6262545162585307,0.6262545162585307,0.37725752508361204
,prior,eval_in,0.6101967081493376,0.6262545162585307,0.6262545162585307,0.3875
,prior,eval_in,0.6202328382175833,0.6262545162585308,0.6262545162585307,0.39741100323624595
,prior,eval_in,0.630268968285829,0.6262545162585307,0.6262545162585307,0.4070063694267516
,prior,eval_in,0.6401043757527097,0.6262545162585307,0.6262545162585307,0.4161179052994669
,prior,eval_in,0.6501405058209554,0.6262545162585307,0.6262545162585307,0.42513121333744985
,prior,eval_in,0.6601766358892012,0.6262545162585308,0.6262545162585307,0.43387047734873824
,prior,eval_in,0.6702127659574468,0.6262545162585308,0.6262545162585307,0.44234800838574423
,prior,eval_in,0.6802488960256925,0.6262545162585307,0.6262545162585307,0.45057539097078786
,prior,eval_in,0.6900843034925732,0.6262545162585307,0.6262545162585307,0.4584060500290867
,prior,eval_in,0.700120433560819,0.6262545162585307,0.6262545162585307,0.4661697247706422
,prior,eval_in,0.7101565636290647,0.6262545162585307,0.6262545162585307,0.47371396269078575
,prior,eval_in,0.7201926936973103,0.6262545162585307,0.6262545162585307,0.4810479375696767
,prior,eval_in,0.730228823765556,0.6262545162585308,0.6262545162585307,0.4881803188565146
,prior,eval_in,0.7400642312324368,0.6262545162585308,0.6262545162585307,0.49498237049091404
,prior,eval_in,0.7501003613006825,0.6262545162585307,0.6262545162585307,0.5017393631255017
,prior,eval_in,0.7601364913689281,0.6262545162585307,0.6262545162585307,0.5083179297597042
,prior,eval_in,0.7701726214371738,0.6262545162585307,0.6262545162585307,0.5147250456085484
,prior,eval_in,0.7802087515054195,0.6262545162585307,0.6262545162585307,0.5209673269873939
,prior,eval_in,0.7900441589723003,0.6262545162585307,0.6262545162585307,0.5269308943089431
,prior,eval_in,0.800080289040546,0.6262545162585307,0.6262545162585307,0.532865027596588
,prior,eval_in,0.8101164191087916,0.6262545162585308,0.6262545162585307,0.5386521308225967
,prior,eval_in,0.8201525491770373,0.6262545162585308,0.6262545162585307,0.544297601566324
,prior,eval_in,0.8301886792452831,0.6262545162585307,0.6262545162585307,0.5498065764023211
,prior,eval_in,0.8402248093135287,0.6262545162585307,0.6262545162585307,0.5551839464882943
,prior,eval_in,0.8500602167804094,0.6262545162585307,0.6262545162585307,0.5603305785123966
,prior,eval_in,0.8600963468486552,0.6262545162585307,0.6262545162585307,0.565460910151692
,prior,eval_in,0.8701324769169009,0.6262545162585307,0.6262545162585307,0.5704728950403691
,prior,eval_in,0.8801686069851465,0.6262545162585308,0.6262545162585307,0.5753705815279362
,prior,eval_in,0.8902047370533922,0.6262545162585308,0.6262545162585307,0.5801578354002255
,prior,eval_in,0.900040144520273,0.6262545162585307,0.6262545162585307,0.5847457627118644
,prior,eval_in,0.9100762745885187,0.6262545162585307,0.6262545162585307,0.5893250992501102
,prior,eval_in,0.9201124046567644,0.6262545162585307,0.6262545162585307,0.5938045375218151
,prior,eval_in,0.93014853472501,0.6262545162585307,0.6262545162585307,0.5981873111782477
,prior,eval_in,0.9401846647932557,0.6262545162585307,0.6262545162585307,0.6024765157984628
,prior,eval_in,0.9500200722601365,0.6262545162585308,0.6262545162585307,0.606592013522079
,prior,eval_in,0.9600562023283822,0.6262545162585308,0.6262545162585307,0.6107045787162868
,prior,eval_in,0.9700923323966278,0.6262545162585307,0.6262545162585307,0.6147320504862405
,prior,eval_in,0.9801284624648735,0.6262545162585307,0.6262545162585307,0.6186770428015564
,prior,eval_in,0.9901645925331193,0.6262545162585307,0.6262545162585307,0.6225420636529495
,prior,eval_in,1.0,0.6262545162585307,0.6262545162585307,0.6262545162585307
,prior,eval_out,0.00020032051282051281,0.702323717948718,0.702323717948718,0.0
,prior,eval_out,0.010216346153846154,0.702323717948718,0.702323717948718,0.0
,prior,eval_out,0.020232371794871796,0.702323717948718,0.702323717948718,0.0
,prior,eval_out,0.030248397435897436,0.702323717948718,0.702323717948718,0.0
,prior,eval_out,0.04026442307692308,0.7023237179487181,0.702323717948718,0.0
,prior,eval_out,0.05028044871794872,0.702323717948718,0.702323717948718,0.0
,prior,eval_out,0.06029647435897436,0.702323717948718,0.702323717948718,0.0
,prior,eval_out,0.0703125,0.702323717948718,0.702323717948718,0.0
,prior,eval_out,0.08032852564102565,0.702323717948718,0.702323717948718,0.0
,prior,eval_out,0.09034455128205128,0.7023237179487178,0.702323717948718,0.0
,prior,eval_out,0.10036057692307693,0.702323717948718,0.702323717948718,0.0
,prior,eval_out,0.11037660256410256,0.702323717948718,0.702323717948718,0.0
,prior,eval_out,0.1201923076923077,0.702323717948718,0.702323717948718,0.0
,prior,eval_out,0.13020833333333334,0.702323717948718,0.702323717948718,0.0
,prior,eval_out,0.14022435897435898,0.702323717948718,0.702323717948718,0.0
,prior,eval_out,0.1502403846153846,0.702323717948718,0.702323717948718,0.0
,prior,eval_out,0.16025641025641027,0.702323717948718,0.702323717948718,0.0
,prior,eval_out,0.1702724358974359,0.702323717948718,0.702323717948718,0.0
,prior,eval_out,0.18028846153846154,0.702323717948718,0.702323717948718,0.0
,prior,eval_out,0.19030448717948717,0.702323717948718,0.702323717948718,0.0
,prior,eval_out,0.20032051282051283,0.702323717948718,0.702323717948718,0.0
,prior,eval_out,0.21033653846153846,0.702323717948718,0.702323717948718,0.0
,prior,eval_out,0.2203525641025641,0.702323717948718,0.702323717948718,0.0
,prior,eval_out,0.23016826923076922,0.702323717948718,0.702323717948718,0.0
,prior,eval_out,0.24018429487179488,0.702323717948718,0.702323717948718,0.0
,prior,eval_out,0.25020032051282054,0.702323717948718,0.702323717948718,0.0
,prior,eval_out,0.26021634615384615,0.702323717948718,0.702323717948718,0.0
,prior,eval_out,0.2702323717948718,0.702323717948718,0.702323717948718,0.0
,prior,eval_out,0.2802483974358974,0.702323717948718,0.702323717948718,0.0
,prior,eval_out,0.2902644230769231,0.702323717948718,0.702323717948718,0.0
,prior,eval_out,0.30028044871794873,0.702323717948718,0.702323717948718,0.00867244829886591
,prior,eval_out,0.31029647435897434,0.7023237179487181,0.702323717948718,0.040671400903808906
,prior,eval_out,0.3203125,0.702323717948718,0.702323717948718,0.07066916823014384
,prior,eval_out,0.33032852564102566,0.7023237179487178,0.702323717948718,0.09884778653729533
,prior,eval_out,0.3401442307692308,0.702323717948718,0.702323717948718,0.1248527679623086
,prior,eval_out,0.3501602564102564,0.702323717948718,0.702323717948718,0.14988558352402745
,prior,eval_out,0.36017628205128205,0.702323717948718,0.702323717948718,0.1735261401557286
,prior,eval_out,0.3701923076923077,0.702323717948718,0.702323717948718,0.1958874458874459
,prior,eval_out,0.3802083333333333,0.702323717948718,0.702323717948718,0.21707060063224448
,prior,eval_out,0.390224358974359,0.702323717948718,0.702323717948718,0.23716632443531827
,prior,eval_out,0.40024038461538464,0.702323717948718,0.702323717948718,0.25625625625625625
,prior,eval_out,0.41025641025641024,0.702323717948718,0.702323717948718,0.2744140625
,prior,eval_out,0.4202724358974359,0.702323717948718,0.702323717948718,0.2917063870352717
,prior,eval_out,0.43028846153846156,0.702323717948718,0.702323717948718,0.30819366852886404
,prior,eval_out,0.44030448717948717,0.702323717948718,0.702323717948718,0.32393084622383983
,prior,eval_out,0.4501201923076923,0.702323717948718,0.702323717948718,0.3386737872719181
,prior,eval_out,0.46013621794871795,0.702323717948718,0.702323717948718,0.35306922072268176
,prior,eval_out,0.4701522435897436,0.702323717948718,0.702323717948718,0.36685129953131657
,prior,eval_out,0.4801682692307692,0.702323717948718,0.702323717948718,0.3800584063412599
,prior,eval_out,0.4901842948717949,0.702323717948718,0.702323717948718,0.39272578667756436
,prior,eval_out,0.5002003205128205,0.702323717948718,0.702323717948718,0.4048858630356428
,prior,eval_out,0.5102163461538461,0.702323717948718,0.702323717948718,0.4165685119748724
,prior,eval_out,0.5202323717948718,0.702323717948718,0.702323717948718,0.42780130920292647
,prior,eval_out,0.5302483974358975,0.702323717948718,0.702323717948718,0.4386097468832641
,prior,eval_out,0.5402644230769231,0.702323717948718,0.702323717948718,0.44901742677048573
,prior,eval_out,0.5502804487179487,0.702323717948718,0.702323717948718,0.4590462322533673
,prior,eval_out,0.5600961538461539,0.702323717948718,0.702323717948718,0.4685264663805436
,prior,eval_out,0.5701121794871795,0.702323717948718,0.702323717948718,0.47786366830639493
,prior,eval_out,0.5801282051282052,0.702323717948718,0.702323717948718,0.48687845303867405
,prior,eval_out,0.5901442307692307,0.7023237179487178,0.702323717948718,0.4955872369314325
,prior,eval_out,0.6001602564102564,0.702323717948718,0.702323717948718,0.5040053404539386
,prior,eval_out,0.610176282051282,0.702323717948718,0.702323717948718,0.5121470781352594
,prior,eval_out,0.6201923076923077,0.702323717948718,0.702323717948718,0.5200258397932817
,prior,eval_out,0.6302083333333334,0.702323717948718,0.702323717948718,0.5276541640178004
,prior,eval_out,0.6402243589743589,0.702323717948718,0.702323717948718,0.5350438047559449
,prior,eval_out,0.6502403846153846,0.702323717948718,0.702323717948718,0.5422057917436846
,prior,eval_out,0.6602564102564102,0.7023237179487178,0.702323717948718,0.5491504854368932
,prior,eval_out,0.6700721153846154,0.702323717948718,0.702323717948718,0.5557548579970104
,prior,eval_out,0.6800881410256411,0.702323717948718,0.702323717948718,0.5622974963181149
,prior,eval_out,0.6901041666666666,0.702323717948718,0.702323717948718,0.5686502177068214
,prior,eval_out,0.7001201923076923,0.702323717948718,0.702323717948718,0.5748211731044349
,prior,eval_out,0.710136217948718,0.702323717948718,0.702323717948718,0.580818053596615
,prior,eval_out,0.7201522435897436,0.702323717948718,0.702323717948718,0.5866481223922114
,prior,eval_out,0.7301682692307693,0.702323717948718,0.702323717948718,0.592318244170096
,prior,eval_out,0.7401842948717948,0.702323717948718,0.702323717948718,0.5978349120433017
,prior,eval_out,0.7502003205128205,0.702323717948718,0.702323717948718,0.6032042723631509
,prior,eval_out,0.7602163461538461,0.702323717948718,0.702323717948718,0.6084321475625823
,prior,eval_out,0.7702323717948718,0.702323717948718,0.702323717948718,0.6135240572171652
,prior,eval_out,0.7800480769230769,0.702323717948718,0.702323717948718,0.618387262455059
,prior,eval_out,0.7900641025641025,0.702323717948718,0.702323717948718,0.6232251521298174
,prior,eval_out,0.8000801282051282,0.702323717948718,0.702323717948718,0.627941912869304
,prior,eval_out,0.8100961538461539,0.702323717948718,0.702323717948718,0.6325420375865479
,prior,eval_out,0.8201121794871795,0.702323717948718,0.702323717948718,0.6370297997068881
,prior,eval_out,0.8301282051282052,0.702323717948718,0.702323717948718,0.6414092664092664
,prior,eval_out,0.8401442307692307,0.702323717948718,0.702323717948718,0.6456843109203624
,prior,eval_out,0.8501602564102564,0.702323717948718,0.702323717948718,0.6498586239396795
,prior,eval_out,0.860176282051282,0.702323717948718,0.702323717948718,0.6539357242664182
,prior,eval_out,0.8701923076923077,0.702323717948718,0.702323717948718,0.6579189686924494
,prior,eval_out,0.8802083333333334,0.702323717948718,0.702323717948718,0.6618115612198452
,prior,eval_out,0.8900240384615384,0.702323717948718,0.702323717948718,0.6655413009228
,prior,eval_out,0.9000400641025641,0.702323717948718,0.702323717948718,0.6692632984642778
,prior,eval_out,0.9100560897435898,0.702323717948718,0.702323717948718,0.672903367818622
,prior,eval_out,0.9200721153846154,0.702323717948718,0.702323717948718,0.6764641846287829
,prior,eval_out,0.9300881410256411,0.702323717948718,0.702323717948718,0.6799483092827913
,prior,eval_out,0.9401041666666666,0.702323717948718,0.702323717948718,0.6833581930534839
,prior,eval_out,0.9501201923076923,0.702323717948718,0.702323717948718,0.6866961838498841
,prior,eval_out,0.960136217948718,0.702323717948718,0.702323717948718,0.6899645316085958
,prior,eval_out,0.9701522435897436,0.702323717948718,0.702323717948718,0.6931653933512286
,prior,eval_out,0.9801682692307693,0.702323717948718,0.702323717948718,0.6963008379317392
,prior,eval_out,0.9901842948717948,0.702323717948718,0.702323717948718,0.6993728504956505
,prior,eval_out,1.0,0.702323717948718,0.702323717948718,0.702323717948718
,logistic,eval_in,0.0002007226013649137,0.0,0.4313528703331995,0.0
,logistic,eval_in,0.010236852669610599,0.09803921568627451,0.4313528703331995,0.0
,logistic,eval_in,0.02027298273785628,0.10891089108910891,0.4313528703331995,0.0
,logistic,eval_in,0.030309112806101966,0.10596026490066225,0.4313528703331995,0.0
,logistic,eval_in,0.04034524287434765,0.13930348258706468,0.4313528703331995,0.0
,logistic,eval_in,0.05038137294259334,0.13545816733067728,0.4313528703331995,0.0
,logistic,eval_in,0.060216780409474105,0.14666666666666667,0.4313528703331995,0.0
,logistic,eval_in,0.0702529104777198,0.14857142857142858,0.4313528703331995,0.0
,logistic,eval_in,0.08028904054596547,0.15,0.4313528703331995,0.0
,logistic,eval_in,0.09032517061421116,0.1511111111111111,0.4313528703331995,0.0
,logistic,eval_in,0.10036130068245684,0.152,0.4313528703331995,0.0
,logistic,eval_in,0.11019670814933762,0.1493624772313297,0.4313528703331995,0.0
,logistic,eval_in,0.1202328382175833,0.15525876460767946,0.4313528703331995,0.0
,logistic,eval_in,0.13026896828582898,0.15716486902927582,0.4313528703331995,0.0
,logistic,eval_in,0.14030509835407468,0.15879828326180256,0.4313528703331995,0.0
,logistic,eval_in,0.15034122842232037,0.16955941255006676,0.4313528703331995,0.0
,logistic,eval_in,0.1601766358892011,0.17543859649122806,0.4313528703331995,0.0
,logistic,eval_in,0.1702127659574468,0.17806603773584906,0.4313528703331995,0.0
,logistic,eval_in,0.1802488960256925,0.18485523385300667,0.4313528703331995,0.0
,logistic,eval_in,0.1902850260939382,0.1930379746835443,0.4313528703331995,0.0
,logistic,eval_in,0.20032115616218385,0.1963927855711423,0.4313528703331995,0.0
,logistic,eval_in,0.21035728623042954,0.2013358778625954,0.4313528703331995,0.0
,logistic,eval_in,0.22019269369731032,0.2041932543299909,0.4313528703331995,0.0
,logistic,eval_in,0.230228823765556,0.2092414995640802,0.4313528703331995,0.0
,logistic,eval_in,0.2402649538338017,0.214703425229741,0.4313528703331995,0.0
,logistic,eval_in,0.25030108390204736,0.21892542101042503,0.4313528703331995,0.0
,logistic,eval_in,0.2603372139702931,0.2220508866615266,0.4313528703331995,0.0
,logistic,eval_in,0.2701726214371738,0.22659732540861813,0.4313528703331995,0.0
,logistic,eval_in,0.2802087515054195,0.22994269340974213,0.4313528703331995,0.0
,logistic,eval_in,0.2902448815736652,0.23443983402489627,0.4313528703331995,0.0
,logistic,eval_in,0.3002810116419109,0.23796791443850268,0.4313528703331995,0.0
,logistic,eval_in,0.31031714171015656,0.24708926261319533,0.4313528703331995,0.0
,logistic,eval_in,0.32015254917703734,0.2507836990595611,0.4313528703331995,0.0
,logistic,eval_in,0.330188679245283,0.251063829787234,0.4313528703331995,0.0
,logistic,eval_in,0.3402248093135287,0.25545722713864305,0.4313528703331995,0.0
,logistic,eval_in,0.3502609393817744,0.25902578796561604,0.4313528703331995,0.0
,logistic,eval_in,0.36029706945002005,0.26128133704735373,0.4313528703331995,0.0
,logistic,eval_in,0.3701324769169008,0.2635574837310195,0.4313528703331995,0.0
,logistic,eval_in,0.38016860698514654,0.2676874340021119,0.4313528703331995,0.0
,logistic,eval_in,0.3902047370533922,0.2726337448559671,0.4313528703331995,0.0
,logistic,eval_in,0.4002408671216379,0.2733199598796389,0.4313528703331995,0.0
,logistic,eval_in,0.4102769971898836,0.27837573385518594,0.4313528703331995,0.0
,logistic,eval_in,0.42031312725812925,0.279847182425979,0.4313528703331995,0.0
,logistic,eval_in,0.43014853472501,0.2841810545963602,0.4313528703331995,0.0
,logistic,eval_in,0.44018466479325574,0.28773369813041494,0.4313528703331995,0.0
,logistic,eval_in,0.4502207948615014,0.29023629068212214,0.4313528703331995,0.0
,logistic,eval_in,0.46025692492974707,0.29524640209332753,0.4313528703331995,0.0
,logistic,eval_in,0.4702930549979928,0.3004694835680751,0.4313528703331995,0.0
,logistic,eval_in,0.48012846246487356,0.30518394648829433,0.4313528703331995,0.0
,logistic,eval_in,0.4901645925331192,0.30753480753480755,0.4313528703331995,0.0
,logistic,eval_in,0.5002007226013649,0.3113964686998395,0.4313528703331995,0.0
,logistic,eval_in,0.5102368526696106,0.3131392604248623,0.4313528703331995,0.0
,logistic,eval_in,0.5202729827378563,0.31635802469135804,0.4313528703331995,0.0
,logistic,eval_in,0.5301083902047371,0.31843998485422187,0.4313528703331995,0.0
,logistic,eval_in,0.5401445202729828,0.32144184318097363,0.4313528703331995,0.0
,logistic,eval_in,0.5501806503412284,0.3243341846041591,0.4313528703331995,0.0
,logistic,eval_in,0.5602167804094741,0.32891436761017556,0.4313528703331995,0.0
,logistic,eval_in,0.5702529104777198,0.33051742344244983,0.4313528703331995,0.0028159098908834917
,logistic,eval_in,0.5800883179446006,0.3332179930795848,0.4313528703331995,0.01972318339100346
,logistic,eval_in,0.5901244480128462,0.3357142857142857,0.4313528703331995,0.03639455782312925
,logistic,eval_in,0.6001605780810919,0.33712374581939797,0.4313528703331995,0.05250836120401338
,logistic,eval_in,0.6101967081493376,0.33881578947368424,0.4313528703331995,0.0680921052631579
,logistic,eval_in,0.6202328382175833,0.34336569579288023,0.4313528703331995,0.0831715210355987
,logistic,eval_in,0.630268968285829,0.3452229299363057,0.4313528703331995,0.09777070063694268
,logistic,eval_in,0.6401043757527097,0.3465036061461273,0.4313528703331995,0.11163374098463469
,logistic,eval_in,0.6501405058209554,0.3507255325717814,0.4313528703331995,0.1253473294226613
,logistic,eval_in,0.6601766358892012,0.3532988750380055,0.4313528703331995,0.13864396473092125
,logistic,eval_in,0.6702127659574468,0.35699311171009285,0.4313528703331995,0.1515423779574723
,logistic,eval_in,0.6802488960256925,0.35998819710829155,0.4313528703331995,0.1640601947477132
,logistic,eval_in,0.6900843034925732,0.36300174520069806,0.4313528703331995,0.17597440372309484
,logistic,eval_in,0.700120433560819,0.3646788990825688,0.4313528703331995,0.1877866972477064
,logistic,eval_in,0.7101565636290647,0.36800452232899944,0.4313528703331995,0.19926512153759185
,logistic,eval_in,0.7201926936973103,0.3717948717948718,0.4313528703331995,0.21042363433667782
,logistic,eval_in,0.730228823765556,0.37520615722924683,0.4313528703331995,0.22127542605827377
,logistic,eval_in,0.7400642312324368,0.37835638730675347,0.4313528703331995,0.23162462706807702
,logistic,eval_in,0.7501003613006825,0.3797163500133797,0.4313528703331995,0.2419052716082419
,logistic,eval_in,0.7601364913689281,0.3802482175864801,0.4313528703331995,0.251914444151043
,logistic,eval_in,0.7701726214371738,0.382329945269742,0.4313528703331995,0.2616627573625228
,logistic,eval_in,0.7802087515054195,0.38307177772060713,0.4313528703331995,0.27116027784924107
,logistic,eval_in,0.7900441589723003,0.38490853658536583,0.4313528703331995,0.28023373983739835
,logistic,eval_in,0.800080289040546,0.38735574510787757,0.4313528703331995,0.2892624184646262
,logistic,eval_in,0.8101164191087916,0.3865213082259663,0.4313528703331995,0.2980673934588702
,logistic,eval_in,0.8201525491770373,0.3886441507586882,0.4313528703331995,0.3066568771414586
,logistic,eval_in,0.8301886792452831,0.39047388781431336,0.4313528703331995,0.3150386847195358
,logistic,eval_in,0.8402248093135287,0.3917821309125657,0.4313528703331995,0.3232202580028667
,logistic,eval_in,0.8500602167804094,0.39409681227863047,0.4313528703331995,0.33105076741440376
,logistic,eval_in,0.8600963468486552,0.39743290548424737,0.4313528703331995,0.33885647607934655
,logistic,eval_in,0.8701324769169009,0.4,0.4313528703331995,0.346482122260669
,logistic,eval_in,0.8801686069851465,0.40250855188141393,0.4313528703331995,0.35393386545039907
,logistic,eval_in,0.8902047370533922,0.4051860202931229,0.4313528703331995,0.361217587373168
,logistic,eval_in,0.900040144520273,0.4072256913470116,0.4313528703331995,0.3681980374665477
,logistic,eval_in,0.9100762745885187,0.4093515659461844,0.4313528703331995,0.3751654168504632
,logistic,eval_in,0.9201124046567644,0.41164921465968585,0.4313528703331995,0.3819808027923211
,logistic,eval_in,0.93014853472501,0.41432887354337505,0.4313528703331995,0.38864911523521795
,logistic,eval_in,0.9401846647932557,0.41631084543125535,0.4313528703331995,0.3951750640478224
,logistic,eval_in,0.9500200722601365,0.41855060215508133,0.4313528703331995,0.40143672089583776
,logistic,eval_in,0.9600562023283822,0.4217018607568472,0.4313528703331995,0.4076939159523312
,logistic,eval_in,0.9700923323966278,0.42416718394372027,0.4313528703331995,0.4138216428719222
,logistic,eval_in,0.9801284624648735,0.42576285070653286,0.4313528703331995,0.4198238787630555
,logistic,eval_in,0.9901645925331193,0.42793431988647884,0.4313528703331995,0.42570443948915465
,logistic,eval_in,1.0,0.4313528703331995,0.4313528703331995,0.4313528703331995
,logistic,eval_out,0.00020032051282051281,1.0,0.5629006410256411,0.0
,logistic,eval_out,0.010216346153846154,0.4117647058823529,0.5629006410256411,0.0
,logistic,eval_out,0.020232371794871796,0.32673267326732675,0.5629006410256411,0.0
,logistic,eval_out,0.030248397435897436,0.3708609271523179,0.5629006410256411,0.0
,logistic,eval_out,0.04026442307692308,0.3333333333333333,0.5629006410256411,0.0
,logistic,eval_out,0.05028044871794872,0.3665338645418327,0.5629006410256411,0.0
,logistic,eval_out,0.06029647435897436,0.3554817275747508,0.5629006410256411,0.0
,logistic,eval_out,0.0703125,0.36182336182336183,0.5629006410256411,0.0
,logistic,eval_out,0.08032852564102565,0.36658354114713215,0.5629006410256411,0.0
,logistic,eval_out,0.09034455128205128,0.37028824833702884,0.5629006410256411,0.0
,logistic,eval_out,0.10036057692307693,0.3712574850299401,0.5629006410256411,0.0
,logistic,eval_out,0.11037660256410256,0.3793103448275862,0.5629006410256411,0.0
,logistic,eval_out,0.1201923076923077,0.39166666666666666,0.5629006410256411,0.0
,logistic,eval_out,0.13020833333333334,0.38769230769230767,0.5629006410256411,0.0
,logistic,eval_out,0.14022435897435898,0.3942857142857143,0.5629006410256411,0.0
,logistic,eval_out,0.1502403846153846,0.408,0.5629006410256411,0.0
,logistic,eval_out,0.16025641025641027,0.40875,0.5629006410256411,0.0
,logistic,eval_out,0.1702724358974359,0.41411764705882353,0.5629006410256411,0.0
,logistic,eval_out,0.18028846153846154,0.41555555555555557,0.5629006410256411,0.0
,logistic,eval_out,0.19030448717948717,0.4147368421052632,0.5629006410256411,0.0
,logistic,eval_out,0.20032051282051283,0.415,0.5629006410256411,0.0
,logistic,eval_out,0.21033653846153846,0.42,0.5629006410256411,0.0
,logistic,eval_out,0.2203525641025641,0.42454545454545456,0.5629006410256411,0.0
,logistic,eval_out,0.23016826923076922,0.4247171453437772,0.5629006410256411,0.0
,logistic,eval_out,0.24018429487179488,0.4278565471226022,0.5629006410256411,0.0
,logistic,eval_out,0.25020032051282054,0.4291433146517214,0.5629006410256411,0.0
,logistic,eval_out,0.26021634615384615,0.4372594303310239,0.5629006410256411,0.0
,logistic,eval_out,0.2702323717948718,0.4395848776871757,0.5629006410256411,0.0
,logistic,eval_out,0.2802483974358974,0.4403145103645461,0.5629006410256411,0.0
,logistic,eval_out,0.2902644230769231,0.4437543133195307,0.5629006410256411,0.0
,logistic,eval_out,0.30028044871794873,0.44496330887258173,0.5629006410256411,0.0
,logistic,eval_out,0.31029647435897434,0.447385409941898,0.5629006410256411,0.0
,logistic,eval_out,0.3203125,0.4509068167604753,0.5629006410256411,0.0
,logistic,eval_out,0.33032852564102566,0.45057610673135234,0.5629006410256411,0.0
,logistic,eval_out,0.3401442307692308,0.4552414605418139,0.5629006410256411,0.0
,logistic,eval_out,0.3501602564102564,0.4548054919908467,0.5629006410256411,0.0
,logistic,eval_out,0.36017628205128205,0.45773081201334814,0.5629006410256411,0.0
,logistic,eval_out,0.3701923076923077,0.4583333333333333,0.5629006410256411,0.0
,logistic,eval_out,0.3802083333333333,0.4636459430979979,0.5629006410256411,0.0
,logistic,eval_out,0.390224358974359,0.46611909650924027,0.5629006410256411,0.0
,logistic,eval_out,0.40024038461538464,0.46996996996997,0.5629006410256411,0.0
,logistic,eval_out,0.41025641025641024,0.4716796875,0.5629006410256411,0.0
,logistic,eval_out,0.4202724358974359,0.4752144899904671,0.5629006410256411,0.0
,logistic,eval_out,0.43028846153846156,0.4767225325884544,0.5629006410256411,0.0
,logistic,eval_out,0.44030448717948717,0.48043676069153773,0.5629006410256411,0.007279344858962694
,logistic,eval_out,0.4501201923076923,0.48242100578549174,0.5629006410256411,0.02892745883400089
,logistic,eval_out,0.46013621794871795,0.4845450587723117,0.5629006410256411,0.0500653025685677
,logistic,eval_out,0.4701522435897436,0.48615253515125695,0.5629006410256411,0.07030251384746485
,logistic,eval_out,0.4801682692307692,0.49019607843137253,0.5629006410256411,0.08969545264914476
,logistic,eval_out,0.4901842948717949,0.4928483857785043,0.5629006410256411,0.10829587249693502
,logistic,eval_out,0.5002003205128205,0.4933920704845815,0.5629006410256411,0.1261513816579896
,logistic,eval_out,0.5102163461538461,0.49469964664310956,0.5629006410256411,0.14330585001963095
,logistic,eval_out,0.5202323717948718,0.4978821717366192,0.5629006410256411,0.15979976896418946
,logistic,eval_out,0.5302483974358975,0.49867774839440876,0.5629006410256411,0.17567057045712126
,logistic,eval_out,0.5402644230769231,0.4987022617723396,0.5629006410256411,0.19095291064145348
,logistic,eval_out,0.5502804487179487,0.4998179832544594,0.5629006410256411,0.2056789224608664
,logistic,eval_out,0.5600961538461539,0.5014306151645207,0.5629006410256411,0.21959942775393418
,logistic,eval_out,0.5701121794871795,0.5028109627547435,0.5629006410256411,0.23330990864371048
,logistic,eval_out,0.5801282051282052,0.5031077348066298,0.5629006410256411,0.24654696132596685
,logistic,eval_out,0.5901442307692307,0.5030549898167006,0.5629006410256411,0.2593346911065852
,logistic,eval_out,0.6001602564102564,0.5056742323097463,0.5629006410256411,0.27169559412550065
,logistic,eval_out,0.610176282051282,0.5082074852265266,0.5629006410256411,0.28365068942875904
,logistic,eval_out,0.6201923076923077,0.5109819121447028,0.5629006410256411,0.29521963824289404
,logistic,eval_out,0.6302083333333334,0.5130324221233312,0.5629006410256411,0.3064208518753973
,logistic,eval_out,0.6402243589743589,0.5156445556946183,0.5629006410256411,0.3172715894868586
,logistic,eval_out,0.6502403846153846,0.5157116451016636,0.5629006410256411,0.32778804682686385
,logistic,eval_out,0.6602564102564102,0.5166868932038835,0.5629006410256411,0.33798543689320387
,logistic,eval_out,0.6700721153846154,0.5195814648729447,0.5629006410256411,0.3476831091180867
,logistic,eval_out,0.6800881410256411,0.5204712812960236,0.5629006410256411,0.3572901325478645
,logistic,eval_out,0.6901041666666666,0.5239477503628447,0.5629006410256411,0.36661828737300434
,logistic,eval_out,0.7001201923076923,0.5256080114449213,0.5629006410256411,0.37567954220314737
,logistic,eval_out,0.710136217948718,0.5283497884344147,0.5629006410256411,0.3844851904090268
,logistic,eval_out,0.7201522435897436,0.5301808066759388,0.5629006410256411,0.3930458970792768
,logistic,eval_out,0.7301682692307693,0.5300411522633744,0.5629006410256411,0.40137174211248283
,logistic,eval_out,0.7401842948717948,0.5320703653585926,0.5629006410256411,0.4094722598105548
,logistic,eval_out,0.7502003205128205,0.5335113484646195,0.5629006410256411,0.41735647530040054
,logistic,eval_out,0.7602163461538461,0.5351778656126482,0.5629006410256411,0.42503293807641634
,logistic,eval_out,0.7702323717948718,0.5365409622886866,0.5629006410256411,0.4325097529258778
,logistic,eval_out,0.7800480769230769,0.5385208012326657,0.5629006410256411,0.4396507447354905
,logistic,eval_out,0.7900641025641025,0.5385395537525355,0.5629006410256411,0.44675456389452334
,logistic,eval_out,0.8000801282051282,0.5405608412618929,0.5629006410256411,0.45368052078117177
,logistic,eval_out,0.8100961538461539,0.5408011869436202,0.5629006410256411,0.46043521266073195
,logistic,eval_out,0.8201121794871795,0.5427454811919883,0.5629006410256411,0.4670249145090376
,logistic,eval_out,0.8301282051282052,0.5441602316602316,0.5629006410256411,0.4734555984555985
,logistic,eval_out,0.8401442307692307,0.5450643776824035,0.5629006410256411,0.4797329518359561
,logistic,eval_out,0.8501602564102564,0.5454759660697456,0.5629006410256411,0.4858623939679548
,logistic,eval_out,0.860176282051282,0.5456450861667443,0.5629006410256411,0.4918490917559385
,logistic,eval_out,0.8701923076923077,0.546731123388582,0.5629006410256411,0.4976979742173112
,logistic,eval_out,0.8802083333333334,0.5468821119708693,0.5629006410256411,0.5034137460172963
,logistic,eval_out,0.8900240384615384,0.5478280441143372,0.5629006410256411,0.5088903893765474
,logistic,eval_out,0.9000400641025641,0.5495214778544403,0.5629006410256411,0.5143556643667928
,logistic,eval_out,0.9100560897435898,0.5507373981950253,0.5629006410256411,0.5197006383447061
,logistic,eval_out,0.9200721153846154,0.5523622904419769,0.5629006410256411,0.5249292401480514
,logistic,eval_out,0.9300881410256411,0.5558905879819083,0.5629006410256411,0.5300452293775576
,logistic,eval_out,0.9401041666666666,0.5559343703388024,0.5629006410256411,0.5350522054123162
,logistic,eval_out,0.9501201923076923,0.556820577693443,0.5629006410256411,0.5399536158549442
,logistic,eval_out,0.960136217948718,0.5585228458168162,0.5629006410256411,0.5447527644481536
,logistic,eval_out,0.9701522435897436,0.5595705141441255,0.5629006410256411,0.5494528185009292
,logistic,eval_out,0.9801682692307693,0.5605967708972001,0.5629006410256411,0.5540568158593909
,logistic,eval_out,0.9901842948717948,0.561197653247016,0.5629006410256411,0.5585676714545822
,logistic,eval_out,1.0,0.5629006410256411,0.5629006410256411,0.5629006410256411
,hist_boost,eval_in,0.0002007226013649137,0.7581699346405228,0.446407065435568,0.0
,hist_boost,eval_in,0.010236852669610599,0.7581699346405228,0.446407065435568,0.0
,hist_boost,eval_in,0.02027298273785628,0.7581699346405228,0.446407065435568,0.0
,hist_boost,eval_in,0.030309112806101966,0.758169934640523,0.446407065435568,0.0
,hist_boost,eval_in,0.04034524287434765,0.7014925373134329,0.446407065435568,0.0
,hist_boost,eval_in,0.05038137294259334,0.6693227091633466,0.446407065435568,0.0
,hist_boost,eval_in,0.060216780409474105,0.6733333333333333,0.446407065435568,0.0
,hist_boost,eval_in,0.0702529104777198,0.6571428571428571,0.446407065435568,0.0
,hist_boost,eval_in,0.08028904054596547,0.6325,0.446407065435568,0.0
,hist_boost,eval_in,0.09032517061421116,0.5977777777777777,0.446407065435568,0.0
,hist_boost,eval_in,0.10036130068245684,0.558,0.446407065435568,0.0
,hist_boost,eval_in,0.11019670814933762,0.5264116575591985,0.446407065435568,0.0
,hist_boost,eval_in,0.1202328382175833,0.4941569282136895,0.446407065435568,0.0
,hist_boost,eval_in,0.13026896828582898,0.46687211093990755,0.446407065435568,0.0
,hist_boost,eval_in,0.14030509835407468,0.44778254649499283,0.446407065435568,0.0
,hist_boost,eval_in,0.15034122842232037,0.4259012016021362,0.446407065435568,0.0
,hist_boost,eval_in,0.1601766358892011,0.41228070175438597,0.446407065435568,0.0
,hist_boost,eval_in,0.1702127659574468,0.39976415094339623,0.446407065435568,0.0
,hist_boost,eval_in,0.1802488960256925,0.388641425389755,0.446407065435568,0.0
,hist_boost,eval_in,0.1902850260939382,0.3829113924050633,0.446407065435568,0.0
,hist_boost,eval_in,0.20032115616218385,0.37975951903807614,0.446407065435568,0.0
,hist_boost,eval_in,0.21035728623042954,0.37213740458015265,0.446407065435568,0.0
,hist_boost,eval_in,0.22019269369731032,0.3664539653600729,0.446407065435568,0.0
,hist_boost,eval_in,0.230228823765556,0.3644289450741064,0.446407065435568,0.0
,hist_boost,eval_in,0.2402649538338017,0.36006683375104426,0.446407065435568,0.0
,hist_boost,eval_in,0.25030108390204736,0.35605453087409783,0.446407065435568,0.0
,hist_boost,eval_in,0.2603372139702931,0.3562066306861989,0.446407065435568,0.0
,hist_boost,eval_in,0.2701726214371738,0.35438335809806837,0.446407065435568,0.0
,hist_boost,eval_in,0.2802087515054195,0.3524355300859599,0.446407065435568,0.0
,hist_boost,eval_in,0.2902448815736652,0.35131396957123096,0.446407065435568,0.0
,hist_boost,eval_in,0.3002810116419109,0.3482620320855615,0.446407065435568,0.0
,hist_boost,eval_in,0.31031714171015656,0.3460543337645537,0.446407065435568,0.0
,hist_boost,eval_in,0.32015254917703734,0.34357366771159875,0.446407065435568,0.0
,hist_boost,eval_in,0.330188679245283,0.3434650455927052,0.446407065435568,0.0
,hist_boost,eval_in,0.3402248093135287,0.343952802359882,0.446407065435568,0.0
,hist_boost,eval_in,0.3502609393817744,0.34441260744985674,0.446407065435568,0.0
,hist_boost,eval_in,0.36029706945002005,0.34651810584958215,0.446407065435568,0.0
,hist_boost,eval_in,0.3701324769169008,0.34598698481561824,0.446407065435568,0.0
,hist_boost,eval_in,0.38016860698514654,0.3447729672650475,0.446407065435568,0.0
,hist_boost,eval_in,0.3902047370533922,0.34670781893004116,0.446407065435568,0.0
,hist_boost,eval_in,0.4002408671216379,0.34704112337011034,0.446407065435568,0.0
,hist_boost,eval_in,0.4102769971898836,0.3458904109589041,0.446407065435568,0.0
,hist_boost,eval_in,0.42031312725812925,0.34622731614135627,0.446407065435568,0.0
,hist_boost,eval_in,0.43014853472501,0.34811012599160057,0.446407065435568,0.0
,hist_boost,eval_in,0.44018466479325574,0.3511171910624715,0.446407065435568,0.0
,hist_boost,eval_in,0.4502207948615014,0.352652697280428,0.446407065435568,0.0
,hist_boost,eval_in,0.46025692492974707,0.35412123855211514,0.446407065435568,0.0
,hist_boost,eval_in,0.4702930549979928,0.353393085787452,0.446407065435568,0.0
,hist_boost,eval_in,0.48012846246487356,0.3532608695652174,0.446407065435568,0.0
,hist_boost,eval_in,0.4901645925331192,0.35503685503685506,0.446407065435568,0.0
,hist_boost,eval_in,0.5002007226013649,0.3563402889245586,0.446407065435568,0.0
,hist_boost,eval_in,0.5102368526696106,0.35680566483084186,0.446407065435568,0.0
,hist_boost,eval_in,0.5202729827378563,0.3568672839506173,0.446407065435568,0.0
,hist_boost,eval_in,0.5301083902047371,0.35857629685725106,0.446407065435568,0.0
,hist_boost,eval_in,0.5401445202729828,0.3626904496469714,0.446407065435568,0.0
,hist_boost,eval_in,0.5501806503412284,0.36519518423932873,0.446407065435568,0.0
,hist_boost,eval_in,0.5602167804094741,0.3683267646005016,0.446407065435568,0.011823719097097814
,hist_boost,eval_in,0.5702529104777198,0.36888419570573744,0.446407065435568,0.029215065117916227
,hist_boost,eval_in,0.5800883179446006,0.37093425605536334,0.446407065435568,0.045674740484429065
,hist_boost,eval_in,0.5901244480128462,0.37108843537414965,0.446407065435568,0.06190476190476191
,hist_boost,eval_in,0.6001605780810919,0.3739130434782609,0.446407065435568,0.07759197324414716
,hist_boost,eval_in,0.6101967081493376,0.37763157894736843,0.446407065435568,0.09276315789473684
,hist_boost,eval_in,0.6202328382175833,0.3789644012944984,0.446407065435568,0.10744336569579288
,hist_boost,eval_in,0.630268968285829,0.3802547770700637,0.446407065435568,0.12165605095541401
,hist_boost,eval_in,0.6401043757527097,0.3819379115710254,0.446407065435568,0.13515208529319536
,hist_boost,eval_in,0.6501405058209554,0.38283420808891633,0.446407065435568,0.14850262426674898
,hist_boost,eval_in,0.6601766358892012,0.3849194283976893,0.446407065435568,0.16144724840377014
,hist_boost,eval_in,0.6702127659574468,0.3857442348008386,0.446407065435568,0.1740041928721174
,hist_boost,eval_in,0.6802488960256925,0.38742992033048096,0.446407065435568,0.18619061670109177
,hist_boost,eval_in,0.6900843034925732,0.38947062245491565,0.446407065435568,0.1977894124490983
,hist_boost,eval_in,0.700120433560819,0.39105504587155965,0.446407065435568,0.20928899082568808
,hist_boost,eval_in,0.7101565636290647,0.39259468626342564,0.446407065435568,0.22046353872244207
,hist_boost,eval_in,0.7201926936973103,0.39548494983277593,0.446407065435568,0.23132664437012262
,hist_boost,eval_in,0.730228823765556,0.3960967564595932,0.446407065435568,0.24189114898295766
,hist_boost,eval_in,0.7400642312324368,0.39815568212639,0.446407065435568,0.2519663683211283
,hist_boost,eval_in,0.7501003613006825,0.40058870751940057,0.446407065435568,0.261974846133262
,hist_boost,eval_in,0.7601364913689281,0.40163717982571956,0.446407065435568,0.27171903881700554
,hist_boost,eval_in,0.7701726214371738,0.40265832681782643,0.446407065435568,0.28120927808183477
,hist_boost,eval_in,0.7802087515054195,0.4036532029843067,0.446407065435568,0.29045536403395933
,hist_boost,eval_in,0.7900441589723003,0.40447154471544716,0.446407065435568,0.2992886178861789
,hist_boost,eval_in,0.800080289040546,0.40566984445559456,0.446407065435568,0.308078273958856
,hist_boost,eval_in,0.8101164191087916,0.40708622398414274,0.446407065435568,0.3166501486620416
,hist_boost,eval_in,0.8201525491770373,0.40944689182574645,0.446407065435568,0.32501223690651004
,hist_boost,eval_in,0.8301886792452831,0.4122340425531915,0.446407065435568,0.33317214700193426
,hist_boost,eval_in,0.8402248093135287,0.4135212613473483,0.446407065435568,0.3411371237458194
,hist_boost,eval_in,0.8500602167804094,0.4158205430932704,0.446407065435568,0.3487603305785124
,hist_boost,eval_in,0.8600963468486552,0.41843640606767796,0.446407065435568,0.3563593932322054
,hist_boost,eval_in,0.8701324769169009,0.4196078431372549,0.446407065435568,0.3637831603229527
,hist_boost,eval_in,0.8801686069851465,0.42280501710376284,0.446407065435568,0.37103762827822123
,hist_boost,eval_in,0.8902047370533922,0.42367531003382186,0.446407065435568,0.37812852311161216
,hist_boost,eval_in,0.900040144520273,0.4255129348795718,0.446407065435568,0.3849241748438894
,hist_boost,eval_in,0.9100762745885187,0.42809880899867664,0.446407065435568,0.3917071018967799
,hist_boost,eval_in,0.9201124046567644,0.431282722513089,0.446407065435568,0.39834205933682376
,hist_boost,eval_in,0.93014853472501,0.43375053949072073,0.446407065435568,0.40483383685800606
,hist_boost,eval_in,0.9401846647932557,0.4365926558497011,0.446407065435568,0.4111870196413322
,hist_boost,eval_in,0.9500200722601365,0.43756602577646314,0.446407065435568,0.41728290724698924
,hist_boost,eval_in,0.9600562023283822,0.4390549864102028,0.446407065435568,0.423374451181267
,hist_boost,eval_in,0.9700923323966278,0.4411338713014691,0.446407065435568,0.42933995447961926
,hist_boost,eval_in,0.9801284624648735,0.4423510137210731,0.446407065435568,0.4351832889617039
,hist_boost,eval_in,0.9901645925331193,0.4439489154672613,0.446407065435568,0.4409081694709102
,hist_boost,eval_in,1.0,0.446407065435568,0.446407065435568,0.446407065435568
,hist_boost,eval_out,0.00020032051282051281,0.7678571428571429,0.5635016025641025,0.0
,hist_boost,eval_out,0.010216346153846154,0.7678571428571428,0.5635016025641025,0.0
,hist_boost,eval_out,0.020232371794871796,0.7678571428571429,0.5635016025641025,0.0
,hist_boost,eval_out,0.030248397435897436,0.7678571428571428,0.5635016025641025,0.0
,hist_boost,eval_out,0.04026442307692308,0.753731343283582,0.5635016025641025,0.0
,hist_boost,eval_out,0.05028044871794872,0.7330677290836654,0.5635016025641025,0.0
,hist_boost,eval_out,0.06029647435897436,0.7209302325581395,0.5635016025641025,0.0
,hist_boost,eval_out,0.0703125,0.717948717948718,0.5635016025641025,0.0
,hist_boost,eval_out,0.08032852564102565,0.7057356608478803,0.5635016025641025,0.0
,hist_boost,eval_out,0.09034455128205128,0.6718403547671841,0.5635016025641025,0.0
,hist_boost,eval_out,0.10036057692307693,0.6447105788423154,0.5635016025641025,0.0
,hist_boost,eval_out,0.11037660256410256,0.6225045372050817,0.5635016025641025,0.0
,hist_boost,eval_out,0.1201923076923077,0.6033333333333334,0.5635016025641025,0.0
,hist_boost,eval_out,0.13020833333333334,0.58,0.5635016025641025,0.0
,hist_boost,eval_out,0.14022435897435898,0.56,0.5635016025641025,0.0
,hist_boost,eval_out,0.1502403846153846,0.5533333333333333,0.5635016025641025,0.0
,hist_boost,eval_out,0.16025641025641027,0.53625,0.5635016025641025,0.0
,hist_boost,eval_out,0.1702724358974359,0.5329411764705883,0.5635016025641025,0.0
,hist_boost,eval_out,0.18028846153846154,0.5277777777777778,0.5635016025641025,0.0
,hist_boost,eval_out,0.19030448717948717,0.5210526315789473,0.5635016025641025,0.0
,hist_boost,eval_out,0.20032051282051283,0.516,0.5635016025641025,0.0
,hist_boost,eval_out,0.21033653846153846,0.5114285714285715,0.5635016025641025,0.0
,hist_boost,eval_out,0.2203525641025641,0.5081818181818182,0.5635016025641025,0.0
,hist_boost,eval_out,0.23016826923076922,0.5091383812010444,0.5635016025641025,0.0
,hist_boost,eval_out,0.24018429487179488,0.5054211843202668,0.5635016025641025,0.0
,hist_boost,eval_out,0.25020032051282054,0.5028022417934348,0.5635016025641025,0.0
,hist_boost,eval_out,0.26021634615384615,0.4980754426481909,0.5635016025641025,0.0
,hist_boost,eval_out,0.2702323717948718,0.49592290585618976,0.5635016025641025,0.0
,hist_boost,eval_out,0.2802483974358974,0.49320943531093636,0.5635016025641025,0.0
,hist_boost,eval_out,0.2902644230769231,0.4927536231884058,0.5635016025641025,0.0
,hist_boost,eval_out,0.30028044871794873,0.4969979986657772,0.5635016025641025,0.0
,hist_boost,eval_out,0.31029647435897434,0.4983860555196901,0.5635016025641025,0.0
,hist_boost,eval_out,0.3203125,0.4978111319574734,0.5635016025641025,0.0
,hist_boost,eval_out,0.33032852564102566,0.4948453608247423,0.5635016025641025,0.0
,hist_boost,eval_out,0.3401442307692308,0.49705535924617195,0.5635016025641025,0.0
,hist_boost,eval_out,0.3501602564102564,0.4954233409610984,0.5635016025641025,0.0
,hist_boost,eval_out,0.36017628205128205,0.4944382647385984,0.5635016025641025,0.0
,hist_boost,eval_out,0.3701923076923077,0.4962121212121212,0.5635016025641025,0.0
,hist_boost,eval_out,0.3802083333333333,0.49736564805057953,0.5635016025641025,0.0
,hist_boost,eval_out,0.390224358974359,0.4989733059548255,0.5635016025641025,0.0
,hist_boost,eval_out,0.40024038461538464,0.5,0.5635016025641025,0.0
,hist_boost,eval_out,0.41025641025641024,0.501953125,0.5635016025641025,0.0
,hist_boost,eval_out,0.4202724358974359,0.5023832221163013,0.5635016025641025,0.0
,hist_boost,eval_out,0.43028846153846156,0.5065176908752328,0.5635016025641025,0.0
,hist_boost,eval_out,0.44030448717948717,0.5059144676979072,0.5635016025641025,0.008644222020018199
,hist_boost,eval_out,0.4501201923076923,0.5060080106809078,0.5635016025641025,0.030262572318647086
,hist_boost,eval_out,0.46013621794871795,0.5041358293426208,0.5635016025641025,0.051371353939921635
,hist_boost,eval_out,0.4701522435897436,0.5048998721772475,0.5635016025641025,0.07158074137196421
,hist_boost,eval_out,0.4801682692307692,0.5073007926574885,0.5635016025641025,0.09094701710471423
,hist_boost,eval_out,0.4901842948717949,0.5079689415610952,0.5635016025641025,0.10952186350633429
,hist_boost,eval_out,0.5002003205128205,0.5086103323988787,0.5635016025641025,0.12735282338806567
,hist_boost,eval_out,0.5102163461538461,0.5107970160973695,0.5635016025641025,0.14448370632116214
,hist_boost,eval_out,0.5202323717948718,0.5109742010011552,0.5635016025641025,0.16095494801694263
,hist_boost,eval_out,0.5302483974358975,0.5156781261805818,0.5635016025641025,0.17680392897619948
,hist_boost,eval_out,0.5402644230769231,0.5168705969595847,0.5635016025641025,0.19206525769373378
,hist_boost,eval_out,0.5502804487179487,0.5161994903531125,0.5635016025641025,0.20677102293410993
,hist_boost,eval_out,0.5600961538461539,0.5175250357653791,0.5635016025641025,0.22067238912732476
,hist_boost,eval_out,0.5701121794871795,0.5189739985945186,0.5635016025641025,0.23436401967673928
,hist_boost,eval_out,0.5801282051282052,0.5220994475138122,0.5635016025641025,0.2475828729281768
,hist_boost,eval_out,0.5901442307692307,0.5234215885947047,0.5635016025641025,0.2603530210454854
,hist_boost,eval_out,0.6001602564102564,0.5220293724966623,0.5635016025641025,0.2726969292389853
,hist_boost,eval_out,0.610176282051282,0.5233092580433355,0.5635016025641025,0.2846355876559422
,hist_boost,eval_out,0.6201923076923077,0.5251937984496124,0.5635016025641025,0.29618863049095606
,hist_boost,eval_out,0.6302083333333334,0.5273363000635728,0.5635016025641025,0.3073744437380801
,hist_boost,eval_out,0.6402243589743589,0.5262828535669587,0.5635016025641025,0.31821026282853565
,hist_boost,eval_out,0.6502403846153846,0.5261860751694393,0.5635016025641025,0.3287122612446087
,hist_boost,eval_out,0.6602564102564102,0.5276092233009708,0.5635016025641025,0.33889563106796117
,hist_boost,eval_out,0.6700721153846154,0.5321375186846039,0.5635016025641025,0.34857997010463376
,hist_boost,eval_out,0.6800881410256411,0.5319587628865979,0.5635016025641025,0.3581737849779087
,hist_boost,eval_out,0.6901041666666666,0.5329462989840348,0.5635016025641025,0.367489114658926
,hist_boost,eval_out,0.7001201923076923,0.5321888412017167,0.5635016025641025,0.3765379113018598
,hist_boost,eval_out,0.710136217948718,0.5317348377997179,0.5635016025641025,0.38533145275035263
,hist_boost,eval_out,0.7201522435897436,0.5337969401947149,0.5635016025641025,0.39388038942976356
,hist_boost,eval_out,0.7301682692307693,0.5344307270233196,0.5635016025641025,0.40219478737997255
,hist_boost,eval_out,0.7401842948717948,0.5345060893098782,0.5635016025641025,0.41028416779431665
,hist_boost,eval_out,0.7502003205128205,0.5351134846461949,0.5635016025641025,0.41815754339118827
,hist_boost,eval_out,0.7602163461538461,0.5375494071146245,0.5635016025641025,0.42582345191040843
,hist_boost,eval_out,0.7702323717948718,0.5399219765929779,0.5635016025641025,0.43328998699609883
,hist_boost,eval_out,0.7800480769230769,0.5410888546481767,0.5635016025641025,0.4404211607601438
,hist_boost,eval_out,0.7900641025641025,0.5425963488843814,0.5635016025641025,0.4475152129817444
,hist_boost,eval_out,0.8000801282051282,0.542563845768653,0.5635016025641025,0.4544316474712068
,hist_boost,eval_out,0.8100961538461539,0.5435212660731948,0.5635016025641025,0.4611770524233432
,hist_boost,eval_out,0.8201121794871795,0.5449438202247191,0.5635016025641025,0.46775769418661456
,hist_boost,eval_out,0.8301282051282052,0.5463320463320464,0.5635016025641025,0.47417953667953666
,hist_boost,eval_out,0.8401442307692307,0.5450643776824035,0.5635016025641025,0.4804482594182165
,hist_boost,eval_out,0.8501602564102564,0.5457115928369463,0.5635016025641025,0.48656927426955704
,hist_boost,eval_out,0.860176282051282,0.5470423847228691,0.5635016025641025,0.49254774103400095
,hist_boost,eval_out,0.8701923076923077,0.5483425414364641,0.5635016025641025,0.4983885819521179
,hist_boost,eval_out,0.8802083333333334,0.5484751934456077,0.5635016025641025,0.5040964952207556
,hist_boost,eval_out,0.8900240384615384,0.5476029709655638,0.5635016025641025,0.5095656088228674
,hist_boost,eval_out,0.9000400641025641,0.5479634987758736,0.5635016025641025,0.5150233696861785
,hist_boost,eval_out,0.9100560897435898,0.5500770416024653,0.5635016025641025,0.5203609949372662
,hist_boost,eval_out,0.9200721153846154,0.5508382320923144,0.5635016025641025,0.5255824080121925
,hist_boost,eval_out,0.9300881410256411,0.5517984062028861,0.5635016025641025,0.5306913633426664
,hist_boost,eval_out,0.9401041666666666,0.5538035371830385,0.5635016025641025,0.5356914553590454
,hist_boost,eval_out,0.9501201923076923,0.5553447185325743,0.5635016025641025,0.5405861269238879
,hist_boost,eval_out,0.960136217948718,0.5576882954308366,0.5635016025641025,0.5453786772376382
,hist_boost,eval_out,0.9701522435897436,0.5591575469750155,0.5635016025641025,0.5500722692545943
,hist_boost,eval_out,0.9801682692307693,0.5608011444921316,0.5635016025641025,0.5546699366441856
,hist_boost,eval_out,0.9901842948717948,0.5626137972890957,0.5635016025641025,0.5591745903297592
,hist_boost,eval_out,1.0,0.5635016025641025,0.5635016025641025,0.5635016025641025
0,mlp,eval_in,0.0002007226013649137,0.0,0.4397832195905259,0.0
0,mlp,eval_in,0.010236852669610599,0.0784313725490196,0.4397832195905259,0.0
0,mlp,eval_in,0.02027298273785628,0.07920792079207921,0.4397832195905259,0.0
0,mlp,eval_in,0.030309112806101966,0.0728476821192053,0.4397832195905259,0.0
0,mlp,eval_in,0.04034524287434765,0.08955223880597014,0.4397832195905259,0.0
0,mlp,eval_in,0.05038137294259334,0.099601593625498,0.4397832195905259,0.0
0,mlp,eval_in,0.060216780409474105,0.11,0.4397832195905259,0.0
0,mlp,eval_in,0.0702529104777198,0.11714285714285715,0.4397832195905259,0.0
0,mlp,eval_in,0.08028904054596547,0.11,0.4397832195905259,0.0
0,mlp,eval_in,0.09032517061421116,0.11777777777777777,0.4397832195905259,0.0
0,mlp,eval_in,0.10036130068245684,0.122,0.4397832195905259,0.0
0,mlp,eval_in,0.11019670814933762,0.13114754098360656,0.4397832195905259,0.0
0,mlp,eval_in,0.1202328382175833,0.1419031719532554,0.4397832195905259,0.0
0,mlp,eval_in,0.13026896828582898,0.14329738058551617,0.4397832195905259,0.0
0,mlp,eval_in,0.14030509835407468,0.15736766809728184,0.4397832195905259,0.0
0,mlp,eval_in,0.15034122842232037,0.1602136181575434,0.4397832195905259,0.0
0,mlp,eval_in,0.1601766358892011,0.16917293233082706,0.4397832195905259,0.0
0,mlp,eval_in,0.1702127659574468,0.1721698113207547,0.4397832195905259,0.0
0,mlp,eval_in,0.1802488960256925,0.1759465478841871,0.4397832195905259,0.0
0,mlp,eval_in,0.1902850260939382,0.18459915611814345,0.4397832195905259,0.0
0,mlp,eval_in,0.20032115616218385,0.18937875751503006,0.4397832195905259,0.0
0,mlp,eval_in,0.21035728623042954,0.1946564885496183,0.4397832195905259,0.0
0,mlp,eval_in,0.22019269369731032,0.195077484047402,0.4397832195905259,0.0
0,mlp,eval_in,0.230228823765556,0.1987794245858762,0.4397832195905259,0.0
0,mlp,eval_in,0.2402649538338017,0.2046783625730994,0.4397832195905259,0.0
0,mlp,eval_in,0.25030108390204736,0.20930232558139536,0.4397832195905259,0.0
0,mlp,eval_in,0.2603372139702931,0.212798766383963,0.4397832195905259,0.0
0,mlp,eval_in,0.2701726214371738,0.2161961367013373,0.4397832195905259,0.0
0,mlp,eval_in,0.2802087515054195,0.22421203438395415,0.4397832195905259,0.0
0,mlp,eval_in,0.2902448815736652,0.22959889349930843,0.4397832195905259,0.0
0,mlp,eval_in,0.3002810116419109,0.232620320855615,0.4397832195905259,0.0
0,mlp,eval_in,0.31031714171015656,0.23997412677878396,0.4397832195905259,0.0
0,mlp,eval_in,0.32015254917703734,0.24200626959247648,0.4397832195905259,0.0
0,mlp,eval_in,0.330188679245283,0.2480243161094225,0.4397832195905259,0.0
0,mlp,eval_in,0.3402248093135287,0.24837758112094396,0.4397832195905259,0.0
0,mlp,eval_in,0.3502609393817744,0.2544412607449857,0.4397832195905259,0.0
0,mlp,eval_in,0.36029706945002005,0.2573816155988858,0.4397832195905259,0.0
0,mlp,eval_in,0.3701324769169008,0.2586767895878525,0.4397832195905259,0.0
0,mlp,eval_in,0.38016860698514654,0.264519535374868,0.4397832195905259,0.0
0,mlp,eval_in,0.3902047370533922,0.2664609053497942,0.4397832195905259,0.0
0,mlp,eval_in,0.4002408671216379,0.2708124373119358,0.4397832195905259,0.0
0,mlp,eval_in,0.4102769971898836,0.27152641878669276,0.4397832195905259,0.0
0,mlp,eval_in,0.42031312725812925,0.276981852913085,0.4397832195905259,0.0
0,mlp,eval_in,0.43014853472501,0.2809146056929538,0.4397832195905259,0.0
0,mlp,eval_in,0.44018466479325574,0.2818057455540356,0.4397832195905259,0.0
0,mlp,eval_in,0.4502207948615014,0.2831029870708872,0.4397832195905259,0.0
0,mlp,eval_in,0.46025692492974707,0.2869603139991278,0.4397832195905259,0.0
0,mlp,eval_in,0.4702930549979928,0.2897994024754588,0.4397832195905259,0.0
0,mlp,eval_in,0.48012846246487356,0.2930602006688963,0.4397832195905259,0.0
0,mlp,eval_in,0.4901645925331192,0.2968877968877969,0.4397832195905259,0.0
0,mlp,eval_in,0.5002007226013649,0.2985553772070626,0.4397832195905259,0.0
0,mlp,eval_in,0.5102368526696106,0.3017309205350118,0.4397832195905259,0.0
0,mlp,eval_in,0.5202729827378563,0.30478395061728397,0.4397832195905259,0.0
0,mlp,eval_in,0.5301083902047371,0.30897387353275274,0.4397832195905259,0.0
0,mlp,eval_in,0.5401445202729828,0.3102935711631364,0.4397832195905259,0.0
0,mlp,eval_in,0.5501806503412284,0.31338927398759575,0.4397832195905259,0.0
0,mlp,eval_in,0.5602167804094741,0.31565747044070225,0.4397832195905259,0.0
0,mlp,eval_in,0.5702529104777198,0.31819781766983457,0.4397832195905259,0.017599436818021823
0,mlp,eval_in,0.5800883179446006,0.32076124567474046,0.4397832195905259,0.0342560553633218
0,mlp,eval_in,0.5901244480128462,0.32482993197278914,0.4397832195905259,0.05068027210884354
0,mlp,eval_in,0.6001605780810919,0.32876254180602005,0.4397832195905259,0.0665551839464883
0,mlp,eval_in,0.6101967081493376,0.3325657894736842,0.4397832195905259,0.08190789473684211
0,mlp,eval_in,0.6202328382175833,0.3359223300970874,0.4397832195905259,0.09676375404530745
0,mlp,eval_in,0.630268968285829,0.33885350318471336,0.4397832195905259,0.11114649681528663
0,mlp,eval_in,0.6401043757527097,0.34148635936030103,0.4397832195905259,0.12480401379742866
0,mlp,eval_in,0.6501405058209554,0.34516826180920035,0.4397832195905259,0.1383142945353504
0,mlp,eval_in,0.6601766358892012,0.349346305868045,0.4397832195905259,0.15141380358771664
0,mlp,eval_in,0.6702127659574468,0.35369871218927823,0.4397832195905259,0.16412099430967356
0,mlp,eval_in,0.6802488960256925,0.356447329595751,0.4397832195905259,0.17645323104160518
0,mlp,eval_in,0.6900843034925732,0.35922047702152415,0.4397832195905259,0.18819080860965678
0,mlp,eval_in,0.700120433560819,0.36009174311926606,0.4397832195905259,0.19982798165137614
0,mlp,eval_in,0.7101565636290647,0.3634821933295647,0.4397832195905259,0.21113623516110797
0,mlp,eval_in,0.7201926936973103,0.3673355629877369,0.4397832195905259,0.2221293199554069
0,mlp,eval_in,0.730228823765556,0.36888400219901046,0.4397832195905259,0.23282023089609677
0,mlp,eval_in,0.7400642312324368,0.37076213723894763,0.4397832195905259,0.24301600216978572
0,mlp,eval_in,0.7501003613006825,0.37356168049237354,0.4397832195905259,0.25314423334225317
0,mlp,eval_in,0.7601364913689281,0.37549511486664905,0.4397832195905259,0.26300501716398206
0,mlp,eval_in,0.7701726214371738,0.3789418816783946,0.4397832195905259,0.2726088089653375
0,mlp,eval_in,0.7802087515054195,0.38178543864162595,0.4397832195905259,0.28196552611268333
0,mlp,eval_in,0.7900441589723003,0.3833841463414634,0.4397832195905259,0.29090447154471544
0,mlp,eval_in,0.800080289040546,0.383843452082288,0.4397832195905259,0.2997992975413949
0,mlp,eval_in,0.8101164191087916,0.3865213082259663,0.4397832195905259,0.3084737363726462
0,mlp,eval_in,0.8201525491770373,0.3910915320606951,0.4397832195905259,0.3169358786098874
0,mlp,eval_in,0.8301886792452831,0.3938588007736944,0.4397832195905259,0.32519342359767894
0,mlp,eval_in,0.8402248093135287,0.3970377448638318,0.4397832195905259,0.3332537028189202
0,mlp,eval_in,0.8500602167804094,0.39834710743801655,0.4397832195905259,0.3409681227863046
0,mlp,eval_in,0.8600963468486552,0.4016336056009335,0.4397832195905259,0.3486581096849475
0,mlp,eval_in,0.8701324769169009,0.4043829296424452,0.4397832195905259,0.35617070357554786
0,mlp,eval_in,0.8801686069851465,0.40615735461801594,0.4397832195905259,0.3635119726339795
0,mlp,eval_in,0.8902047370533922,0.40901916572717023,0.4397832195905259,0.3706877113866967
0,mlp,eval_in,0.900040144520273,0.41213202497769846,0.4397832195905259,0.37756467439785907
0,mlp,eval_in,0.9100762745885187,0.4148654609616233,0.4397832195905259,0.3844287604764005
0,mlp,eval_in,0.9201124046567644,0.4166666666666667,0.4397832195905259,0.3911431064572426
0,mlp,eval_in,0.93014853472501,0.41950798446266724,0.4397832195905259,0.3977125593439793
0,mlp,eval_in,0.9401846647932557,0.42292912040990605,0.4397832195905259,0.40414175918018785
0,mlp,eval_in,0.9500200722601365,0.425522924149588,0.4397832195905259,0.4103105852524826
0,mlp,eval_in,0.9600562023283822,0.42671963203010665,0.4397832195905259,0.41647501568053524
0,mlp,eval_in,0.9700923323966278,0.4301675977653631,0.4397832195905259,0.42251189737223255
0,mlp,eval_in,0.9801284624648735,0.43252099119393816,0.4397832195905259,0.4284251484742986
0,mlp,eval_in,0.9901645925331193,0.4358402594769917,0.4397832195905259,0.43421852827893775
0,mlp,eval_in,1.0,0.4397832195905259,0.4397832195905259,0.4397832195905259
0,mlp,eval_out,0.00020032051282051281,0.0,0.5536858974358975,0.0
0,mlp,eval_out,0.010216346153846154,0.3333333333333333,0.5536858974358975,0.0
0,mlp,eval_out,0.020232371794871796,0.297029702970297,0.5536858974358975,0.0
0,mlp,eval_out,0.030248397435897436,0.2980132450331126,0.5536858974358975,0.0
0,mlp,eval_out,0.04026442307692308,0.30845771144278605,0.5536858974358975,0.0
0,mlp,eval_out,0.05028044871794872,0.3147410358565737,0.5536858974358975,0.0
0,mlp,eval_out,0.06029647435897436,0.3488372093023256,0.5536858974358975,0.0
0,mlp,eval_out,0.0703125,0.3561253561253561,0.5536858974358975,0.0
0,mlp,eval_out,0.08032852564102565,0.3541147132169576,0.5536858974358975,0.0
0,mlp,eval_out,0.09034455128205128,0.37028824833702884,0.5536858974358975,0.0
0,mlp,eval_out,0.10036057692307693,0.3772455089820359,0.5536858974358975,0.0
0,mlp,eval_out,0.11037660256410256,0.3738656987295826,0.5536858974358975,0.0
0,mlp,eval_out,0.1201923076923077,0.37333333333333335,0.5536858974358975,0.0
0,mlp,eval_out,0.13020833333333334,0.3723076923076923,0.5536858974358975,0.0
0,mlp,eval_out,0.14022435897435898,0.38142857142857145,0.5536858974358975,0.0
0,mlp,eval_out,0.1502403846153846,0.38666666666666666,0.5536858974358975,0.0
0,mlp,eval_out,0.16025641025641027,0.4,0.5536858974358975,0.0
0,mlp,eval_out,0.1702724358974359,0.40588235294117647,0.5536858974358975,0.0
0,mlp,eval_out,0.18028846153846154,0.40555555555555556,0.5536858974358975,0.0
0,mlp,eval_out,0.19030448717948717,0.4073684210526316,0.5536858974358975,0.0
0,mlp,eval_out,0.20032051282051283,0.408,0.5536858974358975,0.0
0,mlp,eval_out,0.21033653846153846,0.41523809523809524,0.5536858974358975,0.0
0,mlp,eval_out,0.2203525641025641,0.41818181818181815,0.5536858974358975,0.0
0,mlp,eval_out,0.23016826923076922,0.42384682332463014,0.5536858974358975,0.0
0,mlp,eval_out,0.24018429487179488,0.4278565471226022,0.5536858974358975,0.0
0,mlp,eval_out,0.25020032051282054,0.4291433146517214,0.5536858974358975,0.0
0,mlp,eval_out,0.26021634615384615,0.4341801385681293,0.5536858974358975,0.0
0,mlp,eval_out,0.2702323717948718,0.4395848776871757,0.5536858974358975,0.0
0,mlp,eval_out,0.2802483974358974,0.44460328806290206,0.5536858974358975,0.0
0,mlp,eval_out,0.2902644230769231,0.4478951000690131,0.5536858974358975,0.0
0,mlp,eval_out,0.30028044871794873,0.44896597731821214,0.5536858974358975,0.0
0,mlp,eval_out,0.31029647435897434,0.4538411878631375,0.5536858974358975,0.0
0,mlp,eval_out,0.3203125,0.4521575984990619,0.5536858974358975,0.0
0,mlp,eval_out,0.33032852564102566,0.45482110369921164,0.5536858974358975,0.0
0,mlp,eval_out,0.3401442307692308,0.4587750294464075,0.5536858974358975,0.0
0,mlp,eval_out,0.3501602564102564,0.46395881006864986,0.5536858974358975,0.0
0,mlp,eval_out,0.36017628205128205,0.46662958843159064,0.5536858974358975,0.0
0,mlp,eval_out,0.3701923076923077,0.4642857142857143,0.5536858974358975,0.0
0,mlp,eval_out,0.3802083333333333,0.46628029504741836,0.5536858974358975,0.0
0,mlp,eval_out,0.390224358974359,0.46663244353182753,0.5536858974358975,0.0
0,mlp,eval_out,0.40024038461538464,0.466966966966967,0.5536858974358975,0.0
0,mlp,eval_out,0.41025641025641024,0.470703125,0.5536858974358975,0.0
0,mlp,eval_out,0.4202724358974359,0.4718779790276454,0.5536858974358975,0.0
0,mlp,eval_out,0.43028846153846156,0.4716014897579143,0.5536858974358975,0.0
0,mlp,eval_out,0.44030448717948717,0.4699727024567789,0.5536858974358975,0.0
0,mlp,eval_out,0.4501201923076923,0.4695149087672452,0.5536858974358975,0.008455718736092568
0,mlp,eval_out,0.46013621794871795,0.4697431432303004,0.5536858974358975,0.030039181541140617
0,mlp,eval_out,0.4701522435897436,0.4712398806987644,0.5536858974358975,0.05070302513847465
0,mlp,eval_out,0.4801682692307692,0.4710054234459741,0.5536858974358975,0.07050479766374634
0,mlp,eval_out,0.4901842948717949,0.47078054760931753,0.5536858974358975,0.0894973436861463
0,mlp,eval_out,0.5002003205128205,0.473768522226672,0.5536858974358975,0.10772927513015619
0,mlp,eval_out,0.5102163461538461,0.4762465645857872,0.5536858974358975,0.12524538672948568
0,mlp,eval_out,0.5202323717948718,0.4782441278398152,0.5536858974358975,0.14208702348864075
0,mlp,eval_out,0.5302483974358975,0.4809217982621836,0.5536858974358975,0.15829240649792217
0,mlp,eval_out,0.5402644230769231,0.4831294030404153,0.5536858974358975,0.1738969225064887
0,mlp,eval_out,0.5502804487179487,0.4863487440844558,0.5536858974358975,0.18893338187113215
0,mlp,eval_out,0.5600961538461539,0.4892703862660944,0.5536858974358975,0.20314735336194564
0,mlp,eval_out,0.5701121794871795,0.49297259311314123,0.5536858974358975,0.21714687280393535
0,mlp,eval_out,0.5801282051282052,0.49482044198895025,0.5536858974358975,0.23066298342541436
0,mlp,eval_out,0.5901442307692307,0.4969450101832994,0.5536858974358975,0.2437202987101154
0,mlp,eval_out,0.6001602564102564,0.49566088117489987,0.5536858974358975,0.25634178905206945
0,mlp,eval_out,0.610176282051282,0.49737360472751146,0.5536858974358975,0.2685489166119501
0,mlp,eval_out,0.6201923076923077,0.4967700258397933,0.5536858974358975,0.28036175710594313
0,mlp,eval_out,0.6302083333333334,0.5,0.5536858974358975,0.2917991099809282
0,mlp,eval_out,0.6402243589743589,0.5003128911138923,0.5536858974358975,0.30287859824780977
0,mlp,eval_out,0.6502403846153846,0.5036968576709797,0.5536858974358975,0.31361675908810843
0,mlp,eval_out,0.6602564102564102,0.5054611650485437,0.5536858974358975,0.32402912621359226
0,mlp,eval_out,0.6700721153846154,0.5061285500747384,0.5536858974358975,0.3339312406576981
0,mlp,eval_out,0.6800881410256411,0.5078055964653903,0.5536858974358975,0.34374079528718704
0,mlp,eval_out,0.6901041666666666,0.5105950653120465,0.5536858974358975,0.3532656023222061
0,mlp,eval_out,0.7001201923076923,0.5144492131616595,0.5536858974358975,0.36251788268955654
0,mlp,eval_out,0.710136217948718,0.5167842031029619,0.5536858974358975,0.37150916784203103
0,mlp,eval_out,0.7201522435897436,0.517663421418637,0.5536858974358975,0.38025034770514604
0,mlp,eval_out,0.7301682692307693,0.5196159122085048,0.5536858974358975,0.3887517146776406
0,mlp,eval_out,0.7401842948717948,0.521786197564276,0.5536858974358975,0.39702300405953994
0,mlp,eval_out,0.7502003205128205,0.52283044058745,0.5536858974358975,0.40507343124165557
0,mlp,eval_out,0.7602163461538461,0.5238471673254282,0.5536858974358975,0.4129117259552042
0,mlp,eval_out,0.7702323717948718,0.5243172951885565,0.5536858974358975,0.4205461638491547
0,mlp,eval_out,0.7800480769230769,0.5264509501797637,0.5536858974358975,0.4278376990241397
0,mlp,eval_out,0.7900641025641025,0.527129817444219,0.5536858974358975,0.43509127789046653
0,mlp,eval_out,0.8000801282051282,0.528793189784677,0.5536858974358975,0.44216324486730096
0,mlp,eval_out,0.8100961538461539,0.5296735905044511,0.5536858974358975,0.44906033630069236
0,mlp,eval_out,0.8201121794871795,0.5329750854909624,0.5536858974358975,0.45578895945285786
0,mlp,eval_out,0.8301282051282052,0.5330598455598455,0.5536858974358975,0.4623552123552124
0,mlp,eval_out,0.8401442307692307,0.5340963280877444,0.5536858974358975,0.4687649022412971
0,mlp,eval_out,0.8501602564102564,0.5351083883129123,0.5536858974358975,0.4750235626767201
0,mlp,eval_out,0.860176282051282,0.536096879366558,0.5536858974358975,0.48113646949231487
0,mlp,eval_out,0.8701923076923077,0.5368324125230203,0.5536858974358975,0.4871086556169429
0,mlp,eval_out,0.8802083333333334,0.53709604005462,0.5536858974358975,0.4929449248975876
0,mlp,eval_out,0.8900240384615384,0.5395003376097232,0.5536858974358975,0.4985370245329732
0,mlp,eval_out,0.9000400641025641,0.539951034943245,0.5536858974358975,0.5041175161362119
0,mlp,eval_out,0.9100560897435898,0.5417125247633722,0.5536858974358975,0.5095751705921198
0,mlp,eval_out,0.9200721153846154,0.5436533855867625,0.5536858974358975,0.5149139995645547
0,mlp,eval_out,0.9300881410256411,0.5451216885634288,0.5536858974358975,0.5201378419125565
0,mlp,eval_out,0.9401041666666666,0.5450671212444066,0.5536858974358975,0.5252503728958022
0,mlp,eval_out,0.9501201923076923,0.5462787265443811,0.5536858974358975,0.5302551127978073
0,mlp,eval_out,0.960136217948718,0.5470477780095974,0.5536858974358975,0.5351554350093887
0,mlp,eval_out,0.9701522435897436,0.5475944662399339,0.5536858974358975,0.5399545736113979
0,mlp,eval_out,0.9801682692307693,0.5499693439607602,0.5536858974358975,0.5446556304925404
0,mlp,eval_out,0.9901842948717948,0.5508800323690066,0.5536858974358975,0.5492615820352013
0,mlp,eval_out,1.0,0.5536858974358975,0.5536858974358975,0.5536858974358975
0,mlp_temperature,eval_in,0.0002007226013649137,0.0,0.4397832195905259,0.0
0,mlp_temperature,eval_in,0.010236852669610599,0.09803921568627451,0.4397832195905259,0.0
0,mlp_temperature,eval_in,0.02027298273785628,0.0891089108910891,0.4397832195905259,0.0
0,mlp_temperature,eval_in,0.030309112806101966,0.07947019867549669,0.4397832195905259,0.0
0,mlp_temperature,eval_in,0.04034524287434765,0.08955223880597014,0.4397832195905259,0.0
0,mlp_temperature,eval_in,0.05038137294259334,0.099601593625498,0.4397832195905259,0.0
0,mlp_temperature,eval_in,0.060216780409474105,0.11,0.4397832195905259,0.0
0,mlp_temperature,eval_in,0.0702529104777198,0.12,0.4397832195905259,0.0
0,mlp_temperature,eval_in,0.08028904054596547,0.11,0.4397832195905259,0.0
0,mlp_temperature,eval_in,0.09032517061421116,0.11777777777777777,0.4397832195905259,0.0
0,mlp_temperature,eval_in,0.10036130068245684,0.122,0.4397832195905259,0.0
0,mlp_temperature,eval_in,0.11019670814933762,0.12932604735883424,0.4397832195905259,0.0
0,mlp_temperature,eval_in,0.1202328382175833,0.14023372287145242,0.4397832195905259,0.0
0,mlp_temperature,eval_in,0.13026896828582898,0.14791987673343607,0.4397832195905259,0.0
0,mlp_temperature,eval_in,0.14030509835407468,0.15593705293276108,0.4397832195905259,0.0
0,mlp_temperature,eval_in,0.15034122842232037,0.1628838451268358,0.4397832195905259,0.0
0,mlp_temperature,eval_in,0.1601766358892011,0.16791979949874686,0.4397832195905259,0.0
0,mlp_temperature,eval_in,0.1702127659574468,0.16981132075471697,0.4397832195905259,0.0
0,mlp_temperature,eval_in,0.1802488960256925,0.17706013363028952,0.4397832195905259,0.0
0,mlp_temperature,eval_in,0.1902850260939382,0.18143459915611815,0.4397832195905259,0.0
0,mlp_temperature,eval_in,0.20032115616218385,0.19138276553106212,0.4397832195905259,0.0
0,mlp_temperature,eval_in,0.21035728623042954,0.19561068702290077,0.4397832195905259,0.0
0,mlp_temperature,eval_in,0.22019269369731032,0.19416590701914313,0.4397832195905259,0.0
0,mlp_temperature,eval_in,0.230228823765556,0.1996512641673932,0.4397832195905259,0.0
0,mlp_temperature,eval_in,0.2402649538338017,0.20384294068504594,0.4397832195905259,0.0
0,mlp_temperature,eval_in,0.25030108390204736,0.20850040096230954,0.4397832195905259,0.0
0,mlp_temperature,eval_in,0.2603372139702931,0.21202775636083268,0.4397832195905259,0.0
0,mlp_temperature,eval_in,0.2701726214371738,0.21471025260029716,0.4397832195905259,0.0
0,mlp_temperature,eval_in,0.2802087515054195,0.22206303724928367,0.4397832195905259,0.0
0,mlp_temperature,eval_in,0.2902448815736652,0.22821576763485477,0.4397832195905259,0.0
0,mlp_temperature,eval_in,0.3002810116419109,0.23195187165775402,0.4397832195905259,0.0
0,mlp_temperature,eval_in,0.31031714171015656,0.23738680465717982,0.4397832195905259,0.0
0,mlp_temperature,eval_in,0.32015254917703734,0.24075235109717869,0.4397832195905259,0.0
0,mlp_temperature,eval_in,0.330188679245283,0.24559270516717324,0.4397832195905259,0.0
0,mlp_temperature,eval_in,0.3402248093135287,0.2471976401179941,0.4397832195905259,0.0
0,mlp_temperature,eval_in,0.3502609393817744,0.2492836676217765,0.4397832195905259,0.0
0,mlp_temperature,eval_in,0.36029706945002005,0.2540389972144847,0.4397832195905259,0.0
0,mlp_temperature,eval_in,0.3701324769169008,0.2586767895878525,0.4397832195905259,0.0
0,mlp_temperature,eval_in,0.38016860698514654,0.26135163674762407,0.4397832195905259,0.0
0,mlp_temperature,eval_in,0.3902047370533922,0.2654320987654321,0.4397832195905259,0.0
0,mlp_temperature,eval_in,0.4002408671216379,0.26930792377131396,0.4397832195905259,0.0
0,mlp_temperature,eval_in,0.4102769971898836,0.2734833659491194,0.4397832195905259,0.0
0,mlp_temperature,eval_in,0.42031312725812925,0.27554918815663804,0.4397832195905259,0.0
0,mlp_temperature,eval_in,0.43014853472501,0.2790480634624358,0.4397832195905259,0.0
0,mlp_temperature,eval_in,0.44018466479325574,0.2813497492020064,0.4397832195905259,0.0
0,mlp_temperature,eval_in,0.4502207948615014,0.2831029870708872,0.4397832195905259,0.0
0,mlp_temperature,eval_in,0.46025692492974707,0.28608809419973835,0.4397832195905259,0.0
0,mlp_temperature,eval_in,0.4702930549979928,0.2880921895006402,0.4397832195905259,0.0
0,mlp_temperature,eval_in,0.48012846246487356,0.2930602006688963,0.4397832195905259,0.0
0,mlp_temperature,eval_in,0.4901645925331192,0.2977067977067977,0.4397832195905259,0.0
0,mlp_temperature,eval_in,0.5002007226013649,0.29935794542536115,0.4397832195905259,0.0
0,mlp_temperature,eval_in,0.5102368526696106,0.3017309205350118,0.4397832195905259,0.0
0,mlp_temperature,eval_in,0.5202729827378563,0.3055555555555556,0.4397832195905259,0.0
0,mlp_temperature,eval_in,0.5301083902047371,0.3070806512684589,0.4397832195905259,0.0
0,mlp_temperature,eval_in,0.5401445202729828,0.31178000743218137,0.4397832195905259,0.0
0,mlp_temperature,eval_in,0.5501806503412284,0.3126596132798249,0.4397832195905259,0.0
0,mlp_temperature,eval_in,0.5602167804094741,0.31637405947689,0.4397832195905259,0.0
0,mlp_temperature,eval_in,0.5702529104777198,0.318549806406195,0.4397832195905259,0.017599436818021823
0,mlp_temperature,eval_in,0.5800883179446006,0.32249134948096886,0.4397832195905259,0.0342560553633218
0,mlp_temperature,eval_in,0.5901244480128462,0.3258503401360544,0.4397832195905259,0.05068027210884354
0,mlp_temperature,eval_in,0.6001605780810919,0.3290969899665552,0.4397832195905259,0.0665551839464883
0,mlp_temperature,eval_in,0.6101967081493376,0.33289473684210524,0.4397832195905259,0.08190789473684211
0,mlp_temperature,eval_in,0.6202328382175833,0.33495145631067963,0.4397832195905259,0.09676375404530745
0,mlp_temperature,eval_in,0.630268968285829,0.3394904458598726,0.4397832195905259,0.11114649681528663
0,mlp_temperature,eval_in,0.6401043757527097,0.34179993728441516,0.4397832195905259,0.12480401379742866
0,mlp_temperature,eval_in,0.6501405058209554,0.34578573633837606,0.4397832195905259,0.1383142945353504
0,mlp_temperature,eval_in,0.6601766358892012,0.349346305868045,0.4397832195905259,0.15141380358771664
0,mlp_temperature,eval_in,0.6702127659574468,0.3522012578616352,0.4397832195905259,0.16412099430967356
0,mlp_temperature,eval_in,0.6802488960256925,0.35438182354676895,0.4397832195905259,0.17645323104160518
0,mlp_temperature,eval_in,0.6900843034925732,0.3563118091913903,0.4397832195905259,0.18819080860965678
0,mlp_temperature,eval_in,0.700120433560819,0.3603784403669725,0.4397832195905259,0.19982798165137614
0,mlp_temperature,eval_in,0.7101565636290647,0.3634821933295647,0.4397832195905259,0.21113623516110797
0,mlp_temperature,eval_in,0.7201926936973103,0.3664994425863991,0.4397832195905259,0.2221293199554069
0,mlp_temperature,eval_in,0.730228823765556,0.3691588785046729,0.4397832195905259,0.23282023089609677
0,mlp_temperature,eval_in,0.7400642312324368,0.37130458367236235,0.4397832195905259,0.24301600216978572
0,mlp_temperature,eval_in,0.7501003613006825,0.37516724645437516,0.4397832195905259,0.25314423334225317
0,mlp_temperature,eval_in,0.7601364913689281,0.37839978875099023,0.4397832195905259,0.26300501716398206
0,mlp_temperature,eval_in,0.7701726214371738,0.37972374250716706,0.4397832195905259,0.2726088089653375
0,mlp_temperature,eval_in,0.7802087515054195,0.38127090301003347,0.4397832195905259,0.28196552611268333
0,mlp_temperature,eval_in,0.7900441589723003,0.383130081300813,0.4397832195905259,0.29090447154471544
0,mlp_temperature,eval_in,0.800080289040546,0.386352232814852,0.4397832195905259,0.2997992975413949
0,mlp_temperature,eval_in,0.8101164191087916,0.3887512388503469,0.4397832195905259,0.3084737363726462
0,mlp_temperature,eval_in,0.8201525491770373,0.39060205580029367,0.4397832195905259,0.3169358786098874
0,mlp_temperature,eval_in,0.8301886792452831,0.3938588007736944,0.4397832195905259,0.32519342359767894
0,mlp_temperature,eval_in,0.8402248093135287,0.3956043956043956,0.4397832195905259,0.3332537028189202
0,mlp_temperature,eval_in,0.8500602167804094,0.3981109799291617,0.4397832195905259,0.3409681227863046
0,mlp_temperature,eval_in,0.8600963468486552,0.4011668611435239,0.4397832195905259,0.3486581096849475
0,mlp_temperature,eval_in,0.8701324769169009,0.40415224913494807,0.4397832195905259,0.35617070357554786
0,mlp_temperature,eval_in,0.8801686069851465,0.4072976054732041,0.4397832195905259,0.3635119726339795
0,mlp_temperature,eval_in,0.8902047370533922,0.41037204058624577,0.4397832195905259,0.3706877113866967
0,mlp_temperature,eval_in,0.900040144520273,0.41190900981266726,0.4397832195905259,0.37756467439785907
0,mlp_temperature,eval_in,0.9100762745885187,0.41552712836347594,0.4397832195905259,0.3844287604764005
0,mlp_temperature,eval_in,0.9201124046567644,0.4181937172774869,0.4397832195905259,0.3911431064572426
0,mlp_temperature,eval_in,0.93014853472501,0.4199395770392749,0.4397832195905259,0.3977125593439793
0,mlp_temperature,eval_in,0.9401846647932557,0.42314261315115287,0.4397832195905259,0.40414175918018785
0,mlp_temperature,eval_in,0.9500200722601365,0.425100359180224,0.4397832195905259,0.4103105852524826
0,mlp_temperature,eval_in,0.9600562023283822,0.42651055822705414,0.4397832195905259,0.41647501568053524
0,mlp_temperature,eval_in,0.9700923323966278,0.4297537761224912,0.4397832195905259,0.42251189737223255
0,mlp_temperature,eval_in,0.9801284624648735,0.43252099119393816,0.4397832195905259,0.4284251484742986
0,mlp_temperature,eval_in,0.9901645925331193,0.43563754307723496,0.4397832195905259,0.43421852827893775
0,mlp_temperature,eval_in,1.0,0.4397832195905259,0.4397832195905259,0.4397832195905259
0,mlp_temperature,eval_out,0.00020032051282051281,0.0,0.5536858974358975,0.0
0,mlp_temperature,eval_out,0.010216346153846154,0.3137254901960784,0.5536858974358975,0.0
0,mlp_temperature,eval_out,0.020232371794871796,0.297029702970297,0.5536858974358975,0.0
0,mlp_temperature,eval_out,0.030248397435897436,0.2847682119205298,0.5536858974358975,0.0
0,mlp_temperature,eval_out,0.04026442307692308,0.30845771144278605,0.5536858974358975,0.0
0,mlp_temperature,eval_out,0.05028044871794872,0.3187250996015936,0.5536858974358975,0.0
0,mlp_temperature,eval_out,0.06029647435897436,0.34219269102990035,0.5536858974358975,0.0
0,mlp_temperature,eval_out,0.0703125,0.3561253561253561,0.5536858974358975,0.0
0,mlp_temperature,eval_out,0.08032852564102565,0.3566084788029925,0.5536858974358975,0.0
0,mlp_temperature,eval_out,0.09034455128205128,0.36585365853658536,0.5536858974358975,0.0
0,mlp_temperature,eval_out,0.10036057692307693,0.37524950099800397,0.5536858974358975,0.0
0,mlp_temperature,eval_out,0.11037660256410256,0.3720508166969147,0.5536858974358975,0.0
0,mlp_temperature,eval_out,0.1201923076923077,0.37333333333333335,0.5536858974358975,0.0
0,mlp_temperature,eval_out,0.13020833333333334,0.3723076923076923,0.5536858974358975,0.0
0,mlp_temperature,eval_out,0.14022435897435898,0.38142857142857145,0.5536858974358975,0.0
0,mlp_temperature,eval_out,0.1502403846153846,0.3893333333333333,0.5536858974358975,0.0
0,mlp_temperature,eval_out,0.16025641025641027,0.39625,0.5536858974358975,0.0
0,mlp_temperature,eval_out,0.1702724358974359,0.4011764705882353,0.5536858974358975,0.0
0,mlp_temperature,eval_out,0.18028846153846154,0.4077777777777778,0.5536858974358975,0.0
0,mlp_temperature,eval_out,0.19030448717948717,0.4031578947368421,0.5536858974358975,0.0
0,mlp_temperature,eval_out,0.20032051282051283,0.409,0.5536858974358975,0.0
0,mlp_temperature,eval_out,0.21033653846153846,0.41333333333333333,0.5536858974358975,0.0
0,mlp_temperature,eval_out,0.2203525641025641,0.4172727272727273,0.5536858974358975,0.0
0,mlp_temperature,eval_out,0.23016826923076922,0.42297650130548303,0.5536858974358975,0.0
0,mlp_temperature,eval_out,0.24018429487179488,0.42535446205170974,0.5536858974358975,0.0
0,mlp_temperature,eval_out,0.25020032051282054,0.4291433146517214,0.5536858974358975,0.0
0,mlp_temperature,eval_out,0.26021634615384615,0.43033102386451116,0.5536858974358975,0.0
0,mlp_temperature,eval_out,0.2702323717948718,0.4381022979985174,0.5536858974358975,0.0
0,mlp_temperature,eval_out,0.2802483974358974,0.44388849177984274,0.5536858974358975,0.0
0,mlp_temperature,eval_out,0.2902644230769231,0.4478951000690131,0.5536858974358975,0.0
0,mlp_temperature,eval_out,0.30028044871794873,0.44896597731821214,0.5536858974358975,0.0
0,mlp_temperature,eval_out,0.31029647435897434,0.4506132989025178,0.5536858974358975,0.0
0,mlp_temperature,eval_out,0.3203125,0.4527829893683552,0.5536858974358975,0.0
0,mlp_temperature,eval_out,0.33032852564102566,0.45482110369921164,0.5536858974358975,0.0
0,mlp_temperature,eval_out,0.3401442307692308,0.4581861012956419,0.5536858974358975,0.0
0,mlp_temperature,eval_out,0.3501602564102564,0.4610983981693364,0.5536858974358975,0.0
0,mlp_temperature,eval_out,0.36017628205128205,0.46662958843159064,0.5536858974358975,0.0
0,mlp_temperature,eval_out,0.3701923076923077,0.4648268398268398,0.5536858974358975,0.0
0,mlp_temperature,eval_out,0.3802083333333333,0.46522655426765014,0.5536858974358975,0.0
0,mlp_temperature,eval_out,0.390224358974359,0.46663244353182753,0.5536858974358975,0.0
0,mlp_temperature,eval_out,0.40024038461538464,0.466966966966967,0.5536858974358975,0.0
0,mlp_temperature,eval_out,0.41025641025641024,0.4677734375,0.5536858974358975,0.0
0,mlp_temperature,eval_out,0.4202724358974359,0.4694947569113441,0.5536858974358975,0.0
0,mlp_temperature,eval_out,0.43028846153846156,0.4725325884543762,0.5536858974358975,0.0
0,mlp_temperature,eval_out,0.44030448717948717,0.4727024567788899,0.5536858974358975,0.0
0,mlp_temperature,eval_out,0.4501201923076923,0.4721851357365376,0.5536858974358975,0.008455718736092568
0,mlp_temperature,eval_out,0.46013621794871795,0.4714845450587723,0.5536858974358975,0.030039181541140617
0,mlp_temperature,eval_out,0.4701522435897436,0.47209203238176395,0.5536858974358975,0.05070302513847465
0,mlp_temperature,eval_out,0.4801682692307692,0.4722569879015436,0.5536858974358975,0.07050479766374634
0,mlp_temperature,eval_out,0.4901842948717949,0.4736411932979158,0.5536858974358975,0.0894973436861463
0,mlp_temperature,eval_out,0.5002003205128205,0.473768522226672,0.5536858974358975,0.10772927513015619
0,mlp_temperature,eval_out,0.5102163461538461,0.4762465645857872,0.5536858974358975,0.12524538672948568
0,mlp_temperature,eval_out,0.5202323717948718,0.47862918752406625,0.5536858974358975,0.14208702348864075
0,mlp_temperature,eval_out,0.5302483974358975,0.48016622591613145,0.5536858974358975,0.15829240649792217
0,mlp_temperature,eval_out,0.5402644230769231,0.4823878383388951,0.5536858974358975,0.1738969225064887
0,mlp_temperature,eval_out,0.5502804487179487,0.4848926101201311,0.5536858974358975,0.18893338187113215
0,mlp_temperature,eval_out,0.5600961538461539,0.4896280400572246,0.5536858974358975,0.20314735336194564
0,mlp_temperature,eval_out,0.5701121794871795,0.49297259311314123,0.5536858974358975,0.21714687280393535
0,mlp_temperature,eval_out,0.5801282051282052,0.4937845303867403,0.5536858974358975,0.23066298342541436
0,mlp_temperature,eval_out,0.5901442307692307,0.4959266802443992,0.5536858974358975,0.2437202987101154
0,mlp_temperature,eval_out,0.6001602564102564,0.49499332443257676,0.5536858974358975,0.25634178905206945
0,mlp_temperature,eval_out,0.610176282051282,0.49573210768220616,0.5536858974358975,0.2685489166119501
0,mlp_temperature,eval_out,0.6201923076923077,0.49870801033591733,0.5536858974358975,0.28036175710594313
0,mlp_temperature,eval_out,0.6302083333333334,0.4993642720915448,0.5536858974358975,0.2917991099809282
0,mlp_temperature,eval_out,0.6402243589743589,0.5031289111389237,0.5536858974358975,0.30287859824780977
0,mlp_temperature,eval_out,0.6502403846153846,0.5036968576709797,0.5536858974358975,0.31361675908810843
0,mlp_temperature,eval_out,0.6602564102564102,0.5051577669902912,0.5536858974358975,0.32402912621359226
0,mlp_temperature,eval_out,0.6700721153846154,0.5082212257100149,0.5536858974358975,0.3339312406576981
0,mlp_temperature,eval_out,0.6800881410256411,0.5086892488954344,0.5536858974358975,0.34374079528718704
0,mlp_temperature,eval_out,0.6901041666666666,0.5105950653120465,0.5536858974358975,0.3532656023222061
0,mlp_temperature,eval_out,0.7001201923076923,0.5135908440629471,0.5536858974358975,0.36251788268955654
0,mlp_temperature,eval_out,0.710136217948718,0.5156558533145275,0.5536858974358975,0.37150916784203103
0,mlp_temperature,eval_out,0.7201522435897436,0.517663421418637,0.5536858974358975,0.38025034770514604
0,mlp_temperature,eval_out,0.7301682692307693,0.5185185185185185,0.5536858974358975,0.3887517146776406
0,mlp_temperature,eval_out,0.7401842948717948,0.5215155615696888,0.5536858974358975,0.39702300405953994
0,mlp_temperature,eval_out,0.7502003205128205,0.5225634178905207,0.5536858974358975,0.40507343124165557
0,mlp_temperature,eval_out,0.7602163461538461,0.5246376811594203,0.5536858974358975,0.4129117259552042
0,mlp_temperature,eval_out,0.7702323717948718,0.5248374512353706,0.5536858974358975,0.4205461638491547
0,mlp_temperature,eval_out,0.7800480769230769,0.5259373394966615,0.5536858974358975,0.4278376990241397
0,mlp_temperature,eval_out,0.7900641025641025,0.5281440162271805,0.5536858974358975,0.43509127789046653
0,mlp_temperature,eval_out,0.8000801282051282,0.5297946920380571,0.5536858974358975,0.44216324486730096
0,mlp_temperature,eval_out,0.8100961538461539,0.5296735905044511,0.5536858974358975,0.44906033630069236
0,mlp_temperature,eval_out,0.8201121794871795,0.5307767464582316,0.5536858974358975,0.45578895945285786
0,mlp_temperature,eval_out,0.8301282051282052,0.5328185328185329,0.5536858974358975,0.4623552123552124
0,mlp_temperature,eval_out,0.8401442307692307,0.5340963280877444,0.5536858974358975,0.4687649022412971
0,mlp_temperature,eval_out,0.8501602564102564,0.5353440150801131,0.5536858974358975,0.4750235626767201
0,mlp_temperature,eval_out,0.860176282051282,0.5358639962738705,0.5536858974358975,0.48113646949231487
0,mlp_temperature,eval_out,0.8701923076923077,0.5361418047882136,0.5536858974358975,0.4871086556169429
0,mlp_temperature,eval_out,0.8802083333333334,0.5373236231224396,0.5536858974358975,0.4929449248975876
0,mlp_temperature,eval_out,0.8900240384615384,0.5388251181634031,0.5536858974358975,0.4985370245329732
0,mlp_temperature,eval_out,0.9000400641025641,0.539951034943245,0.5536858974358975,0.5041175161362119
0,mlp_temperature,eval_out,0.9100560897435898,0.5414924058991856,0.5536858974358975,0.5095751705921198
0,mlp_temperature,eval_out,0.9200721153846154,0.5432179403440017,0.5536858974358975,0.5149139995645547
0,mlp_temperature,eval_out,0.9300881410256411,0.5440447986215808,0.5536858974358975,0.5201378419125565
0,mlp_temperature,eval_out,0.9401041666666666,0.5446409546132538,0.5536858974358975,0.5252503728958022
0,mlp_temperature,eval_out,0.9501201923076923,0.5464895635673624,0.5536858974358975,0.5302551127978073
0,mlp_temperature,eval_out,0.960136217948718,0.5472564156060922,0.5536858974358975,0.5351554350093887
0,mlp_temperature,eval_out,0.9701522435897436,0.5478009498244889,0.5536858974358975,0.5399545736113979
0,mlp_temperature,eval_out,0.9801682692307693,0.5501737175556918,0.5536858974358975,0.5446556304925404
0,mlp_temperature,eval_out,0.9901842948717948,0.551284644952458,0.5536858974358975,0.5492615820352013
0,mlp_temperature,eval_out,1.0,0.5536858974358975,0.5536858974358975,0.5536858974358975
0,ensemble,eval_in,0.0002007226013649137,0.0,0.4207145724608591,0.0
0,ensemble,eval_in,0.010236852669610599,0.0392156862745098,0.4207145724608591,0.0
0,ensemble,eval_in,0.02027298273785628,0.06930693069306931,0.4207145724608591,0.0
0,ensemble,eval_in,0.030309112806101966,0.0728476821192053,0.4207145724608591,0.0
0,ensemble,eval_in,0.04034524287434765,0.07462686567164178,0.4207145724608591,0.0
0,ensemble,eval_in,0.05038137294259334,0.0796812749003984,0.4207145724608591,0.0
0,ensemble,eval_in,0.060216780409474105,0.10666666666666667,0.4207145724608591,0.0
0,ensemble,eval_in,0.0702529104777198,0.10857142857142857,0.4207145724608591,0.0
0,ensemble,eval_in,0.08028904054596547,0.1075,0.4207145724608591,0.0
0,ensemble,eval_in,0.09032517061421116,0.11777777777777777,0.4207145724608591,0.0
0,ensemble,eval_in,0.10036130068245684,0.12,0.4207145724608591,0.0
0,ensemble,eval_in,0.11019670814933762,0.12750455373406194,0.4207145724608591,0.0
0,ensemble,eval_in,0.1202328382175833,0.1318864774624374,0.4207145724608591,0.0
0,ensemble,eval_in,0.13026896828582898,0.13713405238828968,0.4207145724608591,0.0
0,ensemble,eval_in,0.14030509835407468,0.14878397711015737,0.4207145724608591,0.0
0,ensemble,eval_in,0.15034122842232037,0.157543391188251,0.4207145724608591,0.0
0,ensemble,eval_in,0.1601766358892011,0.16290726817042606,0.4207145724608591,0.0
0,ensemble,eval_in,0.1702127659574468,0.16627358490566038,0.4207145724608591,0.0
0,ensemble,eval_in,0.1802488960256925,0.16815144766146994,0.4207145724608591,0.0
0,ensemble,eval_in,0.1902850260939382,0.1719409282700422,0.4207145724608591,0.0
0,ensemble,eval_in,0.20032115616218385,0.17234468937875752,0.4207145724608591,0.0
0,ensemble,eval_in,0.21035728623042954,0.1736641221374046,0.4207145724608591,0.0
0,ensemble,eval_in,0.22019269369731032,0.18505013673655424,0.4207145724608591,0.0
0,ensemble,eval_in,0.230228823765556,0.1944202266782912,0.4207145724608591,0.0
0,ensemble,eval_in,0.2402649538338017,0.20050125313283207,0.4207145724608591,0.0
0,ensemble,eval_in,0.25030108390204736,0.2012830793905373,0.4207145724608591,0.0
0,ensemble,eval_in,0.2603372139702931,0.20200462606013878,0.4207145724608591,0.0
0,ensemble,eval_in,0.2701726214371738,0.2065378900445765,0.4207145724608591,0.0
0,ensemble,eval_in,0.2802087515054195,0.20988538681948424,0.4207145724608591,0.0
0,ensemble,eval_in,0.2902448815736652,0.2143845089903181,0.4207145724608591,0.0
0,ensemble,eval_in,0.3002810116419109,0.21724598930481284,0.4207145724608591,0.0
0,ensemble,eval_in,0.31031714171015656,0.22121604139715395,0.4207145724608591,0.0
0,ensemble,eval_in,0.32015254917703734,0.22507836990595612,0.4207145724608591,0.0
0,ensemble,eval_in,0.330188679245283,0.2303951367781155,0.4207145724608591,0.0
0,ensemble,eval_in,0.3402248093135287,0.2359882005899705,0.4207145724608591,0.0
0,ensemble,eval_in,0.3502609393817744,0.24183381088825215,0.4207145724608591,0.0
0,ensemble,eval_in,0.36029706945002005,0.2434540389972145,0.4207145724608591,0.0
0,ensemble,eval_in,0.3701324769169008,0.24891540130151843,0.4207145724608591,0.0
0,ensemble,eval_in,0.38016860698514654,0.25237592397043296,0.4207145724608591,0.0
0,ensemble,eval_in,0.3902047370533922,0.25617283950617287,0.4207145724608591,0.0
0,ensemble,eval_in,0.4002408671216379,0.2577733199598796,0.4207145724608591,0.0
0,ensemble,eval_in,0.4102769971898836,0.262720156555773,0.4207145724608591,0.0
0,ensemble,eval_in,0.42031312725812925,0.26504297994269344,0.4207145724608591,0.0
0,ensemble,eval_in,0.43014853472501,0.26784881007932804,0.4207145724608591,0.0
0,ensemble,eval_in,0.44018466479325574,0.2713178294573643,0.4207145724608591,0.0
0,ensemble,eval_in,0.4502207948615014,0.2746321890325457,0.4207145724608591,0.0
0,ensemble,eval_in,0.46025692492974707,0.27780200610553857,0.4207145724608591,0.0
0,ensemble,eval_in,0.4702930549979928,0.2838241570635937,0.4207145724608591,0.0
0,ensemble,eval_in,0.48012846246487356,0.28511705685618727,0.4207145724608591,0.0
0,ensemble,eval_in,0.4901645925331192,0.2878787878787879,0.4207145724608591,0.0
0,ensemble,eval_in,0.5002007226013649,0.293338683788122,0.4207145724608591,0.0
0,ensemble,eval_in,0.5102368526696106,0.2970102281667978,0.4207145724608591,0.0
0,ensemble,eval_in,0.5202729827378563,0.29899691358024694,0.4207145724608591,0.0
0,ensemble,eval_in,0.5301083902047371,0.302158273381295,0.4207145724608591,0.0
0,ensemble,eval_in,0.5401445202729828,0.3054626532887402,0.4207145724608591,0.0
0,ensemble,eval_in,0.5501806503412284,0.30901130974097046,0.4207145724608591,0.0
0,ensemble,eval_in,0.5602167804094741,0.310641347187388,0.4207145724608591,0.0
0,ensemble,eval_in,0.5702529104777198,0.3139739528335093,0.4207145724608591,0.0
0,ensemble,eval_in,0.5800883179446006,0.3176470588235294,0.4207145724608591,0.001384083044982699
0,ensemble,eval_in,0.5901244480128462,0.3193877551020408,0.4207145724608591,0.018367346938775512
0,ensemble,eval_in,0.6001605780810919,0.3214046822742475,0.4207145724608591,0.034782608695652174
0,ensemble,eval_in,0.6101967081493376,0.32302631578947366,0.4207145724608591,0.0506578947368421
0,ensemble,eval_in,0.6202328382175833,0.3255663430420712,0.4207145724608591,0.06601941747572816
0,ensemble,eval_in,0.630268968285829,0.3292993630573248,0.4207145724608591,0.08089171974522293
0,ensemble,eval_in,0.6401043757527097,0.33239259956099093,0.4207145724608591,0.09501411100658513
0,ensemble,eval_in,0.6501405058209554,0.3371410929299166,0.4207145724608591,0.10898425439950601
0,ensemble,eval_in,0.6601766358892012,0.33961690483429613,0.4207145724608591,0.1225296442687747
0,ensemble,eval_in,0.6702127659574468,0.3420185684336628,0.4207145724608591,0.13566936208445643
0,ensemble,eval_in,0.6802488960256925,0.346119799350841,0.4207145724608591,0.14842136323399233
0,ensemble,eval_in,0.6900843034925732,0.3481675392670157,0.4207145724608591,0.16055846422338568
0,ensemble,eval_in,0.700120433560819,0.3489105504587156,0.4207145724608591,0.17259174311926606
0,ensemble,eval_in,0.7101565636290647,0.3516110797060486,0.4207145724608591,0.18428490672696438
0,ensemble,eval_in,0.7201926936973103,0.35479375696767,0.4207145724608591,0.1956521739130435
0,ensemble,eval_in,0.730228823765556,0.35788894997251236,0.4207145724608591,0.20670698185816383
0,ensemble,eval_in,0.7400642312324368,0.3623542175210198,0.4207145724608591,0.21724979658258747
0,ensemble,eval_in,0.7501003613006825,0.3633930960663634,0.4207145724608591,0.22772277227722773
0,ensemble,eval_in,0.7601364913689281,0.3646686031159229,0.4207145724608591,0.23791919725376287
0,ensemble,eval_in,0.7701726214371738,0.3677352097993224,0.4207145724608591,0.24784988272087569
0,ensemble,eval_in,0.7802087515054195,0.368150244404425,0.4207145724608591,0.25752508361204013
0,ensemble,eval_in,0.7900441589723003,0.3701727642276423,0.4207145724608591,0.26676829268292684
0,ensemble,eval_in,0.800080289040546,0.3730556949322629,0.4207145724608591,0.27596588058203714
0,ensemble,eval_in,0.8101164191087916,0.37710604558969274,0.4207145724608591,0.2849355797819623
0,ensemble,eval_in,0.8201525491770373,0.3788546255506608,0.4207145724608591,0.2936857562408223
0,ensemble,eval_in,0.8301886792452831,0.3805609284332689,0.4207145724608591,0.30222437137330754
0,ensemble,eval_in,0.8402248093135287,0.3831820353559484,0.4207145724608591,0.3105590062111801
0,ensemble,eval_in,0.8500602167804094,0.38441558441558443,0.4207145724608591,0.31853600944510035
0,ensemble,eval_in,0.8600963468486552,0.3866977829638273,0.4207145724608591,0.326487747957993
0,ensemble,eval_in,0.8701324769169009,0.3891580161476355,0.4207145724608591,0.3342560553633218
0,ensemble,eval_in,0.8801686069851465,0.3922462941847206,0.4207145724608591,0.3418472063854048
0,ensemble,eval_in,0.8902047370533922,0.39571589627959414,0.4207145724608591,0.3492671927846674
0,ensemble,eval_in,0.900040144520273,0.3971900089206066,0.4207145724608591,0.35637823371989297
0,ensemble,eval_in,0.9100762745885187,0.39898544331715924,0.4207145724608591,0.3634759594177327
0,ensemble,eval_in,0.9201124046567644,0.40095986038394416,0.4207145724608591,0.3704188481675393
0,ensemble,eval_in,0.93014853472501,0.4026758739749676,0.4207145724608591,0.3772119119551144
0,ensemble,eval_in,0.9401846647932557,0.40520922288642186,0.4207145724608591,0.3838599487617421
0,ensemble,eval_in,0.9500200722601365,0.4067187830128882,0.4207145724608591,0.3902387492076907
0,ensemble,eval_in,0.9600562023283822,0.40978465398285596,0.4207145724608591,0.39661300439054986
0,ensemble,eval_in,0.9700923323966278,0.4111318021932547,0.4207145724608591,0.4028553693358163
0,ensemble,eval_in,0.9801284624648735,0.4142944910915421,0.4207145724608591,0.40896989555601065
0,ensemble,eval_in,0.9901645925331193,0.41759578349888504,0.4207145724608591,0.4149604703020474
0,ensemble,eval_in,1.0,0.4207145724608591,0.4207145724608591,0.4207145724608591
0,ensemble,eval_out,0.00020032051282051281,0.0,0.5470753205128205,0.0
0,ensemble,eval_out,0.010216346153846154,0.3137254901960784,0.5470753205128205,0.0
0,ensemble,eval_out,0.020232371794871796,0.25742574257425743,0.5470753205128205,0.0
0,ensemble,eval_out,0.030248397435897436,0.2847682119205298,0.5470753205128205,0.0
0,ensemble,eval_out,0.04026442307692308,0.2885572139303483,0.5470753205128205,0.0
0,ensemble,eval_out,0.05028044871794872,0.30677290836653387,0.5470753205128205,0.0
0,ensemble,eval_out,0.06029647435897436,0.3222591362126246,0.5470753205128205,0.0
0,ensemble,eval_out,0.0703125,0.3247863247863248,0.5470753205128205,0.0
0,ensemble,eval_out,0.08032852564102565,0.34663341645885287,0.5470753205128205,0.0
0,ensemble,eval_out,0.09034455128205128,0.352549889135255,0.5470753205128205,0.0
0,ensemble,eval_out,0.10036057692307693,0.3532934131736527,0.5470753205128205,0.0
0,ensemble,eval_out,0.11037660256410256,0.35934664246823955,0.5470753205128205,0.0
0,ensemble,eval_out,0.1201923076923077,0.36,0.5470753205128205,0.0
0,ensemble,eval_out,0.13020833333333334,0.37384615384615383,0.5470753205128205,0.0
0,ensemble,eval_out,0.14022435897435898,0.38571428571428573,0.5470753205128205,0.0
0,ensemble,eval_out,0.1502403846153846,0.39466666666666667,0.5470753205128205,0.0
0,ensemble,eval_out,0.16025641025641027,0.40125,0.5470753205128205,0.0
0,ensemble,eval_out,0.1702724358974359,0.4,0.5470753205128205,0.0
0,ensemble,eval_out,0.18028846153846154,0.4033333333333333,0.5470753205128205,0.0
0,ensemble,eval_out,0.19030448717948717,0.40421052631578946,0.5470753205128205,0.0
0,ensemble,eval_out,0.20032051282051283,0.411,0.5470753205128205,0.0
0,ensemble,eval_out,0.21033653846153846,0.4123809523809524,0.5470753205128205,0.0
0,ensemble,eval_out,0.2203525641025641,0.4109090909090909,0.5470753205128205,0.0
0,ensemble,eval_out,0.23016826923076922,0.41079199303742386,0.5470753205128205,0.0
0,ensemble,eval_out,0.24018429487179488,0.41367806505421184,0.5470753205128205,0.0
0,ensemble,eval_out,0.25020032051282054,0.41393114491593275,0.5470753205128205,0.0
0,ensemble,eval_out,0.26021634615384615,0.4172440338722094,0.5470753205128205,0.0
0,ensemble,eval_out,0.2702323717948718,0.4240177909562639,0.5470753205128205,0.0
0,ensemble,eval_out,0.2802483974358974,0.4281629735525375,0.5470753205128205,0.0
0,ensemble,eval_out,0.2902644230769231,0.4306418219461698,0.5470753205128205,0.0
0,ensemble,eval_out,0.30028044871794873,0.4342895263509006,0.5470753205128205,0.0
0,ensemble,eval_out,0.31029647435897434,0.43770174306003873,0.5470753205128205,0.0
0,ensemble,eval_out,0.3203125,0.44090056285178236,0.5470753205128205,0.0
0,ensemble,eval_out,0.33032852564102566,0.44026682838083686,0.5470753205128205,0.0
0,ensemble,eval_out,0.3401442307692308,0.44346289752650175,0.5470753205128205,0.0
0,ensemble,eval_out,0.3501602564102564,0.44221967963386727,0.5470753205128205,0.0
0,ensemble,eval_out,0.36017628205128205,0.44382647385984425,0.5470753205128205,0.0
0,ensemble,eval_out,0.3701923076923077,0.45021645021645024,0.5470753205128205,0.0
0,ensemble,eval_out,0.3802083333333333,0.45100105374077976,0.5470753205128205,0.0
0,ensemble,eval_out,0.390224358974359,0.45225872689938396,0.5470753205128205,0.0
0,ensemble,eval_out,0.40024038461538464,0.45495495495495497,0.5470753205128205,0.0
0,ensemble,eval_out,0.41025641025641024,0.45361328125,0.5470753205128205,0.0
0,ensemble,eval_out,0.4202724358974359,0.4551954242135367,0.5470753205128205,0.0
0,ensemble,eval_out,0.43028846153846156,0.4585661080074488,0.5470753205128205,0.0
0,ensemble,eval_out,0.44030448717948717,0.462238398544131,0.5470753205128205,0.0
0,ensemble,eval_out,0.4501201923076923,0.4650645304850912,0.5470753205128205,0.0
0,ensemble,eval_out,0.46013621794871795,0.4701784936874184,0.5470753205128205,0.01567261645624728
0,ensemble,eval_out,0.4701522435897436,0.4678312739667661,0.5470753205128205,0.036642522368981675
0,ensemble,eval_out,0.4801682692307692,0.4685022945348352,0.5470753205128205,0.05673758865248227
0,ensemble,eval_out,0.4901842948717949,0.468328565590519,0.5470753205128205,0.0760114425827544
0,ensemble,eval_out,0.5002003205128205,0.47176611934321183,0.5470753205128205,0.09451341609931918
0,ensemble,eval_out,0.5102163461538461,0.4719277581468394,0.5470753205128205,0.11228896741264233
0,ensemble,eval_out,0.5202323717948718,0.4743935309973046,0.5470753205128205,0.1293800539083558
0,ensemble,eval_out,0.5302483974358975,0.47638836418587077,0.5470753205128205,0.14582546278806197
0,ensemble,eval_out,0.5402644230769231,0.4797923618835743,0.5470753205128205,0.16166110493140526
0,ensemble,eval_out,0.5502804487179487,0.48161630870040045,0.5470753205128205,0.17692027666545324
0,ensemble,eval_out,0.5600961538461539,0.4842632331902718,0.5470753205128205,0.1913447782546495
0,ensemble,eval_out,0.5701121794871795,0.48383696416022487,0.5470753205128205,0.2055516514406184
0,ensemble,eval_out,0.5801282051282052,0.4861878453038674,0.5470753205128205,0.21926795580110497
0,ensemble,eval_out,0.5901442307692307,0.4881194840461643,0.5470753205128205,0.23251866938221316
0,ensemble,eval_out,0.6001602564102564,0.48798397863818427,0.5470753205128205,0.24532710280373832
0,ensemble,eval_out,0.610176282051282,0.4885095206828628,0.5470753205128205,0.257715036112935
0,ensemble,eval_out,0.6201923076923077,0.49127906976744184,0.5470753205128205,0.269702842377261
0,ensemble,eval_out,0.6302083333333334,0.49046408137317227,0.5470753205128205,0.28130959949141765
0,ensemble,eval_out,0.6402243589743589,0.48967459324155194,0.5470753205128205,0.2925531914893617
0,ensemble,eval_out,0.6502403846153846,0.49014171287738756,0.5470753205128205,0.30345040049291433
0,ensemble,eval_out,0.6602564102564102,0.49150485436893204,0.5470753205128205,0.3140169902912621
0,ensemble,eval_out,0.6700721153846154,0.49327354260089684,0.5470753205128205,0.32406576980568014
0,ensemble,eval_out,0.6800881410256411,0.49455081001472756,0.5470753205128205,0.334020618556701
0,ensemble,eval_out,0.6901041666666666,0.49637155297532654,0.5470753205128205,0.3436865021770682
0,ensemble,eval_out,0.7001201923076923,0.4967095851216023,0.5470753205128205,0.3530758226037196
0,ensemble,eval_out,0.710136217948718,0.49873060648801126,0.5470753205128205,0.3622002820874471
0,ensemble,eval_out,0.7201522435897436,0.5006954102920723,0.5470753205128205,0.3710709318497914
0,ensemble,eval_out,0.7301682692307693,0.5017832647462277,0.5470753205128205,0.3796982167352538
0,ensemble,eval_out,0.7401842948717948,0.5047361299052774,0.5470753205128205,0.3880920162381597
0,ensemble,eval_out,0.7502003205128205,0.5065420560747663,0.5470753205128205,0.39626168224299063
0,ensemble,eval_out,0.7602163461538461,0.5085638998682477,0.5470753205128205,0.40421607378129115
0,ensemble,eval_out,0.7702323717948718,0.5100130039011703,0.5470753205128205,0.41196358907672304
0,ensemble,eval_out,0.7800480769230769,0.5107858243451464,0.5470753205128205,0.4193631227529533
0,ensemble,eval_out,0.7900641025641025,0.5114097363083164,0.5470753205128205,0.4267241379310345
0,ensemble,eval_out,0.8000801282051282,0.5120180270405609,0.5470753205128205,0.43390085127691536
0,ensemble,eval_out,0.8100961538461539,0.5145895153313551,0.5470753205128205,0.44090009891196835
0,ensemble,eval_out,0.8201121794871795,0.5170981924767953,0.5470753205128205,0.44772838299951145
0,ensemble,eval_out,0.8301282051282052,0.5173745173745173,0.5470753205128205,0.4543918918918919
0,ensemble,eval_out,0.8401442307692307,0.5174058178350024,0.5470753205128205,0.460896518836433
0,ensemble,eval_out,0.8501602564102564,0.5183788878416589,0.5470753205128205,0.4672478793590952
0,ensemble,eval_out,0.860176282051282,0.5195621797857476,0.5470753205128205,0.47345132743362833
0,ensemble,eval_out,0.8701923076923077,0.52048802946593,0.5470753205128205,0.47951197053406996
0,ensemble,eval_out,0.8802083333333334,0.5218479745106964,0.5470753205128205,0.48543468365953574
0,ensemble,eval_out,0.8900240384615384,0.5246455097906819,0.5470753205128205,0.4911096106234526
0,ensemble,eval_out,0.9000400641025641,0.526819496995326,0.5470753205128205,0.4967727576229691
0,ensemble,eval_out,0.9100560897435898,0.5302663438256658,0.5470753205128205,0.50231124807396
0,ensemble,eval_out,0.9200721153846154,0.5316786414108425,0.5470753205128205,0.5077291530590028
0,ensemble,eval_out,0.9300881410256411,0.5337066551798406,0.5470753205128205,0.5130303682963601
0,ensemble,eval_out,0.9401041666666666,0.535478372043469,0.5470753205128205,0.5182186234817814
0,ensemble,eval_out,0.9501201923076923,0.5372127345561881,0.5470753205128205,0.5232974910394266
0,ensemble,eval_out,0.960136217948718,0.5395368245357813,0.5470753205128205,0.5282703943250574
0,ensemble,eval_out,0.9701522435897436,0.5422258930415031,0.5470753205128205,0.5331406153210819
0,ensemble,eval_out,0.9801682692307693,0.542611894543225,0.5470753205128205,0.5379113018597997
0,ensemble,eval_out,0.9901842948717948,0.5450131499089622,0.5470753205128205,0.5425854744082541
0,ensemble,eval_out,1.0,0.5470753205128205,0.5470753205128205,0.5470753205128205
0,ensemble_temperature,eval_in,0.0002007226013649137,0.0,0.4207145724608591,0.0
0,ensemble_temperature,eval_in,0.010236852669610599,0.0392156862745098,0.4207145724608591,0.0
0,ensemble_temperature,eval_in,0.02027298273785628,0.06930693069306931,0.4207145724608591,0.0
0,ensemble_temperature,eval_in,0.030309112806101966,0.0728476821192053,0.4207145724608591,0.0
0,ensemble_temperature,eval_in,0.04034524287434765,0.07462686567164178,0.4207145724608591,0.0
0,ensemble_temperature,eval_in,0.05038137294259334,0.0796812749003984,0.4207145724608591,0.0
0,ensemble_temperature,eval_in,0.060216780409474105,0.10666666666666667,0.4207145724608591,0.0
0,ensemble_temperature,eval_in,0.0702529104777198,0.10857142857142857,0.4207145724608591,0.0
0,ensemble_temperature,eval_in,0.08028904054596547,0.1075,0.4207145724608591,0.0
0,ensemble_temperature,eval_in,0.09032517061421116,0.11555555555555555,0.4207145724608591,0.0
0,ensemble_temperature,eval_in,0.10036130068245684,0.12,0.4207145724608591,0.0
0,ensemble_temperature,eval_in,0.11019670814933762,0.12750455373406194,0.4207145724608591,0.0
0,ensemble_temperature,eval_in,0.1202328382175833,0.1318864774624374,0.4207145724608591,0.0
0,ensemble_temperature,eval_in,0.13026896828582898,0.13713405238828968,0.4207145724608591,0.0
0,ensemble_temperature,eval_in,0.14030509835407468,0.14878397711015737,0.4207145724608591,0.0
0,ensemble_temperature,eval_in,0.15034122842232037,0.15620827770360482,0.4207145724608591,0.0
0,ensemble_temperature,eval_in,0.1601766358892011,0.16040100250626566,0.4207145724608591,0.0
0,ensemble_temperature,eval_in,0.1702127659574468,0.16745283018867924,0.4207145724608591,0.0
0,ensemble_temperature,eval_in,0.1802488960256925,0.1714922048997773,0.4207145724608591,0.0
0,ensemble_temperature,eval_in,0.1902850260939382,0.17088607594936708,0.4207145724608591,0.0
0,ensemble_temperature,eval_in,0.20032115616218385,0.17334669338677355,0.4207145724608591,0.0
0,ensemble_temperature,eval_in,0.21035728623042954,0.17270992366412213,0.4207145724608591,0.0
0,ensemble_temperature,eval_in,0.22019269369731032,0.18596171376481313,0.4207145724608591,0.0
0,ensemble_temperature,eval_in,0.230228823765556,0.1926765475152572,0.4207145724608591,0.0
0,ensemble_temperature,eval_in,0.2402649538338017,0.1996658312447786,0.4207145724608591,0.0
0,ensemble_temperature,eval_in,0.25030108390204736,0.20048115477145148,0.4207145724608591,0.0
0,ensemble_temperature,eval_in,0.2603372139702931,0.20200462606013878,0.4207145724608591,0.0
0,ensemble_temperature,eval_in,0.2701726214371738,0.20356612184249628,0.4207145724608591,0.0
0,ensemble_temperature,eval_in,0.2802087515054195,0.21060171919770773,0.4207145724608591,0.0
0,ensemble_temperature,eval_in,0.2902448815736652,0.21507607192254496,0.4207145724608591,0.0
0,ensemble_temperature,eval_in,0.3002810116419109,0.21724598930481284,0.4207145724608591,0.0
0,ensemble_temperature,eval_in,0.31031714171015656,0.21992238033635186,0.4207145724608591,0.0
0,ensemble_temperature,eval_in,0.32015254917703734,0.22507836990595612,0.4207145724608591,0.0
0,ensemble_temperature,eval_in,0.330188679245283,0.2303951367781155,0.4207145724608591,0.0
0,ensemble_temperature,eval_in,0.3402248093135287,0.23716814159292035,0.4207145724608591,0.0
0,ensemble_temperature,eval_in,0.3502609393817744,0.24240687679083095,0.4207145724608591,0.0
0,ensemble_temperature,eval_in,0.36029706945002005,0.2467966573816156,0.4207145724608591,0.0
0,ensemble_temperature,eval_in,0.3701324769169008,0.24891540130151843,0.4207145724608591,0.0
0,ensemble_temperature,eval_in,0.38016860698514654,0.25079197465681097,0.4207145724608591,0.0
0,ensemble_temperature,eval_in,0.3902047370533922,0.2551440329218107,0.4207145724608591,0.0
0,ensemble_temperature,eval_in,0.4002408671216379,0.2567703109327984,0.4207145724608591,0.0
0,ensemble_temperature,eval_in,0.4102769971898836,0.2636986301369863,0.4207145724608591,0.0
0,ensemble_temperature,eval_in,0.42031312725812925,0.26456542502387775,0.4207145724608591,0.0
0,ensemble_temperature,eval_in,0.43014853472501,0.26738217452169855,0.4207145724608591,0.0
0,ensemble_temperature,eval_in,0.44018466479325574,0.2717738258093935,0.4207145724608591,0.0
0,ensemble_temperature,eval_in,0.4502207948615014,0.27329469460543915,0.4207145724608591,0.0
0,ensemble_temperature,eval_in,0.46025692492974707,0.27780200610553857,0.4207145724608591,0.0
0,ensemble_temperature,eval_in,0.4702930549979928,0.28297055057618437,0.4207145724608591,0.0
0,ensemble_temperature,eval_in,0.48012846246487356,0.2846989966555184,0.4207145724608591,0.0
0,ensemble_temperature,eval_in,0.4901645925331192,0.2870597870597871,0.4207145724608591,0.0
0,ensemble_temperature,eval_in,0.5002007226013649,0.29414125200642055,0.4207145724608591,0.0
0,ensemble_temperature,eval_in,0.5102368526696106,0.2962234461054288,0.4207145724608591,0.0
0,ensemble_temperature,eval_in,0.5202729827378563,0.3001543209876543,0.4207145724608591,0.0
0,ensemble_temperature,eval_in,0.5301083902047371,0.3025369178341537,0.4207145724608591,0.0
0,ensemble_temperature,eval_in,0.5401445202729828,0.3058342623560015,0.4207145724608591,0.0
0,ensemble_temperature,eval_in,0.5501806503412284,0.308646479387085,0.4207145724608591,0.0
0,ensemble_temperature,eval_in,0.5602167804094741,0.310641347187388,0.4207145724608591,0.0
0,ensemble_temperature,eval_in,0.5702529104777198,0.3139739528335093,0.4207145724608591,0.0
0,ensemble_temperature,eval_in,0.5800883179446006,0.3173010380622837,0.4207145724608591,0.001384083044982699
0,ensemble_temperature,eval_in,0.5901244480128462,0.3193877551020408,0.4207145724608591,0.018367346938775512
0,ensemble_temperature,eval_in,0.6001605780810919,0.3217391304347826,0.4207145724608591,0.034782608695652174
0,ensemble_temperature,eval_in,0.6101967081493376,0.3226973684210526,0.4207145724608591,0.0506578947368421
0,ensemble_temperature,eval_in,0.6202328382175833,0.32524271844660196,0.4207145724608591,0.06601941747572816
0,ensemble_temperature,eval_in,0.630268968285829,0.32961783439490444,0.4207145724608591,0.08089171974522293
0,ensemble_temperature,eval_in,0.6401043757527097,0.33270617748510506,0.4207145724608591,0.09501411100658513
0,ensemble_temperature,eval_in,0.6501405058209554,0.3371410929299166,0.4207145724608591,0.10898425439950601
0,ensemble_temperature,eval_in,0.6601766358892012,0.3393128610519915,0.4207145724608591,0.1225296442687747
0,ensemble_temperature,eval_in,0.6702127659574468,0.34291704103024856,0.4207145724608591,0.13566936208445643
0,ensemble_temperature,eval_in,0.6802488960256925,0.3449395101799941,0.4207145724608591,0.14842136323399233
0,ensemble_temperature,eval_in,0.6900843034925732,0.34787667248400234,0.4207145724608591,0.16055846422338568
0,ensemble_temperature,eval_in,0.700120433560819,0.3489105504587156,0.4207145724608591,0.17259174311926606
0,ensemble_temperature,eval_in,0.7101565636290647,0.35217637083097797,0.4207145724608591,0.18428490672696438
0,ensemble_temperature,eval_in,0.7201926936973103,0.35535117056856186,0.4207145724608591,0.1956521739130435
0,ensemble_temperature,eval_in,0.730228823765556,0.35871357888949973,0.4207145724608591,0.20670698185816383
0,ensemble_temperature,eval_in,0.7400642312324368,0.36154054787089773,0.4207145724608591,0.21724979658258747
0,ensemble_temperature,eval_in,0.7501003613006825,0.3636606903933637,0.4207145724608591,0.22772277227722773
0,ensemble_temperature,eval_in,0.7601364913689281,0.3646686031159229,0.4207145724608591,0.23791919725376287
0,ensemble_temperature,eval_in,0.7701726214371738,0.3674745895230649,0.4207145724608591,0.24784988272087569
0,ensemble_temperature,eval_in,0.7802087515054195,0.368150244404425,0.4207145724608591,0.25752508361204013
0,ensemble_temperature,eval_in,0.7900441589723003,0.3701727642276423,0.4207145724608591,0.26676829268292684
0,ensemble_temperature,eval_in,0.800080289040546,0.3738083291520321,0.4207145724608591,0.27596588058203714
0,ensemble_temperature,eval_in,0.8101164191087916,0.3773538156590684,0.4207145724608591,0.2849355797819623
0,ensemble_temperature,eval_in,0.8201525491770373,0.3790993636808615,0.4207145724608591,0.2936857562408223
0,ensemble_temperature,eval_in,0.8301886792452831,0.3817698259187621,0.4207145724608591,0.30222437137330754
0,ensemble_temperature,eval_in,0.8402248093135287,0.38365981844242714,0.4207145724608591,0.3105590062111801
0,ensemble_temperature,eval_in,0.8500602167804094,0.3841794569067296,0.4207145724608591,0.31853600944510035
0,ensemble_temperature,eval_in,0.8600963468486552,0.3869311551925321,0.4207145724608591,0.326487747957993
0,ensemble_temperature,eval_in,0.8701324769169009,0.3891580161476355,0.4207145724608591,0.3342560553633218
0,ensemble_temperature,eval_in,0.8801686069851465,0.3924743443557583,0.4207145724608591,0.3418472063854048
0,ensemble_temperature,eval_in,0.8902047370533922,0.3959413754227734,0.4207145724608591,0.3492671927846674
0,ensemble_temperature,eval_in,0.900040144520273,0.3971900089206066,0.4207145724608591,0.35637823371989297
0,ensemble_temperature,eval_in,0.9100762745885187,0.3985443317159241,0.4207145724608591,0.3634759594177327
0,ensemble_temperature,eval_in,0.9201124046567644,0.4011780104712042,0.4207145724608591,0.3704188481675393
0,ensemble_temperature,eval_in,0.93014853472501,0.4031074665515753,0.4207145724608591,0.3772119119551144
0,ensemble_temperature,eval_in,0.9401846647932557,0.40563620836891545,0.4207145724608591,0.3838599487617421
0,ensemble_temperature,eval_in,0.9500200722601365,0.4065075005282062,0.4207145724608591,0.3902387492076907
0,ensemble_temperature,eval_in,0.9600562023283822,0.40978465398285596,0.4207145724608591,0.39661300439054986
0,ensemble_temperature,eval_in,0.9700923323966278,0.41154562383612664,0.4207145724608591,0.4028553693358163
0,ensemble_temperature,eval_in,0.9801284624648735,0.4142944910915421,0.4207145724608591,0.40896989555601065
0,ensemble_temperature,eval_in,0.9901645925331193,0.41759578349888504,0.4207145724608591,0.4149604703020474
0,ensemble_temperature,eval_in,1.0,0.4207145724608591,0.4207145724608591,0.4207145724608591
0,ensemble_temperature,eval_out,0.00020032051282051281,0.0,0.5470753205128205,0.0
0,ensemble_temperature,eval_out,0.010216346153846154,0.3137254901960784,0.5470753205128205,0.0
0,ensemble_temperature,eval_out,0.020232371794871796,0.25742574257425743,0.5470753205128205,0.0
0,ensemble_temperature,eval_out,0.030248397435897436,0.2847682119205298,0.5470753205128205,0.0
0,ensemble_temperature,eval_out,0.04026442307692308,0.2885572139303483,0.5470753205128205,0.0
0,ensemble_temperature,eval_out,0.05028044871794872,0.30677290836653387,0.5470753205128205,0.0
0,ensemble_temperature,eval_out,0.06029647435897436,0.3222591362126246,0.5470753205128205,0.0
0,ensemble_temperature,eval_out,0.0703125,0.3247863247863248,0.5470753205128205,0.0
0,ensemble_temperature,eval_out,0.08032852564102565,0.34413965087281795,0.5470753205128205,0.0
0,ensemble_temperature,eval_out,0.09034455128205128,0.35033259423503327,0.5470753205128205,0.0
0,ensemble_temperature,eval_out,0.10036057692307693,0.3532934131736527,0.5470753205128205,0.0
0,ensemble_temperature,eval_out,0.11037660256410256,0.35934664246823955,0.5470753205128205,0.0
0,ensemble_temperature,eval_out,0.1201923076923077,0.3616666666666667,0.5470753205128205,0.0
0,ensemble_temperature,eval_out,0.13020833333333334,0.3723076923076923,0.5470753205128205,0.0
0,ensemble_temperature,eval_out,0.14022435897435898,0.3842857142857143,0.5470753205128205,0.0
0,ensemble_temperature,eval_out,0.1502403846153846,0.396,0.5470753205128205,0.0
0,ensemble_temperature,eval_out,0.16025641025641027,0.40125,0.5470753205128205,0.0
0,ensemble_temperature,eval_out,0.1702724358974359,0.3976470588235294,0.5470753205128205,0.0
0,ensemble_temperature,eval_out,0.18028846153846154,0.4022222222222222,0.5470753205128205,0.0
0,ensemble_temperature,eval_out,0.19030448717948717,0.40421052631578946,0.5470753205128205,0.0
0,ensemble_temperature,eval_out,0.20032051282051283,0.409,0.5470753205128205,0.0
0,ensemble_temperature,eval_out,0.21033653846153846,0.4114285714285714,0.5470753205128205,0.0
0,ensemble_temperature,eval_out,0.2203525641025641,0.4090909090909091,0.5470753205128205,0.0
0,ensemble_temperature,eval_out,0.23016826923076922,0.41079199303742386,0.5470753205128205,0.0
0,ensemble_temperature,eval_out,0.24018429487179488,0.41284403669724773,0.5470753205128205,0.0
0,ensemble_temperature,eval_out,0.25020032051282054,0.41313050440352284,0.5470753205128205,0.0
0,ensemble_temperature,eval_out,0.26021634615384615,0.4210931485758276,0.5470753205128205,0.0
0,ensemble_temperature,eval_out,0.2702323717948718,0.4240177909562639,0.5470753205128205,0.0
0,ensemble_temperature,eval_out,0.2802483974358974,0.4281629735525375,0.5470753205128205,0.0
0,ensemble_temperature,eval_out,0.2902644230769231,0.4313319530710835,0.5470753205128205,0.0
0,ensemble_temperature,eval_out,0.30028044871794873,0.4322881921280854,0.5470753205128205,0.0
0,ensemble_temperature,eval_out,0.31029647435897434,0.43834732085216266,0.5470753205128205,0.0
0,ensemble_temperature,eval_out,0.3203125,0.44027517198248906,0.5470753205128205,0.0
0,ensemble_temperature,eval_out,0.33032852564102566,0.4408732565191025,0.5470753205128205,0.0
0,ensemble_temperature,eval_out,0.3401442307692308,0.44346289752650175,0.5470753205128205,0.0
0,ensemble_temperature,eval_out,0.3501602564102564,0.4416475972540046,0.5470753205128205,0.0
0,ensemble_temperature,eval_out,0.36017628205128205,0.44549499443826474,0.5470753205128205,0.0
0,ensemble_temperature,eval_out,0.3701923076923077,0.4491341991341991,0.5470753205128205,0.0
0,ensemble_temperature,eval_out,0.3802083333333333,0.4494204425711275,0.5470753205128205,0.0
0,ensemble_temperature,eval_out,0.390224358974359,0.45225872689938396,0.5470753205128205,0.0
0,ensemble_temperature,eval_out,0.40024038461538464,0.45395395395395394,0.5470753205128205,0.0
0,ensemble_temperature,eval_out,0.41025641025641024,0.45361328125,0.5470753205128205,0.0
0,ensemble_temperature,eval_out,0.4202724358974359,0.45567206863679693,0.5470753205128205,0.0
0,ensemble_temperature,eval_out,0.43028846153846156,0.4594972067039106,0.5470753205128205,0.0
0,ensemble_temperature,eval_out,0.44030448717948717,0.4626933575978162,0.5470753205128205,0.0
0,ensemble_temperature,eval_out,0.4501201923076923,0.46639964396973743,0.5470753205128205,0.0
0,ensemble_temperature,eval_out,0.46013621794871795,0.46887244231606445,0.5470753205128205,0.01567261645624728
0,ensemble_temperature,eval_out,0.4701522435897436,0.4682573498082659,0.5470753205128205,0.036642522368981675
0,ensemble_temperature,eval_out,0.4801682692307692,0.46766791823112225,0.5470753205128205,0.05673758865248227
0,ensemble_temperature,eval_out,0.4901842948717949,0.4695545565999183,0.5470753205128205,0.0760114425827544
0,ensemble_temperature,eval_out,0.5002003205128205,0.4709651581898278,0.5470753205128205,0.09451341609931918
0,ensemble_temperature,eval_out,0.5102163461538461,0.4723203769140165,0.5470753205128205,0.11228896741264233
0,ensemble_temperature,eval_out,0.5202323717948718,0.47477859068155565,0.5470753205128205,0.1293800539083558
0,ensemble_temperature,eval_out,0.5302483974358975,0.477521722704949,0.5470753205128205,0.14582546278806197
0,ensemble_temperature,eval_out,0.5402644230769231,0.4783092324805339,0.5470753205128205,0.16166110493140526
0,ensemble_temperature,eval_out,0.5502804487179487,0.4801601747360757,0.5470753205128205,0.17692027666545324
0,ensemble_temperature,eval_out,0.5600961538461539,0.48497854077253216,0.5470753205128205,0.1913447782546495
0,ensemble_temperature,eval_out,0.5701121794871795,0.4848910751932537,0.5470753205128205,0.2055516514406184
0,ensemble_temperature,eval_out,0.5801282051282052,0.48549723756906077,0.5470753205128205,0.21926795580110497
0,ensemble_temperature,eval_out,0.5901442307692307,0.48676171079429736,0.5470753205128205,0.23251866938221316
0,ensemble_temperature,eval_out,0.6001602564102564,0.48898531375166887,0.5470753205128205,0.24532710280373832
0,ensemble_temperature,eval_out,0.610176282051282,0.48949441891004597,0.5470753205128205,0.257715036112935
0,ensemble_temperature,eval_out,0.6201923076923077,0.4899870801033592,0.5470753205128205,0.269702842377261
0,ensemble_temperature,eval_out,0.6302083333333334,0.4901462174189447,0.5470753205128205,0.28130959949141765
0,ensemble_temperature,eval_out,0.6402243589743589,0.4899874843554443,0.5470753205128205,0.2925531914893617
0,ensemble_temperature,eval_out,0.6502403846153846,0.49014171287738756,0.5470753205128205,0.30345040049291433
0,ensemble_temperature,eval_out,0.6602564102564102,0.49150485436893204,0.5470753205128205,0.3140169902912621
0,ensemble_temperature,eval_out,0.6700721153846154,0.4929745889387145,0.5470753205128205,0.32406576980568014
0,ensemble_temperature,eval_out,0.6800881410256411,0.49337260677466865,0.5470753205128205,0.334020618556701
0,ensemble_temperature,eval_out,0.6901041666666666,0.49550072568940495,0.5470753205128205,0.3436865021770682
0,ensemble_temperature,eval_out,0.7001201923076923,0.4972818311874106,0.5470753205128205,0.3530758226037196
0,ensemble_temperature,eval_out,0.710136217948718,0.49873060648801126,0.5470753205128205,0.3622002820874471
0,ensemble_temperature,eval_out,0.7201522435897436,0.5001390820584145,0.5470753205128205,0.3710709318497914
0,ensemble_temperature,eval_out,0.7301682692307693,0.5026063100137175,0.5470753205128205,0.3796982167352538
0,ensemble_temperature,eval_out,0.7401842948717948,0.5044654939106902,0.5470753205128205,0.3880920162381597
0,ensemble_temperature,eval_out,0.7502003205128205,0.5062750333778371,0.5470753205128205,0.39626168224299063
0,ensemble_temperature,eval_out,0.7602163461538461,0.5088274044795784,0.5470753205128205,0.40421607378129115
0,ensemble_temperature,eval_out,0.7702323717948718,0.5102730819245773,0.5470753205128205,0.41196358907672304
0,ensemble_temperature,eval_out,0.7800480769230769,0.5100154083204931,0.5470753205128205,0.4193631227529533
0,ensemble_temperature,eval_out,0.7900641025641025,0.5121703853955375,0.5470753205128205,0.4267241379310345
0,ensemble_temperature,eval_out,0.8000801282051282,0.5122684026039058,0.5470753205128205,0.43390085127691536
0,ensemble_temperature,eval_out,0.8100961538461539,0.5148367952522255,0.5470753205128205,0.44090009891196835
0,ensemble_temperature,eval_out,0.8201121794871795,0.5168539325842697,0.5470753205128205,0.44772838299951145
0,ensemble_temperature,eval_out,0.8301282051282052,0.5171332046332047,0.5470753205128205,0.4543918918918919
0,ensemble_temperature,eval_out,0.8401442307692307,0.5174058178350024,0.5470753205128205,0.460896518836433
0,ensemble_temperature,eval_out,0.8501602564102564,0.5186145146088595,0.5470753205128205,0.4672478793590952
0,ensemble_temperature,eval_out,0.860176282051282,0.5190964136003726,0.5470753205128205,0.47345132743362833
0,ensemble_temperature,eval_out,0.8701923076923077,0.5202578268876611,0.5470753205128205,0.47951197053406996
0,ensemble_temperature,eval_out,0.8802083333333334,0.5229858898497952,0.5470753205128205,0.48543468365953574
0,ensemble_temperature,eval_out,0.8900240384615384,0.5246455097906819,0.5470753205128205,0.4911096106234526
0,ensemble_temperature,eval_out,0.9000400641025641,0.526819496995326,0.5470753205128205,0.4967727576229691
0,ensemble_temperature,eval_out,0.9100560897435898,0.5298261060972925,0.5470753205128205,0.50231124807396
0,ensemble_temperature,eval_out,0.9200721153846154,0.5316786414108425,0.5470753205128205,0.5077291530590028
0,ensemble_temperature,eval_out,0.9300881410256411,0.5337066551798406,0.5470753205128205,0.5130303682963601
0,ensemble_temperature,eval_out,0.9401041666666666,0.5356914553590454,0.5470753205128205,0.5182186234817814
0,ensemble_temperature,eval_out,0.9501201923076923,0.5372127345561881,0.5470753205128205,0.5232974910394266
0,ensemble_temperature,eval_out,0.960136217948718,0.5395368245357813,0.5470753205128205,0.5282703943250574
0,ensemble_temperature,eval_out,0.9701522435897436,0.5418129258723932,0.5470753205128205,0.5331406153210819
0,ensemble_temperature,eval_out,0.9801682692307693,0.5428162681381565,0.5470753205128205,0.5379113018597997
0,ensemble_temperature,eval_out,0.9901842948717948,0.5450131499089622,0.5470753205128205,0.5425854744082541
0,ensemble_temperature,eval_out,1.0,0.5470753205128205,0.5470753205128205,0.5470753205128205
1,mlp,eval_in,0.0002007226013649137,0.0,0.42753914090726614,0.0
1,mlp,eval_in,0.010236852669610599,0.13725490196078433,0.42753914090726614,0.0
1,mlp,eval_in,0.02027298273785628,0.0891089108910891,0.42753914090726614,0.0
1,mlp,eval_in,0.030309112806101966,0.07947019867549669,0.42753914090726614,0.0
1,mlp,eval_in,0.04034524287434765,0.0845771144278607,0.42753914090726614,0.0
1,mlp,eval_in,0.05038137294259334,0.0796812749003984,0.42753914090726614,0.0
1,mlp,eval_in,0.060216780409474105,0.08,0.42753914090726614,0.0
1,mlp,eval_in,0.0702529104777198,0.09714285714285714,0.42753914090726614,0.0
1,mlp,eval_in,0.08028904054596547,0.095,0.42753914090726614,0.0
1,mlp,eval_in,0.09032517061421116,0.1111111111111111,0.42753914090726614,0.0
1,mlp,eval_in,0.10036130068245684,0.116,0.42753914090726614,0.0
1,mlp,eval_in,0.11019670814933762,0.12932604735883424,0.42753914090726614,0.0
1,mlp,eval_in,0.1202328382175833,0.1302170283806344,0.42753914090726614,0.0
1,mlp,eval_in,0.13026896828582898,0.13559322033898305,0.42753914090726614,0.0
1,mlp,eval_in,0.14030509835407468,0.13590844062947066,0.42753914090726614,0.0
1,mlp,eval_in,0.15034122842232037,0.14419225634178906,0.42753914090726614,0.0
1,mlp,eval_in,0.1601766358892011,0.15664160401002505,0.42753914090726614,0.0
1,mlp,eval_in,0.1702127659574468,0.1580188679245283,0.42753914090726614,0.0
1,mlp,eval_in,0.1802488960256925,0.16703786191536749,0.42753914090726614,0.0
1,mlp,eval_in,0.1902850260939382,0.17721518987341772,0.42753914090726614,0.0
1,mlp,eval_in,0.20032115616218385,0.17835671342685372,0.42753914090726614,0.0
1,mlp,eval_in,0.21035728623042954,0.18416030534351144,0.42753914090726614,0.0
1,mlp,eval_in,0.22019269369731032,0.18960802187784867,0.42753914090726614,0.0
1,mlp,eval_in,0.230228823765556,0.1961639058413252,0.42753914090726614,0.0
1,mlp,eval_in,0.2402649538338017,0.20133667502088554,0.42753914090726614,0.0
1,mlp,eval_in,0.25030108390204736,0.21170809943865276,0.42753914090726614,0.0
1,mlp,eval_in,0.2603372139702931,0.2189668465690054,0.42753914090726614,0.0
1,mlp,eval_in,0.2701726214371738,0.22659732540861813,0.42753914090726614,0.0
1,mlp,eval_in,0.2802087515054195,0.22994269340974213,0.42753914090726614,0.0
1,mlp,eval_in,0.2902448815736652,0.2351313969571231,0.42753914090726614,0.0
1,mlp,eval_in,0.3002810116419109,0.23663101604278075,0.42753914090726614,0.0
1,mlp,eval_in,0.31031714171015656,0.240620957309185,0.42753914090726614,0.0
1,mlp,eval_in,0.32015254917703734,0.24702194357366772,0.42753914090726614,0.0
1,mlp,eval_in,0.330188679245283,0.24376899696048632,0.42753914090726614,0.0
1,mlp,eval_in,0.3402248093135287,0.24955752212389382,0.42753914090726614,0.0
1,mlp,eval_in,0.3502609393817744,0.2521489971346705,0.42753914090726614,0.0
1,mlp,eval_in,0.36029706945002005,0.25571030640668524,0.42753914090726614,0.0
1,mlp,eval_in,0.3701324769169008,0.2559652928416486,0.42753914090726614,0.0
1,mlp,eval_in,0.38016860698514654,0.25818373812038015,0.42753914090726614,0.0
1,mlp,eval_in,0.3902047370533922,0.26286008230452673,0.42753914090726614,0.0
1,mlp,eval_in,0.4002408671216379,0.26730190571715146,0.42753914090726614,0.0
1,mlp,eval_in,0.4102769971898836,0.27152641878669276,0.42753914090726614,0.0
1,mlp,eval_in,0.42031312725812925,0.272683858643744,0.42753914090726614,0.0
1,mlp,eval_in,0.43014853472501,0.2762482501166589,0.42753914090726614,0.0
1,mlp,eval_in,0.44018466479325574,0.2777017783857729,0.42753914090726614,0.0
1,mlp,eval_in,0.4502207948615014,0.27819884083816315,0.42753914090726614,0.0
1,mlp,eval_in,0.46025692492974707,0.28259921500218055,0.42753914090726614,0.0
1,mlp,eval_in,0.4702930549979928,0.28681177976952626,0.42753914090726614,0.0
1,mlp,eval_in,0.48012846246487356,0.29138795986622074,0.42753914090726614,0.0
1,mlp,eval_in,0.4901645925331192,0.29238329238329236,0.42753914090726614,0.0
1,mlp,eval_in,0.5002007226013649,0.29614767255216695,0.42753914090726614,0.0
1,mlp,eval_in,0.5102368526696106,0.2977970102281668,0.42753914090726614,0.0
1,mlp,eval_in,0.5202729827378563,0.29822530864197533,0.42753914090726614,0.0
1,mlp,eval_in,0.5301083902047371,0.3006436955698599,0.42753914090726614,0.0
1,mlp,eval_in,0.5401445202729828,0.3017465626161278,0.42753914090726614,0.0
1,mlp,eval_in,0.5501806503412284,0.3046333454943451,0.42753914090726614,0.0
1,mlp,eval_in,0.5602167804094741,0.30813328556073094,0.42753914090726614,0.0
1,mlp,eval_in,0.5702529104777198,0.312917986624428,0.42753914090726614,0.0
1,mlp,eval_in,0.5800883179446006,0.31418685121107265,0.42753914090726614,0.01314878892733564
1,mlp,eval_in,0.5901244480128462,0.31768707482993197,0.42753914090726614,0.029931972789115645
1,mlp,eval_in,0.6001605780810919,0.3214046822742475,0.42753914090726614,0.046153846153846156
1,mlp,eval_in,0.6101967081493376,0.32598684210526313,0.42753914090726614,0.06184210526315789
1,mlp,eval_in,0.6202328382175833,0.3284789644012945,0.42753914090726614,0.07702265372168285
1,mlp,eval_in,0.630268968285829,0.33152866242038215,0.42753914090726614,0.09171974522292993
1,mlp,eval_in,0.6401043757527097,0.3345876450297899,0.42753914090726614,0.10567576042646598
1,mlp,eval_in,0.6501405058209554,0.3368323556653288,0.42753914090726614,0.11948132139549243
1,mlp,eval_in,0.6601766358892012,0.34022499239890547,0.42753914090726614,0.13286713286713286
1,mlp,eval_in,0.6702127659574468,0.34261755016471995,0.42753914090726614,0.14585205151242886
1,mlp,eval_in,0.6802488960256925,0.346119799350841,0.42753914090726614,0.1584538211861906
1,mlp,eval_in,0.6900843034925732,0.35049447353112273,0.42753914090726614,0.17044793484584062
1,mlp,eval_in,0.700120433560819,0.3543577981651376,0.42753914090726614,0.1823394495412844
1,mlp,eval_in,0.7101565636290647,0.3552854720180893,0.42753914090726614,0.19389485585076313
1,mlp,eval_in,0.7201926936973103,0.358695652173913,0.42753914090726614,0.20512820512820512
1,mlp,eval_in,0.730228823765556,0.3598130841121495,0.42753914090726614,0.2160527762506872
1,mlp,eval_in,0.7400642312324368,0.36316788717114185,0.42753914090726614,0.22647138595063737
1,mlp,eval_in,0.7501003613006825,0.36526625635536525,0.42753914090726614,0.23682097939523683
1,mlp,eval_in,0.7601364913689281,0.36730921573805125,0.42753914090726614,0.2468972801689992
1,mlp,eval_in,0.7701726214371738,0.3695595517331248,0.42753914090726614,0.2567109721136304
1,mlp,eval_in,0.7802087515054195,0.37252379727296114,0.42753914090726614,0.26627218934911245
1,mlp,eval_in,0.7900441589723003,0.3747459349593496,0.42753914090726614,0.27540650406504064
1,mlp,eval_in,0.800080289040546,0.3770697441043653,0.42753914090726614,0.28449573507275466
1,mlp,eval_in,0.8101164191087916,0.37933597621407333,0.42753914090726614,0.2933597621407334
1,mlp,eval_in,0.8201525491770373,0.38179148311306904,0.42753914090726614,0.3020068526676456
1,mlp,eval_in,0.8301886792452831,0.3837040618955513,0.42753914090726614,0.3104448742746615
1,mlp,eval_in,0.8402248093135287,0.3855709507883421,0.42753914090726614,0.31868131868131866
1,mlp,eval_in,0.8500602167804094,0.3889020070838253,0.42753914090726614,0.3265643447461629
1,mlp,eval_in,0.8600963468486552,0.3925320886814469,0.42753914090726614,0.33442240373395565
1,mlp,eval_in,0.8701324769169009,0.39469434832756634,0.42753914090726614,0.34209919261822375
1,mlp,eval_in,0.8801686069851465,0.39954389965792475,0.42753914090726614,0.3496009122006842
1,mlp,eval_in,0.8902047370533922,0.4015783540022548,0.42753914090726614,0.3569334836527621
1,mlp,eval_in,0.900040144520273,0.40388046387154325,0.42753914090726614,0.3639607493309545
1,mlp,eval_in,0.9100762745885187,0.40648434053815613,0.42753914090726614,0.3709748566387296
1,mlp,eval_in,0.9201124046567644,0.4088132635253054,0.42753914090726614,0.37783595113438045
1,mlp,eval_in,0.93014853472501,0.41173931808372893,0.42753914090726614,0.38454898575744495
1,mlp,eval_in,0.9401846647932557,0.41438941076003416,0.42753914090726614,0.39111870196413323
1,mlp,eval_in,0.9500200722601365,0.41622649482357915,0.42753914090726614,0.39742235368687934
1,mlp,eval_in,0.9600562023283822,0.4179385323019026,0.42753914090726614,0.4037215136943341
1,mlp,eval_in,0.9700923323966278,0.4206496999793089,0.42753914090726614,0.4098903372646389
1,mlp,eval_in,0.9801284624648735,0.42371492934671307,0.42753914090726614,0.4159328281793979
1,mlp,eval_in,0.9901645925331193,0.42550172308939793,0.42753914090726614,0.4218528278937766
1,mlp,eval_in,1.0,0.42753914090726614,0.42753914090726614,0.42753914090726614
1,mlp,eval_out,0.00020032051282051281,1.0,0.5540865384615384,0.0
1,mlp,eval_out,0.010216346153846154,0.27450980392156865,0.5540865384615384,0.0
1,mlp,eval_out,0.020232371794871796,0.26732673267326734,0.5540865384615384,0.0
1,mlp,eval_out,0.030248397435897436,0.2980132450331126,0.5540865384615384,0.0
1,mlp,eval_out,0.04026442307692308,0.31343283582089554,0.5540865384615384,0.0
1,mlp,eval_out,0.05028044871794872,0.32669322709163345,0.5540865384615384,0.0
1,mlp,eval_out,0.06029647435897436,0.31561461794019935,0.5540865384615384,0.0
1,mlp,eval_out,0.0703125,0.33618233618233617,0.5540865384615384,0.0
1,mlp,eval_out,0.08032852564102565,0.34413965087281795,0.5540865384615384,0.0
1,mlp,eval_out,0.09034455128205128,0.35476718403547675,0.5540865384615384,0.0
1,mlp,eval_out,0.10036057692307693,0.35728542914171657,0.5540865384615384,0.0
1,mlp,eval_out,0.11037660256410256,0.35753176043557167,0.5540865384615384,0.0
1,mlp,eval_out,0.1201923076923077,0.36833333333333335,0.5540865384615384,0.0
1,mlp,eval_out,0.13020833333333334,0.37846153846153846,0.5540865384615384,0.0
1,mlp,eval_out,0.14022435897435898,0.37714285714285717,0.5540865384615384,0.0
1,mlp,eval_out,0.1502403846153846,0.38666666666666666,0.5540865384615384,0.0
1,mlp,eval_out,0.16025641025641027,0.3925,0.5540865384615384,0.0
1,mlp,eval_out,0.1702724358974359,0.3952941176470588,0.5540865384615384,0.0
1,mlp,eval_out,0.18028846153846154,0.3988888888888889,0.5540865384615384,0.0
1,mlp,eval_out,0.19030448717948717,0.4063157894736842,0.5540865384615384,0.0
1,mlp,eval_out,0.20032051282051283,0.41,0.5540865384615384,0.0
1,mlp,eval_out,0.21033653846153846,0.4114285714285714,0.5540865384615384,0.0
1,mlp,eval_out,0.2203525641025641,0.42,0.5540865384615384,0.0
1,mlp,eval_out,0.23016826923076922,0.42384682332463014,0.5540865384615384,0.0
1,mlp,eval_out,0.24018429487179488,0.4261884904086739,0.5540865384615384,0.0
1,mlp,eval_out,0.25020032051282054,0.4267413931144916,0.5540865384615384,0.0
1,mlp,eval_out,0.26021634615384615,0.42802155504234024,0.5540865384615384,0.0
1,mlp,eval_out,0.2702323717948718,0.43439584877687176,0.5540865384615384,0.0
1,mlp,eval_out,0.2802483974358974,0.43316654753395284,0.5540865384615384,0.0
1,mlp,eval_out,0.2902644230769231,0.4354727398205659,0.5540865384615384,0.0
1,mlp,eval_out,0.30028044871794873,0.4362908605737158,0.5540865384615384,0.0
1,mlp,eval_out,0.31029647435897434,0.4409296320206585,0.5540865384615384,0.0
1,mlp,eval_out,0.3203125,0.442151344590369,0.5540865384615384,0.0
1,mlp,eval_out,0.33032852564102566,0.4426925409338993,0.5540865384615384,0.0
1,mlp,eval_out,0.3401442307692308,0.444640753828033,0.5540865384615384,0.0
1,mlp,eval_out,0.3501602564102564,0.44565217391304346,0.5540865384615384,0.0
1,mlp,eval_out,0.36017628205128205,0.449944382647386,0.5540865384615384,0.0
1,mlp,eval_out,0.3701923076923077,0.45021645021645024,0.5540865384615384,0.0
1,mlp,eval_out,0.3802083333333333,0.45258166491043206,0.5540865384615384,0.0
1,mlp,eval_out,0.390224358974359,0.4517453798767967,0.5540865384615384,0.0
1,mlp,eval_out,0.40024038461538464,0.45545545545545546,0.5540865384615384,0.0
1,mlp,eval_out,0.41025641025641024,0.45703125,0.5540865384615384,0.0
1,mlp,eval_out,0.4202724358974359,0.45853193517635843,0.5540865384615384,0.0
1,mlp,eval_out,0.43028846153846156,0.4613594040968343,0.5540865384615384,0.0
1,mlp,eval_out,0.44030448717948717,0.46360327570518656,0.5540865384615384,0.0
1,mlp,eval_out,0.4501201923076923,0.46461949265687585,0.5540865384615384,0.009345794392523364
1,mlp,eval_out,0.46013621794871795,0.4658249891162386,0.5540865384615384,0.03090988245537658
1,mlp,eval_out,0.4701522435897436,0.46697912228376653,0.5540865384615384,0.05155517682147422
1,mlp,eval_out,0.4801682692307692,0.46975385899040467,0.5540865384615384,0.07133917396745933
1,mlp,eval_out,0.4901842948717949,0.47078054760931753,0.5540865384615384,0.09031467102574581
1,mlp,eval_out,0.5002003205128205,0.47176611934321183,0.5540865384615384,0.10853023628354025
1,mlp,eval_out,0.5102163461538461,0.4719277581468394,0.5540865384615384,0.12603062426383982
1,mlp,eval_out,0.5202323717948718,0.4740084713130535,0.5540865384615384,0.14285714285714285
1,mlp,eval_out,0.5302483974358975,0.47563279183981866,0.5540865384615384,0.1590479788439743
1,mlp,eval_out,0.5402644230769231,0.4797923618835743,0.5540865384615384,0.1746384872080089
1,mlp,eval_out,0.5502804487179487,0.48161630870040045,0.5540865384615384,0.1896614488532945
1,mlp,eval_out,0.5600961538461539,0.4853361945636624,0.5540865384615384,0.20386266094420602
1,mlp,eval_out,0.5701121794871795,0.4884047786366831,0.5540865384615384,0.21784961349262122
1,mlp,eval_out,0.5801282051282052,0.48929558011049723,0.5540865384615384,0.231353591160221
1,mlp,eval_out,0.5901442307692307,0.49049558723693143,0.5540865384615384,0.24439918533604887
1,mlp,eval_out,0.6001602564102564,0.49198931909212285,0.5540865384615384,0.2570093457943925
1,mlp,eval_out,0.610176282051282,0.4937623112278398,0.5540865384615384,0.2692055154300722
1,mlp,eval_out,0.6201923076923077,0.4967700258397933,0.5540865384615384,0.2810077519379845
1,mlp,eval_out,0.6302083333333334,0.4971392244119517,0.5540865384615384,0.29243483788938335
1,mlp,eval_out,0.6402243589743589,0.5,0.5540865384615384,0.30350438047559447
1,mlp,eval_out,0.6502403846153846,0.5024645717806531,0.5540865384615384,0.3142329020332717
1,mlp,eval_out,0.6602564102564102,0.5045509708737864,0.5540865384615384,0.3246359223300971
1,mlp,eval_out,0.6700721153846154,0.5067264573991032,0.5540865384615384,0.3345291479820628
1,mlp,eval_out,0.6800881410256411,0.5104565537555228,0.5540865384615384,0.3443298969072165
1,mlp,eval_out,0.6901041666666666,0.5108853410740203,0.5540865384615384,0.35384615384615387
1,mlp,eval_out,0.7001201923076923,0.5124463519313305,0.5540865384615384,0.3630901287553648
1,mlp,eval_out,0.710136217948718,0.5136812411847673,0.5540865384615384,0.37207334273624826
1,mlp,eval_out,0.7201522435897436,0.5162726008344923,0.5540865384615384,0.3808066759388039
1,mlp,eval_out,0.7301682692307693,0.5157750342935528,0.5540865384615384,0.3893004115226337
1,mlp,eval_out,0.7401842948717948,0.5166441136671177,0.5540865384615384,0.39756427604871447
1,mlp,eval_out,0.7502003205128205,0.5161548731642189,0.5540865384615384,0.405607476635514
1,mlp,eval_out,0.7602163461538461,0.518840579710145,0.5540865384615384,0.4134387351778656
1,mlp,eval_out,0.7702323717948718,0.5206762028608583,0.5540865384615384,0.42106631989596877
1,mlp,eval_out,0.7800480769230769,0.5225988700564972,0.5540865384615384,0.4283513097072419
1,mlp,eval_out,0.7900641025641025,0.5230730223123732,0.5540865384615384,0.4355983772819473
1,mlp,eval_out,0.8000801282051282,0.5240360540811216,0.5540865384615384,0.442663995993991
1,mlp,eval_out,0.8100961538461539,0.5244807121661721,0.5540865384615384,0.4495548961424332
1,mlp,eval_out,0.8201121794871795,0.5261358085002442,0.5540865384615384,0.4562774792379091
1,mlp,eval_out,0.8301282051282052,0.5287162162162162,0.5540865384615384,0.46283783783783783
1,mlp,eval_out,0.8401442307692307,0.5302813543156891,0.5540865384615384,0.46924177396280403
1,mlp,eval_out,0.8501602564102564,0.5318096135721018,0.5540865384615384,0.4754948162111216
1,mlp,eval_out,0.860176282051282,0.5340009315323707,0.5540865384615384,0.4816022356776898
1,mlp,eval_out,0.8701923076923077,0.5347605893186004,0.5540865384615384,0.48756906077348067
1,mlp,eval_out,0.8802083333333334,0.5357305416477014,0.5540865384615384,0.49340009103322713
1,mlp,eval_out,0.8900240384615384,0.5379248255683097,0.5540865384615384,0.4989871708305199
1,mlp,eval_out,0.9000400641025641,0.5383930558646783,0.5540865384615384,0.5045626530158024
1,mlp,eval_out,0.9100560897435898,0.539291217257319,0.5540865384615384,0.5100154083204931
1,mlp,eval_out,0.9200721153846154,0.5412584367515785,0.5540865384615384,0.5153494448073155
1,mlp,eval_out,0.9300881410256411,0.5425371527029937,0.5540865384615384,0.5205685978892957
1,mlp,eval_out,0.9401041666666666,0.5437886213509482,0.5540865384615384,0.525676539526955
1,mlp,eval_out,0.9501201923076923,0.5435378452456251,0.5540865384615384,0.5306767868437697
1,mlp,eval_out,0.960136217948718,0.5455873148341331,0.5540865384615384,0.5355727102023785
1,mlp,eval_out,0.9701522435897436,0.5475944662399339,0.5540865384615384,0.540367540780508
1,mlp,eval_out,0.9801682692307693,0.5493562231759657,0.5540865384615384,0.5450643776824035
1,mlp,eval_out,0.9901842948717948,0.5522961764110864,0.5540865384615384,0.5496661946186526
1,mlp,eval_out,1.0,0.5540865384615384,0.5540865384615384,0.5540865384615384
1,mlp_temperature,eval_in,0.0002007226013649137,0.0,0.42753914090726614,0.0
1,mlp_temperature,eval_in,0.010236852669610599,0.13725490196078433,0.42753914090726614,0.0
1,mlp_temperature,eval_in,0.02027298273785628,0.0891089108910891,0.42753914090726614,0.0
1,mlp_temperature,eval_in,0.030309112806101966,0.07947019867549669,0.42753914090726614,0.0
1,mlp_temperature,eval_in,0.04034524287434765,0.0845771144278607,0.42753914090726614,0.0
1,mlp_temperature,eval_in,0.05038137294259334,0.0796812749003984,0.42753914090726614,0.0
1,mlp_temperature,eval_in,0.060216780409474105,0.07666666666666666,0.42753914090726614,0.0
1,mlp_temperature,eval_in,0.0702529104777198,0.09714285714285714,0.42753914090726614,0.0
1,mlp_temperature,eval_in,0.08028904054596547,0.095,0.42753914090726614,0.0
1,mlp_temperature,eval_in,0.09032517061421116,0.11333333333333333,0.42753914090726614,0.0
1,mlp_temperature,eval_in,0.10036130068245684,0.116,0.42753914090726614,0.0
1,mlp_temperature,eval_in,0.11019670814933762,0.12932604735883424,0.42753914090726614,0.0
1,mlp_temperature,eval_in,0.1202328382175833,0.1335559265442404,0.42753914090726614,0.0
1,mlp_temperature,eval_in,0.13026896828582898,0.13405238828967642,0.42753914090726614,0.0
1,mlp_temperature,eval_in,0.14030509835407468,0.13733905579399142,0.42753914090726614,0.0
1,mlp_temperature,eval_in,0.15034122842232037,0.14419225634178906,0.42753914090726614,0.0
1,mlp_temperature,eval_in,0.1601766358892011,0.15288220551378445,0.42753914090726614,0.0
1,mlp_temperature,eval_in,0.1702127659574468,0.1615566037735849,0.42753914090726614,0.0
1,mlp_temperature,eval_in,0.1802488960256925,0.1714922048997773,0.42753914090726614,0.0
1,mlp_temperature,eval_in,0.1902850260939382,0.17827004219409281,0.42753914090726614,0.0
1,mlp_temperature,eval_in,0.20032115616218385,0.17735470941883769,0.42753914090726614,0.0
1,mlp_temperature,eval_in,0.21035728623042954,0.18129770992366412,0.42753914090726614,0.0
1,mlp_temperature,eval_in,0.22019269369731032,0.18960802187784867,0.42753914090726614,0.0
1,mlp_temperature,eval_in,0.230228823765556,0.1970357454228422,0.42753914090726614,0.0
1,mlp_temperature,eval_in,0.2402649538338017,0.202172096908939,0.42753914090726614,0.0
1,mlp_temperature,eval_in,0.25030108390204736,0.21170809943865276,0.42753914090726614,0.0
1,mlp_temperature,eval_in,0.2603372139702931,0.2189668465690054,0.42753914090726614,0.0
1,mlp_temperature,eval_in,0.2701726214371738,0.2236255572065379,0.42753914090726614,0.0
1,mlp_temperature,eval_in,0.2802087515054195,0.22922636103151864,0.42753914090726614,0.0
1,mlp_temperature,eval_in,0.2902448815736652,0.23236514522821577,0.42753914090726614,0.0
1,mlp_temperature,eval_in,0.3002810116419109,0.23663101604278075,0.42753914090726614,0.0
1,mlp_temperature,eval_in,0.31031714171015656,0.2425614489003881,0.42753914090726614,0.0
1,mlp_temperature,eval_in,0.32015254917703734,0.2438871473354232,0.42753914090726614,0.0
1,mlp_temperature,eval_in,0.330188679245283,0.2474164133738602,0.42753914090726614,0.0
1,mlp_temperature,eval_in,0.3402248093135287,0.24955752212389382,0.42753914090726614,0.0
1,mlp_temperature,eval_in,0.3502609393817744,0.2515759312320917,0.42753914090726614,0.0
1,mlp_temperature,eval_in,0.36029706945002005,0.2562674094707521,0.42753914090726614,0.0
1,mlp_temperature,eval_in,0.3701324769169008,0.25813449023861174,0.42753914090726614,0.0
1,mlp_temperature,eval_in,0.38016860698514654,0.26135163674762407,0.42753914090726614,0.0
1,mlp_temperature,eval_in,0.3902047370533922,0.26286008230452673,0.42753914090726614,0.0
1,mlp_temperature,eval_in,0.4002408671216379,0.26730190571715146,0.42753914090726614,0.0
1,mlp_temperature,eval_in,0.4102769971898836,0.2700587084148728,0.42753914090726614,0.0
1,mlp_temperature,eval_in,0.42031312725812925,0.2731614135625597,0.42753914090726614,0.0
1,mlp_temperature,eval_in,0.43014853472501,0.2753149790013999,0.42753914090726614,0.0
1,mlp_temperature,eval_in,0.44018466479325574,0.2763337893296854,0.42753914090726614,0.0
1,mlp_temperature,eval_in,0.4502207948615014,0.2795363352652697,0.42753914090726614,0.0
1,mlp_temperature,eval_in,0.46025692492974707,0.2821631051024858,0.42753914090726614,0.0
1,mlp_temperature,eval_in,0.4702930549979928,0.2855313700384123,0.42753914090726614,0.0
1,mlp_temperature,eval_in,0.48012846246487356,0.28971571906354515,0.42753914090726614,0.0
1,mlp_temperature,eval_in,0.4901645925331192,0.2915642915642916,0.42753914090726614,0.0
1,mlp_temperature,eval_in,0.5002007226013649,0.2949438202247191,0.42753914090726614,0.0
1,mlp_temperature,eval_in,0.5102368526696106,0.2962234461054288,0.42753914090726614,0.0
1,mlp_temperature,eval_in,0.5202729827378563,0.2978395061728395,0.42753914090726614,0.0
1,mlp_temperature,eval_in,0.5301083902047371,0.29988640666414235,0.42753914090726614,0.0
1,mlp_temperature,eval_in,0.5401445202729828,0.3010033444816054,0.42753914090726614,0.0
1,mlp_temperature,eval_in,0.5501806503412284,0.30426851514045966,0.42753914090726614,0.0
1,mlp_temperature,eval_in,0.5602167804094741,0.30920816911501253,0.42753914090726614,0.0
1,mlp_temperature,eval_in,0.5702529104777198,0.3118620204153467,0.42753914090726614,0.0
1,mlp_temperature,eval_in,0.5800883179446006,0.31591695501730105,0.42753914090726614,0.01314878892733564
1,mlp_temperature,eval_in,0.5901244480128462,0.3173469387755102,0.42753914090726614,0.029931972789115645
1,mlp_temperature,eval_in,0.6001605780810919,0.3210702341137124,0.42753914090726614,0.046153846153846156
1,mlp_temperature,eval_in,0.6101967081493376,0.3223684210526316,0.42753914090726614,0.06184210526315789
1,mlp_temperature,eval_in,0.6202328382175833,0.3268608414239482,0.42753914090726614,0.07702265372168285
1,mlp_temperature,eval_in,0.630268968285829,0.33343949044585985,0.42753914090726614,0.09171974522292993
1,mlp_temperature,eval_in,0.6401043757527097,0.337096268422703,0.42753914090726614,0.10567576042646598
1,mlp_temperature,eval_in,0.6501405058209554,0.33806730472368013,0.42753914090726614,0.11948132139549243
1,mlp_temperature,eval_in,0.6601766358892012,0.3393128610519915,0.42753914090726614,0.13286713286713286
1,mlp_temperature,eval_in,0.6702127659574468,0.341120095837077,0.42753914090726614,0.14585205151242886
1,mlp_temperature,eval_in,0.6802488960256925,0.3446444378872824,0.42753914090726614,0.1584538211861906
1,mlp_temperature,eval_in,0.6900843034925732,0.3493310063990692,0.42753914090726614,0.17044793484584062
1,mlp_temperature,eval_in,0.700120433560819,0.3517775229357798,0.42753914090726614,0.1823394495412844
1,mlp_temperature,eval_in,0.7101565636290647,0.3552854720180893,0.42753914090726614,0.19389485585076313
1,mlp_temperature,eval_in,0.7201926936973103,0.358695652173913,0.42753914090726614,0.20512820512820512
1,mlp_temperature,eval_in,0.730228823765556,0.3606377130291369,0.42753914090726614,0.2160527762506872
1,mlp_temperature,eval_in,0.7400642312324368,0.36371033360455657,0.42753914090726614,0.22647138595063737
1,mlp_temperature,eval_in,0.7501003613006825,0.36526625635536525,0.42753914090726614,0.23682097939523683
1,mlp_temperature,eval_in,0.7601364913689281,0.36730921573805125,0.42753914090726614,0.2468972801689992
1,mlp_temperature,eval_in,0.7701726214371738,0.37008079228563984,0.42753914090726614,0.2567109721136304
1,mlp_temperature,eval_in,0.7802087515054195,0.37252379727296114,0.42753914090726614,0.26627218934911245
1,mlp_temperature,eval_in,0.7900441589723003,0.3744918699186992,0.42753914090726614,0.27540650406504064
1,mlp_temperature,eval_in,0.800080289040546,0.37807325639739087,0.42753914090726614,0.28449573507275466
1,mlp_temperature,eval_in,0.8101164191087916,0.3808225966303271,0.42753914090726614,0.2933597621407334
1,mlp_temperature,eval_in,0.8201525491770373,0.38277043563387175,0.42753914090726614,0.3020068526676456
1,mlp_temperature,eval_in,0.8301886792452831,0.38563829787234044,0.42753914090726614,0.3104448742746615
1,mlp_temperature,eval_in,0.8402248093135287,0.3870043000477783,0.42753914090726614,0.31868131868131866
1,mlp_temperature,eval_in,0.8500602167804094,0.3898465171192444,0.42753914090726614,0.3265643447461629
1,mlp_temperature,eval_in,0.8600963468486552,0.3925320886814469,0.42753914090726614,0.33442240373395565
1,mlp_temperature,eval_in,0.8701324769169009,0.39630911188004614,0.42753914090726614,0.34209919261822375
1,mlp_temperature,eval_in,0.8801686069851465,0.3986316989737742,0.42753914090726614,0.3496009122006842
1,mlp_temperature,eval_in,0.8902047370533922,0.40135287485907556,0.42753914090726614,0.3569334836527621
1,mlp_temperature,eval_in,0.900040144520273,0.40365744870651205,0.42753914090726614,0.3639607493309545
1,mlp_temperature,eval_in,0.9100762745885187,0.4058226731363035,0.42753914090726614,0.3709748566387296
1,mlp_temperature,eval_in,0.9201124046567644,0.40924956369982546,0.42753914090726614,0.37783595113438045
1,mlp_temperature,eval_in,0.93014853472501,0.4115235217954251,0.42753914090726614,0.38454898575744495
1,mlp_temperature,eval_in,0.9401846647932557,0.41374893253629375,0.42753914090726614,0.39111870196413323
1,mlp_temperature,eval_in,0.9500200722601365,0.41622649482357915,0.42753914090726614,0.39742235368687934
1,mlp_temperature,eval_in,0.9600562023283822,0.41856575371106003,0.42753914090726614,0.4037215136943341
1,mlp_temperature,eval_in,0.9700923323966278,0.42106352162218086,0.42753914090726614,0.4098903372646389
1,mlp_temperature,eval_in,0.9801284624648735,0.42330534507474915,0.42753914090726614,0.4159328281793979
1,mlp_temperature,eval_in,0.9901645925331193,0.4252990066896412,0.42753914090726614,0.4218528278937766
1,mlp_temperature,eval_in,1.0,0.42753914090726614,0.42753914090726614,0.42753914090726614
1,mlp_temperature,eval_out,0.00020032051282051281,1.0,0.5540865384615384,0.0
1,mlp_temperature,eval_out,0.010216346153846154,0.27450980392156865,0.5540865384615384,0.0
1,mlp_temperature,eval_out,0.020232371794871796,0.25742574257425743,0.5540865384615384,0.0
1,mlp_temperature,eval_out,0.030248397435897436,0.2980132450331126,0.5540865384615384,0.0
1,mlp_temperature,eval_out,0.04026442307692308,0.31840796019900497,0.5540865384615384,0.0
1,mlp_temperature,eval_out,0.05028044871794872,0.3147410358565737,0.5540865384615384,0.0
1,mlp_temperature,eval_out,0.06029647435897436,0.31561461794019935,0.5540865384615384,0.0
1,mlp_temperature,eval_out,0.0703125,0.33903133903133903,0.5540865384615384,0.0
1,mlp_temperature,eval_out,0.08032852564102565,0.34663341645885287,0.5540865384615384,0.0
1,mlp_temperature,eval_out,0.09034455128205128,0.35476718403547675,0.5540865384615384,0.0
1,mlp_temperature,eval_out,0.10036057692307693,0.35528942115768464,0.5540865384615384,0.0
1,mlp_temperature,eval_out,0.11037660256410256,0.35934664246823955,0.5540865384615384,0.0
1,mlp_temperature,eval_out,0.1201923076923077,0.37,0.5540865384615384,0.0
1,mlp_temperature,eval_out,0.13020833333333334,0.37384615384615383,0.5540865384615384,0.0
1,mlp_temperature,eval_out,0.14022435897435898,0.37857142857142856,0.5540865384615384,0.0
1,mlp_temperature,eval_out,0.1502403846153846,0.384,0.5540865384615384,0.0
1,mlp_temperature,eval_out,0.16025641025641027,0.39,0.5540865384615384,0.0
1,mlp_temperature,eval_out,0.1702724358974359,0.3941176470588235,0.5540865384615384,0.0
1,mlp_temperature,eval_out,0.18028846153846154,0.4,0.5540865384615384,0.0
1,mlp_temperature,eval_out,0.19030448717948717,0.4073684210526316,0.5540865384615384,0.0
1,mlp_temperature,eval_out,0.20032051282051283,0.413,0.5540865384615384,0.0
1,mlp_temperature,eval_out,0.21033653846153846,0.41333333333333333,0.5540865384615384,0.0
1,mlp_temperature,eval_out,0.2203525641025641,0.42,0.5540865384615384,0.0
1,mlp_temperature,eval_out,0.23016826923076922,0.4247171453437772,0.5540865384615384,0.0
1,mlp_temperature,eval_out,0.24018429487179488,0.42535446205170974,0.5540865384615384,0.0
1,mlp_temperature,eval_out,0.25020032051282054,0.4267413931144916,0.5540865384615384,0.0
1,mlp_temperature,eval_out,0.26021634615384615,0.4311008468052348,0.5540865384615384,0.0
1,mlp_temperature,eval_out,0.2702323717948718,0.429948109710897,0.5540865384615384,0.0
1,mlp_temperature,eval_out,0.2802483974358974,0.4303073624017155,0.5540865384615384,0.0
1,mlp_temperature,eval_out,0.2902644230769231,0.43478260869565216,0.5540865384615384,0.0
1,mlp_temperature,eval_out,0.30028044871794873,0.43829219479653103,0.5540865384615384,0.0
1,mlp_temperature,eval_out,0.31029647435897434,0.43834732085216266,0.5540865384615384,0.0
1,mlp_temperature,eval_out,0.3203125,0.44090056285178236,0.5540865384615384,0.0
1,mlp_temperature,eval_out,0.33032852564102566,0.4426925409338993,0.5540865384615384,0.0
1,mlp_temperature,eval_out,0.3401442307692308,0.4469964664310954,0.5540865384615384,0.0
1,mlp_temperature,eval_out,0.3501602564102564,0.44679633867276886,0.5540865384615384,0.0
1,mlp_temperature,eval_out,0.36017628205128205,0.44938820912124583,0.5540865384615384,0.0
1,mlp_temperature,eval_out,0.3701923076923077,0.4491341991341991,0.5540865384615384,0.0
1,mlp_temperature,eval_out,0.3802083333333333,0.4494204425711275,0.5540865384615384,0.0
1,mlp_temperature,eval_out,0.390224358974359,0.4517453798767967,0.5540865384615384,0.0
1,mlp_temperature,eval_out,0.40024038461538464,0.4574574574574575,0.5540865384615384,0.0
1,mlp_temperature,eval_out,0.41025641025641024,0.45849609375,0.5540865384615384,0.0
1,mlp_temperature,eval_out,0.4202724358974359,0.4613918017159199,0.5540865384615384,0.0
1,mlp_temperature,eval_out,0.43028846153846156,0.4622905027932961,0.5540865384615384,0.0
1,mlp_temperature,eval_out,0.44030448717948717,0.46360327570518656,0.5540865384615384,0.0
1,mlp_temperature,eval_out,0.4501201923076923,0.4628393413440142,0.5540865384615384,0.009345794392523364
1,mlp_temperature,eval_out,0.46013621794871795,0.46495428820200263,0.5540865384615384,0.03090988245537658
1,mlp_temperature,eval_out,0.4701522435897436,0.4686834256497657,0.5540865384615384,0.05155517682147422
1,mlp_temperature,eval_out,0.4801682692307692,0.4689194826866917,0.5540865384615384,0.07133917396745933
1,mlp_temperature,eval_out,0.4901842948717949,0.4695545565999183,0.5540865384615384,0.09031467102574581
1,mlp_temperature,eval_out,0.5002003205128205,0.47016419703644374,0.5540865384615384,0.10853023628354025
1,mlp_temperature,eval_out,0.5102163461538461,0.47153513937966235,0.5540865384615384,0.12603062426383982
1,mlp_temperature,eval_out,0.5202323717948718,0.47362341162880245,0.5540865384615384,0.14285714285714285
1,mlp_temperature,eval_out,0.5302483974358975,0.477521722704949,0.5540865384615384,0.1590479788439743
1,mlp_temperature,eval_out,0.5402644230769231,0.4797923618835743,0.5540865384615384,0.1746384872080089
1,mlp_temperature,eval_out,0.5502804487179487,0.482708409173644,0.5540865384615384,0.1896614488532945
1,mlp_temperature,eval_out,0.5600961538461539,0.4864091559370529,0.5540865384615384,0.20386266094420602
1,mlp_temperature,eval_out,0.5701121794871795,0.48945888966971185,0.5540865384615384,0.21784961349262122
1,mlp_temperature,eval_out,0.5801282051282052,0.4906767955801105,0.5540865384615384,0.231353591160221
1,mlp_temperature,eval_out,0.5901442307692307,0.49321113374066533,0.5540865384615384,0.24439918533604887
1,mlp_temperature,eval_out,0.6001602564102564,0.4939919893190921,0.5540865384615384,0.2570093457943925
1,mlp_temperature,eval_out,0.610176282051282,0.495075508864084,0.5540865384615384,0.2692055154300722
1,mlp_temperature,eval_out,0.6201923076923077,0.4967700258397933,0.5540865384615384,0.2810077519379845
1,mlp_temperature,eval_out,0.6302083333333334,0.49872854418308965,0.5540865384615384,0.29243483788938335
1,mlp_temperature,eval_out,0.6402243589743589,0.5012515644555695,0.5540865384615384,0.30350438047559447
1,mlp_temperature,eval_out,0.6502403846153846,0.503388786198398,0.5540865384615384,0.3142329020332717
1,mlp_temperature,eval_out,0.6602564102564102,0.5048543689320388,0.5540865384615384,0.3246359223300971
1,mlp_temperature,eval_out,0.6700721153846154,0.5067264573991032,0.5540865384615384,0.3345291479820628
1,mlp_temperature,eval_out,0.6800881410256411,0.5098674521354933,0.5540865384615384,0.3443298969072165
1,mlp_temperature,eval_out,0.6901041666666666,0.5111756168359942,0.5540865384615384,0.35384615384615387
1,mlp_temperature,eval_out,0.7001201923076923,0.5135908440629471,0.5540865384615384,0.3630901287553648
1,mlp_temperature,eval_out,0.710136217948718,0.5139633286318759,0.5540865384615384,0.37207334273624826
1,mlp_temperature,eval_out,0.7201522435897436,0.513769123783032,0.5540865384615384,0.3808066759388039
1,mlp_temperature,eval_out,0.7301682692307693,0.5149519890260631,0.5540865384615384,0.3893004115226337
1,mlp_temperature,eval_out,0.7401842948717948,0.5171853856562922,0.5540865384615384,0.39756427604871447
1,mlp_temperature,eval_out,0.7502003205128205,0.5182910547396529,0.5540865384615384,0.405607476635514
1,mlp_temperature,eval_out,0.7602163461538461,0.5193675889328063,0.5540865384615384,0.4134387351778656
1,mlp_temperature,eval_out,0.7702323717948718,0.5188556566970091,0.5540865384615384,0.42106631989596877
1,mlp_temperature,eval_out,0.7800480769230769,0.5200308166409862,0.5540865384615384,0.4283513097072419
1,mlp_temperature,eval_out,0.7900641025641025,0.521551724137931,0.5540865384615384,0.4355983772819473
1,mlp_temperature,eval_out,0.8000801282051282,0.5230345518277416,0.5540865384615384,0.442663995993991
1,mlp_temperature,eval_out,0.8100961538461539,0.5257171117705243,0.5540865384615384,0.4495548961424332
1,mlp_temperature,eval_out,0.8201121794871795,0.5273571079628725,0.5540865384615384,0.4562774792379091
1,mlp_temperature,eval_out,0.8301282051282052,0.5291988416988417,0.5540865384615384,0.46283783783783783
1,mlp_temperature,eval_out,0.8401442307692307,0.5314735336194564,0.5540865384615384,0.46924177396280403
1,mlp_temperature,eval_out,0.8501602564102564,0.532516493873704,0.5540865384615384,0.4754948162111216
1,mlp_temperature,eval_out,0.860176282051282,0.5328365160689333,0.5540865384615384,0.4816022356776898
1,mlp_temperature,eval_out,0.8701923076923077,0.5340699815837937,0.5540865384615384,0.48756906077348067
1,mlp_temperature,eval_out,0.8802083333333334,0.5355029585798816,0.5540865384615384,0.49340009103322713
1,mlp_temperature,eval_out,0.8900240384615384,0.5356740940805762,0.5540865384615384,0.4989871708305199
1,mlp_temperature,eval_out,0.9000400641025641,0.5375027821054974,0.5540865384615384,0.5045626530158024
1,mlp_temperature,eval_out,0.9100560897435898,0.539291217257319,0.5540865384615384,0.5100154083204931
1,mlp_temperature,eval_out,0.9200721153846154,0.5406052688874374,0.5540865384615384,0.5153494448073155
1,mlp_temperature,eval_out,0.9300881410256411,0.5421063967262546,0.5540865384615384,0.5205685978892957
1,mlp_temperature,eval_out,0.9401041666666666,0.5429362880886427,0.5540865384615384,0.525676539526955
1,mlp_temperature,eval_out,0.9501201923076923,0.5437486822686064,0.5540865384615384,0.5306767868437697
1,mlp_temperature,eval_out,0.960136217948718,0.5453786772376382,0.5540865384615384,0.5355727102023785
1,mlp_temperature,eval_out,0.9701522435897436,0.548007433409044,0.5540865384615384,0.540367540780508
1,mlp_temperature,eval_out,0.9801682692307693,0.5497649703658287,0.5540865384615384,0.5450643776824035
1,mlp_temperature,eval_out,0.9901842948717948,0.5520938701193607,0.5540865384615384,0.5496661946186526
1,mlp_temperature,eval_out,1.0,0.5540865384615384,0.5540865384615384,0.5540865384615384
1,ensemble,eval_in,0.0002007226013649137,0.0,0.4173022882376556,0.0
1,ensemble,eval_in,0.010236852669610599,0.09803921568627451,0.4173022882376556,0.0
1,ensemble,eval_in,0.02027298273785628,0.06930693069306931,0.4173022882376556,0.0
1,ensemble,eval_in,0.030309112806101966,0.059602649006622516,0.4173022882376556,0.0
1,ensemble,eval_in,0.04034524287434765,0.06965174129353234,0.4173022882376556,0.0
1,ensemble,eval_in,0.05038137294259334,0.07569721115537849,0.4173022882376556,0.0
1,ensemble,eval_in,0.060216780409474105,0.07666666666666666,0.4173022882376556,0.0
1,ensemble,eval_in,0.0702529104777198,0.08857142857142856,0.4173022882376556,0.0
1,ensemble,eval_in,0.08028904054596547,0.1025,0.4173022882376556,0.0
1,ensemble,eval_in,0.09032517061421116,0.11333333333333333,0.4173022882376556,0.0
1,ensemble,eval_in,0.10036130068245684,0.12,0.4173022882376556,0.0
1,ensemble,eval_in,0.11019670814933762,0.12021857923497267,0.4173022882376556,0.0
1,ensemble,eval_in,0.1202328382175833,0.12353923205342238,0.4173022882376556,0.0
1,ensemble,eval_in,0.13026896828582898,0.12018489984591679,0.4173022882376556,0.0
1,ensemble,eval_in,0.14030509835407468,0.12732474964234622,0.4173022882376556,0.0
1,ensemble,eval_in,0.15034122842232037,0.1295060080106809,0.4173022882376556,0.0
1,ensemble,eval_in,0.1601766358892011,0.14285714285714285,0.4173022882376556,0.0
1,ensemble,eval_in,0.1702127659574468,0.15330188679245282,0.4173022882376556,0.0
1,ensemble,eval_in,0.1802488960256925,0.16481069042316257,0.4173022882376556,0.0
1,ensemble,eval_in,0.1902850260939382,0.16666666666666666,0.4173022882376556,0.0
1,ensemble,eval_in,0.20032115616218385,0.17535070140280562,0.4173022882376556,0.0
1,ensemble,eval_in,0.21035728623042954,0.1765267175572519,0.4173022882376556,0.0
1,ensemble,eval_in,0.22019269369731032,0.1814038286235187,0.4173022882376556,0.0
1,ensemble,eval_in,0.230228823765556,0.1874455100261552,0.4173022882376556,0.0
1,ensemble,eval_in,0.2402649538338017,0.18796992481203006,0.4173022882376556,0.0
1,ensemble,eval_in,0.25030108390204736,0.19566960705693665,0.4173022882376556,0.0
1,ensemble,eval_in,0.2603372139702931,0.19969159599074787,0.4173022882376556,0.0
1,ensemble,eval_in,0.2701726214371738,0.20579494799405645,0.4173022882376556,0.0
1,ensemble,eval_in,0.2802087515054195,0.21131805157593123,0.4173022882376556,0.0
1,ensemble,eval_in,0.2902448815736652,0.21991701244813278,0.4173022882376556,0.0
1,ensemble,eval_in,0.3002810116419109,0.2212566844919786,0.4173022882376556,0.0
1,ensemble,eval_in,0.31031714171015656,0.22639068564036222,0.4173022882376556,0.0
1,ensemble,eval_in,0.32015254917703734,0.22821316614420062,0.4173022882376556,0.0
1,ensemble,eval_in,0.330188679245283,0.2358662613981763,0.4173022882376556,0.0
1,ensemble,eval_in,0.3402248093135287,0.23952802359882006,0.4173022882376556,0.0
1,ensemble,eval_in,0.3502609393817744,0.24183381088825215,0.4173022882376556,0.0
1,ensemble,eval_in,0.36029706945002005,0.24623955431754874,0.4173022882376556,0.0
1,ensemble,eval_in,0.3701324769169008,0.24891540130151843,0.4173022882376556,0.0
1,ensemble,eval_in,0.38016860698514654,0.2529039070749736,0.4173022882376556,0.0
1,ensemble,eval_in,0.3902047370533922,0.25925925925925924,0.4173022882376556,0.0
1,ensemble,eval_in,0.4002408671216379,0.26278836509528586,0.4173022882376556,0.0
1,ensemble,eval_in,0.4102769971898836,0.2651663405088063,0.4173022882376556,0.0
1,ensemble,eval_in,0.42031312725812925,0.2664756446991404,0.4173022882376556,0.0
1,ensemble,eval_in,0.43014853472501,0.269715352309846,0.4173022882376556,0.0
1,ensemble,eval_in,0.44018466479325574,0.2699498404012768,0.4173022882376556,0.0
1,ensemble,eval_in,0.4502207948615014,0.2741863575568435,0.4173022882376556,0.0
1,ensemble,eval_in,0.46025692492974707,0.27518534670737027,0.4173022882376556,0.0
1,ensemble,eval_in,0.4702930549979928,0.27784891165172854,0.4173022882376556,0.0
1,ensemble,eval_in,0.48012846246487356,0.2826086956521739,0.4173022882376556,0.0
1,ensemble,eval_in,0.4901645925331192,0.2854217854217854,0.4173022882376556,0.0
1,ensemble,eval_in,0.5002007226013649,0.28691813804173355,0.4173022882376556,0.0
1,ensemble,eval_in,0.5102368526696106,0.2903225806451613,0.4173022882376556,0.0
1,ensemble,eval_in,0.5202729827378563,0.2935956790123457,0.4173022882376556,0.0
1,ensemble,eval_in,0.5301083902047371,0.2945853843241196,0.4173022882376556,0.0
1,ensemble,eval_in,0.5401445202729828,0.2976588628762542,0.4173022882376556,0.0
1,ensemble,eval_in,0.5501806503412284,0.30134987230937615,0.4173022882376556,0.0
1,ensemble,eval_in,0.5602167804094741,0.3016839842350412,0.4173022882376556,0.0
1,ensemble,eval_in,0.5702529104777198,0.30376627947905666,0.4173022882376556,0.0
1,ensemble,eval_in,0.5800883179446006,0.3058823529411765,0.4173022882376556,0.0
1,ensemble,eval_in,0.5901244480128462,0.3085034013605442,0.4173022882376556,0.012585034013605442
1,ensemble,eval_in,0.6001605780810919,0.311371237458194,0.4173022882376556,0.029096989966555183
1,ensemble,eval_in,0.6101967081493376,0.3157894736842105,0.4173022882376556,0.04506578947368421
1,ensemble,eval_in,0.6202328382175833,0.3207119741100324,0.4173022882376556,0.06051779935275081
1,ensemble,eval_in,0.630268968285829,0.3232484076433121,0.4173022882376556,0.07547770700636942
1,ensemble,eval_in,0.6401043757527097,0.3258074631545939,0.4173022882376556,0.08968328629664471
1,ensemble,eval_in,0.6501405058209554,0.3288051867860451,0.4173022882376556,0.10373572090151281
1,ensemble,eval_in,0.6601766358892012,0.33140772271207053,0.4173022882376556,0.11736089996959562
1,ensemble,eval_in,0.6702127659574468,0.33513027852650495,0.4173022882376556,0.1305780173704702
1,ensemble,eval_in,0.6802488960256925,0.3366774859840661,0.4173022882376556,0.1434051342578932
1,ensemble,eval_in,0.6900843034925732,0.34002326934264104,0.4173022882376556,0.15561372891215824
1,ensemble,eval_in,0.700120433560819,0.34059633027522934,0.4173022882376556,0.16771788990825687
1,ensemble,eval_in,0.7101565636290647,0.34567552289429054,0.4173022882376556,0.179479932165065
1,ensemble,eval_in,0.7201926936973103,0.34977703455964326,0.4173022882376556,0.19091415830546266
1,ensemble,eval_in,0.730228823765556,0.3523914238592633,0.4173022882376556,0.20203408466190215
1,ensemble,eval_in,0.7400642312324368,0.35503119066992134,0.4173022882376556,0.21263900189856252
1,ensemble,eval_in,0.7501003613006825,0.3567032378913567,0.4173022882376556,0.22317366871822317
1,ensemble,eval_in,0.7601364913689281,0.35938737787166625,0.4173022882376556,0.2334301557961447
1,ensemble,eval_in,0.7701726214371738,0.3612197028928851,0.4173022882376556,0.2434193380244983
1,ensemble,eval_in,0.7802087515054195,0.36506303061487005,0.4173022882376556,0.253151530743504
1,ensemble,eval_in,0.7900441589723003,0.3673780487804878,0.4173022882376556,0.2624491869918699
1,ensemble,eval_in,0.800080289040546,0.36828901154039134,0.4173022882376556,0.2717009533366784
1,ensemble,eval_in,0.8101164191087916,0.37066402378592667,0.4173022882376556,0.2807234886025768
1,ensemble,eval_in,0.8201525491770373,0.37469407733724913,0.4173022882376556,0.28952520802741066
1,ensemble,eval_in,0.8301886792452831,0.3766924564796905,0.4173022882376556,0.29811411992263054
1,ensemble,eval_in,0.8402248093135287,0.378404204491161,0.4173022882376556,0.30649784997611085
1,ensemble,eval_in,0.8500602167804094,0.381582054309327,0.4173022882376556,0.31452184179456905
1,ensemble,eval_in,0.8600963468486552,0.38273045507584597,0.4173022882376556,0.3225204200700117
1,ensemble,eval_in,0.8701324769169009,0.3843137254901961,0.4173022882376556,0.3303344867358708
1,ensemble,eval_in,0.8801686069851465,0.3872291904218928,0.4173022882376556,0.3379703534777651
1,ensemble,eval_in,0.8902047370533922,0.38850056369785796,0.4173022882376556,0.34543404735062005
1,ensemble,eval_in,0.900040144520273,0.3898305084745763,0.4173022882376556,0.35258697591436217
1,ensemble,eval_in,0.9100762745885187,0.3930304367004852,0.4173022882376556,0.3597265108072342
1,ensemble,eval_in,0.9201124046567644,0.3946335078534031,0.4173022882376556,0.3667102966841187
1,ensemble,eval_in,0.93014853472501,0.39598618903754856,0.4173022882376556,0.3735433750539491
1,ensemble,eval_in,0.9401846647932557,0.3981639624252775,0.4173022882376556,0.38023057216054656
1,ensemble,eval_in,0.9500200722601365,0.40143672089583776,0.4173022882376556,0.38664694696809637
1,ensemble,eval_in,0.9600562023283822,0.4043487351034915,0.4173022882376556,0.39305874973865773
1,ensemble,eval_in,0.9700923323966278,0.4074074074074074,0.4173022882376556,0.3993378853714049
1,ensemble,eval_in,0.9801284624648735,0.4106082326438665,0.4173022882376556,0.405488429244317
1,ensemble,eval_in,0.9901645925331193,0.4141496047030205,0.4173022882376556,0.41151429150618285
1,ensemble,eval_in,1.0,0.4173022882376556,0.4173022882376556,0.4173022882376556
1,ensemble,eval_out,0.00020032051282051281,0.0,0.5458733974358975,0.0
1,ensemble,eval_out,0.010216346153846154,0.27450980392156865,0.5458733974358975,0.0
1,ensemble,eval_out,0.020232371794871796,0.26732673267326734,0.5458733974358975,0.0
1,ensemble,eval_out,0.030248397435897436,0.271523178807947,0.5458733974358975,0.0
1,ensemble,eval_out,0.04026442307692308,0.2835820895522388,0.5458733974358975,0.0
1,ensemble,eval_out,0.05028044871794872,0.30677290836653387,0.5458733974358975,0.0
1,ensemble,eval_out,0.06029647435897436,0.31893687707641194,0.5458733974358975,0.0
1,ensemble,eval_out,0.0703125,0.33048433048433046,0.5458733974358975,0.0
1,ensemble,eval_out,0.08032852564102565,0.33915211970074816,0.5458733974358975,0.0
1,ensemble,eval_out,0.09034455128205128,0.34811529933481156,0.5458733974358975,0.0
1,ensemble,eval_out,0.10036057692307693,0.34930139720558884,0.5458733974358975,0.0
1,ensemble,eval_out,0.11037660256410256,0.35934664246823955,0.5458733974358975,0.0
1,ensemble,eval_out,0.1201923076923077,0.36333333333333334,0.5458733974358975,0.0
1,ensemble,eval_out,0.13020833333333334,0.36615384615384616,0.5458733974358975,0.0
1,ensemble,eval_out,0.14022435897435898,0.37,0.5458733974358975,0.0
1,ensemble,eval_out,0.1502403846153846,0.376,0.5458733974358975,0.0
1,ensemble,eval_out,0.16025641025641027,0.37875,0.5458733974358975,0.0
1,ensemble,eval_out,0.1702724358974359,0.38,0.5458733974358975,0.0
1,ensemble,eval_out,0.18028846153846154,0.38,0.5458733974358975,0.0
1,ensemble,eval_out,0.19030448717948717,0.38526315789473686,0.5458733974358975,0.0
1,ensemble,eval_out,0.20032051282051283,0.388,0.5458733974358975,0.0
1,ensemble,eval_out,0.21033653846153846,0.3923809523809524,0.5458733974358975,0.0
1,ensemble,eval_out,0.2203525641025641,0.3972727272727273,0.5458733974358975,0.0
1,ensemble,eval_out,0.23016826923076922,0.39947780678851175,0.5458733974358975,0.0
1,ensemble,eval_out,0.24018429487179488,0.4053377814845705,0.5458733974358975,0.0
1,ensemble,eval_out,0.25020032051282054,0.40752602081665334,0.5458733974358975,0.0
1,ensemble,eval_out,0.26021634615384615,0.40723633564280215,0.5458733974358975,0.0
1,ensemble,eval_out,0.2702323717948718,0.4084507042253521,0.5458733974358975,0.0
1,ensemble,eval_out,0.2802483974358974,0.4131522516082916,0.5458733974358975,0.0
1,ensemble,eval_out,0.2902644230769231,0.4168391994478951,0.5458733974358975,0.0
1,ensemble,eval_out,0.30028044871794873,0.41694462975316876,0.5458733974358975,0.0
1,ensemble,eval_out,0.31029647435897434,0.4196255648805681,0.5458733974358975,0.0
1,ensemble,eval_out,0.3203125,0.42401500938086306,0.5458733974358975,0.0
1,ensemble,eval_out,0.33032852564102566,0.4257125530624621,0.5458733974358975,0.0
1,ensemble,eval_out,0.3401442307692308,0.4305064782096584,0.5458733974358975,0.0
1,ensemble,eval_out,0.3501602564102564,0.43135011441647597,0.5458733974358975,0.0
1,ensemble,eval_out,0.36017628205128205,0.43492769744160176,0.5458733974358975,0.0
1,ensemble,eval_out,0.3701923076923077,0.4366883116883117,0.5458733974358975,0.0
1,ensemble,eval_out,0.3802083333333333,0.4430979978925184,0.5458733974358975,0.0
1,ensemble,eval_out,0.390224358974359,0.44455852156057496,0.5458733974358975,0.0
1,ensemble,eval_out,0.40024038461538464,0.4469469469469469,0.5458733974358975,0.0
1,ensemble,eval_out,0.41025641025641024,0.44775390625,0.5458733974358975,0.0
1,ensemble,eval_out,0.4202724358974359,0.4513822688274547,0.5458733974358975,0.0
1,ensemble,eval_out,0.43028846153846156,0.45018621973929235,0.5458733974358975,0.0
1,ensemble,eval_out,0.44030448717948717,0.45177434030937214,0.5458733974358975,0.0
1,ensemble,eval_out,0.4501201923076923,0.4530485091232755,0.5458733974358975,0.0
1,ensemble,eval_out,0.46013621794871795,0.456682629516761,0.5458733974358975,0.013060513713539399
1,ensemble,eval_out,0.4701522435897436,0.45973583297827014,0.5458733974358975,0.034086067319982954
1,ensemble,eval_out,0.4801682692307692,0.458906967042136,0.5458733974358975,0.05423445974134335
1,ensemble,eval_out,0.4901842948717949,0.4613812832039232,0.5458733974358975,0.07355946056395586
1,ensemble,eval_out,0.5002003205128205,0.46215458550260313,0.5458733974358975,0.092110532639167
1,ensemble,eval_out,0.5102163461538461,0.46486062033765213,0.5458733974358975,0.1099332548095799
1,ensemble,eval_out,0.5202323717948718,0.46630727762803237,0.5458733974358975,0.12706969580284944
1,ensemble,eval_out,0.5302483974358975,0.4680770683792973,0.5458733974358975,0.14355874574990554
1,ensemble,eval_out,0.5402644230769231,0.47052280311457173,0.5458733974358975,0.15943641082684465
1,ensemble,eval_out,0.5502804487179487,0.47215143793228975,0.5458733974358975,0.17473607571896616
1,ensemble,eval_out,0.5600961538461539,0.47567954220314734,0.5458733974358975,0.18919885550786839
1,ensemble,eval_out,0.5701121794871795,0.47610681658468024,0.5458733974358975,0.20344342937456078
1,ensemble,eval_out,0.5801282051282052,0.47859116022099446,0.5458733974358975,0.21719613259668508
1,ensemble,eval_out,0.5901442307692307,0.48065173116089616,0.5458733974358975,0.23048200950441275
1,ensemble,eval_out,0.6001602564102564,0.4823097463284379,0.5458733974358975,0.24332443257676903
1,ensemble,eval_out,0.610176282051282,0.4832567301378857,0.5458733974358975,0.2557452396585686
1,ensemble,eval_out,0.6201923076923077,0.4851421188630491,0.5458733974358975,0.26776485788113696
1,ensemble,eval_out,0.6302083333333334,0.48855689764780674,0.5458733974358975,0.2794024157660521
1,ensemble,eval_out,0.6402243589743589,0.48936170212765956,0.5458733974358975,0.2906758448060075
1,ensemble,eval_out,0.6502403846153846,0.4907578558225508,0.5458733974358975,0.30160197165742453
1,ensemble,eval_out,0.6602564102564102,0.49362864077669905,0.5458733974358975,0.3121966019417476
1,ensemble,eval_out,0.6700721153846154,0.49566517189835574,0.5458733974358975,0.32227204783258595
1,ensemble,eval_out,0.6800881410256411,0.4960235640648012,0.5458733974358975,0.33225331369661265
1,ensemble,eval_out,0.6901041666666666,0.4998548621190131,0.5458733974358975,0.341944847605225
1,ensemble,eval_out,0.7001201923076923,0.5015736766809729,0.5458733974358975,0.3513590844062947
1,ensemble,eval_out,0.710136217948718,0.5029619181946403,0.5458733974358975,0.36050775740479546
1,ensemble,eval_out,0.7201522435897436,0.5065368567454799,0.5458733974358975,0.3694019471488178
1,ensemble,eval_out,0.7301682692307693,0.5078189300411523,0.5458733974358975,0.37805212620027434
1,ensemble,eval_out,0.7401842948717948,0.5106901217861975,0.5458733974358975,0.386468200270636
1,ensemble,eval_out,0.7502003205128205,0.5129506008010681,0.5458733974358975,0.39465954606141523
1,ensemble,eval_out,0.7602163461538461,0.5154150197628459,0.5458733974358975,0.40263504611330697
1,ensemble,eval_out,0.7702323717948718,0.5162548764629389,0.5458733974358975,0.4104031209362809
1,ensemble,eval_out,0.7800480769230769,0.5187467899332306,0.5458733974358975,0.4178222907036466
1,ensemble,eval_out,0.7900641025641025,0.518762677484787,0.5458733974358975,0.4252028397565923
1,ensemble,eval_out,0.8000801282051282,0.5192789183775663,0.5458733974358975,0.43239859789684526
1,ensemble,eval_out,0.8100961538461539,0.5182987141444114,0.5458733974358975,0.4394164193867458
1,ensemble,eval_out,0.8201121794871795,0.5202735710796287,0.5458733974358975,0.4462628236443576
1,ensemble,eval_out,0.8301282051282052,0.5219594594594594,0.5458733974358975,0.45294401544401547
1,ensemble,eval_out,0.8401442307692307,0.5226514067715784,0.5458733974358975,0.45946590367191226
1,ensemble,eval_out,0.8501602564102564,0.5249764373232799,0.5458733974358975,0.46583411875589065
1,ensemble,eval_out,0.860176282051282,0.5274802049371216,0.5458733974358975,0.4720540288775035
1,ensemble,eval_out,0.8701923076923077,0.5276243093922652,0.5458733974358975,0.47813075506445674
1,ensemble,eval_out,0.8802083333333334,0.5298133818843878,0.5458733974358975,0.4840691852526172
1,ensemble,eval_out,0.8900240384615384,0.5313977042538826,0.5458733974358975,0.4897591717308125
1,ensemble,eval_out,0.9000400641025641,0.532383707990207,0.5458733974358975,0.49543734698419767
1,ensemble,eval_out,0.9100560897435898,0.5326876513317191,0.5458733974358975,0.5009905348888399
1,ensemble,eval_out,0.9200721153846154,0.5340735902460265,0.5458733974358975,0.5064228173307207
1,ensemble,eval_out,0.9300881410256411,0.535645057075167,0.5458733974358975,0.5117381003661425
1,ensemble,eval_out,0.9401041666666666,0.536543788621351,0.5458733974358975,0.5169401235883231
1,ensemble,eval_out,0.9501201923076923,0.5384777566940755,0.5458733974358975,0.5220324689015391
1,ensemble,eval_out,0.960136217948718,0.5399540997287712,0.5458733974358975,0.527018568746088
1,ensemble,eval_out,0.9701522435897436,0.5413999587032831,0.5458733974358975,0.5319017138137518
1,ensemble,eval_out,0.9801682692307693,0.5424075209482935,0.5458733974358975,0.5366850602902105
1,ensemble,eval_out,0.9901842948717948,0.5448108436172365,0.5458733974358975,0.5413716366579001
1,ensemble,eval_out,1.0,0.5458733974358975,0.5458733974358975,0.5458733974358975
1,ensemble_temperature,eval_in,0.0002007226013649137,0.0,0.4173022882376556,0.0
1,ensemble_temperature,eval_in,0.010236852669610599,0.09803921568627451,0.4173022882376556,0.0
1,ensemble_temperature,eval_in,0.02027298273785628,0.06930693069306931,0.4173022882376556,0.0
1,ensemble_temperature,eval_in,0.030309112806101966,0.059602649006622516,0.4173022882376556,0.0
1,ensemble_temperature,eval_in,0.04034524287434765,0.06965174129353234,0.4173022882376556,0.0
1,ensemble_temperature,eval_in,0.05038137294259334,0.0796812749003984,0.4173022882376556,0.0
1,ensemble_temperature,eval_in,0.060216780409474105,0.07666666666666666,0.4173022882376556,0.0
1,ensemble_temperature,eval_in,0.0702529104777198,0.08857142857142856,0.4173022882376556,0.0
1,ensemble_temperature,eval_in,0.08028904054596547,0.105,0.4173022882376556,0.0
1,ensemble_temperature,eval_in,0.09032517061421116,0.11333333333333333,0.4173022882376556,0.0
1,ensemble_temperature,eval_in,0.10036130068245684,0.124,0.4173022882376556,0.0
1,ensemble_temperature,eval_in,0.11019670814933762,0.12021857923497267,0.4173022882376556,0.0
1,ensemble_temperature,eval_in,0.1202328382175833,0.12186978297161936,0.4173022882376556,0.0
1,ensemble_temperature,eval_in,0.13026896828582898,0.12172573189522343,0.4173022882376556,0.0
1,ensemble_temperature,eval_in,0.14030509835407468,0.12589413447782546,0.4173022882376556,0.0
1,ensemble_temperature,eval_in,0.15034122842232037,0.1295060080106809,0.4173022882376556,0.0
1,ensemble_temperature,eval_in,0.1601766358892011,0.14160401002506265,0.4173022882376556,0.0
1,ensemble_temperature,eval_in,0.1702127659574468,0.1544811320754717,0.4173022882376556,0.0
1,ensemble_temperature,eval_in,0.1802488960256925,0.16481069042316257,0.4173022882376556,0.0
1,ensemble_temperature,eval_in,0.1902850260939382,0.16772151898734178,0.4173022882376556,0.0
1,ensemble_temperature,eval_in,0.20032115616218385,0.17535070140280562,0.4173022882376556,0.0
1,ensemble_temperature,eval_in,0.21035728623042954,0.17557251908396945,0.4173022882376556,0.0
1,ensemble_temperature,eval_in,0.22019269369731032,0.1814038286235187,0.4173022882376556,0.0
1,ensemble_temperature,eval_in,0.230228823765556,0.18657367044463818,0.4173022882376556,0.0
1,ensemble_temperature,eval_in,0.2402649538338017,0.189640768588137,0.4173022882376556,0.0
1,ensemble_temperature,eval_in,0.25030108390204736,0.19566960705693665,0.4173022882376556,0.0
1,ensemble_temperature,eval_in,0.2603372139702931,0.2027756360832691,0.4173022882376556,0.0
1,ensemble_temperature,eval_in,0.2701726214371738,0.2065378900445765,0.4173022882376556,0.0
1,ensemble_temperature,eval_in,0.2802087515054195,0.21131805157593123,0.4173022882376556,0.0
1,ensemble_temperature,eval_in,0.2902448815736652,0.21922544951590595,0.4173022882376556,0.0
1,ensemble_temperature,eval_in,0.3002810116419109,0.22058823529411764,0.4173022882376556,0.0
1,ensemble_temperature,eval_in,0.31031714171015656,0.22703751617076326,0.4173022882376556,0.0
1,ensemble_temperature,eval_in,0.32015254917703734,0.22821316614420062,0.4173022882376556,0.0
1,ensemble_temperature,eval_in,0.330188679245283,0.2358662613981763,0.4173022882376556,0.0
1,ensemble_temperature,eval_in,0.3402248093135287,0.240117994100295,0.4173022882376556,0.0
1,ensemble_temperature,eval_in,0.3502609393817744,0.24183381088825215,0.4173022882376556,0.0
1,ensemble_temperature,eval_in,0.36029706945002005,0.24512534818941503,0.4173022882376556,0.0
1,ensemble_temperature,eval_in,0.3701324769169008,0.24891540130151843,0.4173022882376556,0.0
1,ensemble_temperature,eval_in,0.38016860698514654,0.2529039070749736,0.4173022882376556,0.0
1,ensemble_temperature,eval_in,0.3902047370533922,0.2566872427983539,0.4173022882376556,0.0
1,ensemble_temperature,eval_in,0.4002408671216379,0.2637913741223671,0.4173022882376556,0.0
1,ensemble_temperature,eval_in,0.4102769971898836,0.2656555772994129,0.4173022882376556,0.0
1,ensemble_temperature,eval_in,0.42031312725812925,0.26552053486150906,0.4173022882376556,0.0
1,ensemble_temperature,eval_in,0.43014853472501,0.26831544563695753,0.4173022882376556,0.0
1,ensemble_temperature,eval_in,0.44018466479325574,0.26903784769721845,0.4173022882376556,0.0
1,ensemble_temperature,eval_in,0.4502207948615014,0.27329469460543915,0.4173022882376556,0.0
1,ensemble_temperature,eval_in,0.46025692492974707,0.275621456607065,0.4173022882376556,0.0
1,ensemble_temperature,eval_in,0.4702930549979928,0.2774221084080239,0.4173022882376556,0.0
1,ensemble_temperature,eval_in,0.48012846246487356,0.2830267558528428,0.4173022882376556,0.0
1,ensemble_temperature,eval_in,0.4901645925331192,0.2841932841932842,0.4173022882376556,0.0
1,ensemble_temperature,eval_in,0.5002007226013649,0.28731942215088285,0.4173022882376556,0.0
1,ensemble_temperature,eval_in,0.5102368526696106,0.2907159716758458,0.4173022882376556,0.0
1,ensemble_temperature,eval_in,0.5202729827378563,0.2916666666666667,0.4173022882376556,0.0
1,ensemble_temperature,eval_in,0.5301083902047371,0.2938280954184021,0.4173022882376556,0.0
1,ensemble_temperature,eval_in,0.5401445202729828,0.29728725380899296,0.4173022882376556,0.0
1,ensemble_temperature,eval_in,0.5501806503412284,0.2995257205399489,0.4173022882376556,0.0
1,ensemble_temperature,eval_in,0.5602167804094741,0.3006091006807596,0.4173022882376556,0.0
1,ensemble_temperature,eval_in,0.5702529104777198,0.30376627947905666,0.4173022882376556,0.0
1,ensemble_temperature,eval_in,0.5800883179446006,0.30484429065743945,0.4173022882376556,0.0
1,ensemble_temperature,eval_in,0.5901244480128462,0.3074829931972789,0.4173022882376556,0.012585034013605442
1,ensemble_temperature,eval_in,0.6001605780810919,0.31070234113712375,0.4173022882376556,0.029096989966555183
1,ensemble_temperature,eval_in,0.6101967081493376,0.3148026315789474,0.4173022882376556,0.04506578947368421
1,ensemble_temperature,eval_in,0.6202328382175833,0.32038834951456313,0.4173022882376556,0.06051779935275081
1,ensemble_temperature,eval_in,0.630268968285829,0.3232484076433121,0.4173022882376556,0.07547770700636942
1,ensemble_temperature,eval_in,0.6401043757527097,0.32674819692693635,0.4173022882376556,0.08968328629664471
1,ensemble_temperature,eval_in,0.6501405058209554,0.32849644952145723,0.4173022882376556,0.10373572090151281
1,ensemble_temperature,eval_in,0.6601766358892012,0.33171176649437517,0.4173022882376556,0.11736089996959562
1,ensemble_temperature,eval_in,0.6702127659574468,0.33393231506439053,0.4173022882376556,0.1305780173704702
1,ensemble_temperature,eval_in,0.6802488960256925,0.3369725582767778,0.4173022882376556,0.1434051342578932
1,ensemble_temperature,eval_in,0.6900843034925732,0.34002326934264104,0.4173022882376556,0.15561372891215824
1,ensemble_temperature,eval_in,0.700120433560819,0.34288990825688076,0.4173022882376556,0.16771788990825687
1,ensemble_temperature,eval_in,0.7101565636290647,0.3453928773318259,0.4173022882376556,0.179479932165065
1,ensemble_temperature,eval_in,0.7201926936973103,0.3494983277591973,0.4173022882376556,0.19091415830546266
1,ensemble_temperature,eval_in,0.730228823765556,0.35294117647058826,0.4173022882376556,0.20203408466190215
1,ensemble_temperature,eval_in,0.7400642312324368,0.3553024138866287,0.4173022882376556,0.21263900189856252
1,ensemble_temperature,eval_in,0.7501003613006825,0.3567032378913567,0.4173022882376556,0.22317366871822317
1,ensemble_temperature,eval_in,0.7601364913689281,0.3585951940850277,0.4173022882376556,0.2334301557961447
1,ensemble_temperature,eval_in,0.7701726214371738,0.36174094344540003,0.4173022882376556,0.2434193380244983
1,ensemble_temperature,eval_in,0.7802087515054195,0.36429122716748136,0.4173022882376556,0.253151530743504
1,ensemble_temperature,eval_in,0.7900441589723003,0.3676321138211382,0.4173022882376556,0.2624491869918699
1,ensemble_temperature,eval_in,0.800080289040546,0.36753637732062217,0.4173022882376556,0.2717009533366784
1,ensemble_temperature,eval_in,0.8101164191087916,0.3714073339940535,0.4173022882376556,0.2807234886025768
1,ensemble_temperature,eval_in,0.8201525491770373,0.3734703866862457,0.4173022882376556,0.28952520802741066
1,ensemble_temperature,eval_in,0.8301886792452831,0.37693423597678916,0.4173022882376556,0.29811411992263054
1,ensemble_temperature,eval_in,0.8402248093135287,0.3791208791208791,0.4173022882376556,0.30649784997611085
1,ensemble_temperature,eval_in,0.8500602167804094,0.38181818181818183,0.4173022882376556,0.31452184179456905
1,ensemble_temperature,eval_in,0.8600963468486552,0.38296382730455075,0.4173022882376556,0.3225204200700117
1,ensemble_temperature,eval_in,0.8701324769169009,0.3854671280276817,0.4173022882376556,0.3303344867358708
1,ensemble_temperature,eval_in,0.8801686069851465,0.3867730900798176,0.4173022882376556,0.3379703534777651
1,ensemble_temperature,eval_in,0.8902047370533922,0.38850056369785796,0.4173022882376556,0.34543404735062005
1,ensemble_temperature,eval_in,0.900040144520273,0.3902765388046387,0.4173022882376556,0.35258697591436217
1,ensemble_temperature,eval_in,0.9100762745885187,0.3930304367004852,0.4173022882376556,0.3597265108072342
1,ensemble_temperature,eval_in,0.9201124046567644,0.3948516579406632,0.4173022882376556,0.3667102966841187
1,ensemble_temperature,eval_in,0.93014853472501,0.39663357790246007,0.4173022882376556,0.3735433750539491
1,ensemble_temperature,eval_in,0.9401846647932557,0.3985909479077711,0.4173022882376556,0.38023057216054656
1,ensemble_temperature,eval_in,0.9500200722601365,0.40080287344179166,0.4173022882376556,0.38664694696809637
1,ensemble_temperature,eval_in,0.9600562023283822,0.4043487351034915,0.4173022882376556,0.39305874973865773
1,ensemble_temperature,eval_in,0.9700923323966278,0.40720049658597146,0.4173022882376556,0.3993378853714049
1,ensemble_temperature,eval_in,0.9801284624648735,0.4106082326438665,0.4173022882376556,0.405488429244317
1,ensemble_temperature,eval_in,0.9901645925331193,0.4141496047030205,0.4173022882376556,0.41151429150618285
1,ensemble_temperature,eval_in,1.0,0.4173022882376556,0.4173022882376556,0.4173022882376556
1,ensemble_temperature,eval_out,0.00020032051282051281,0.0,0.5458733974358975,0.0
1,ensemble_temperature,eval_out,0.010216346153846154,0.27450980392156865,0.5458733974358975,0.0
1,ensemble_temperature,eval_out,0.020232371794871796,0.26732673267326734,0.5458733974358975,0.0
1,ensemble_temperature,eval_out,0.030248397435897436,0.271523178807947,0.5458733974358975,0.0
1,ensemble_temperature,eval_out,0.04026442307692308,0.2835820895522388,0.5458733974358975,0.0
1,ensemble_temperature,eval_out,0.05028044871794872,0.30278884462151395,0.5458733974358975,0.0
1,ensemble_temperature,eval_out,0.06029647435897436,0.3222591362126246,0.5458733974358975,0.0
1,ensemble_temperature,eval_out,0.0703125,0.33048433048433046,0.5458733974358975,0.0
1,ensemble_temperature,eval_out,0.08032852564102565,0.33915211970074816,0.5458733974358975,0.0
1,ensemble_temperature,eval_out,0.09034455128205128,0.34811529933481156,0.5458733974358975,0.0
1,ensemble_temperature,eval_out,0.10036057692307693,0.34930139720558884,0.5458733974358975,0.0
1,ensemble_temperature,eval_out,0.11037660256410256,0.35934664246823955,0.5458733974358975,0.0
1,ensemble_temperature,eval_out,0.1201923076923077,0.36333333333333334,0.5458733974358975,0.0
1,ensemble_temperature,eval_out,0.13020833333333334,0.3646153846153846,0.5458733974358975,0.0
1,ensemble_temperature,eval_out,0.14022435897435898,0.37142857142857144,0.5458733974358975,0.0
1,ensemble_temperature,eval_out,0.1502403846153846,0.37866666666666665,0.5458733974358975,0.0
1,ensemble_temperature,eval_out,0.16025641025641027,0.38,0.5458733974358975,0.0
1,ensemble_temperature,eval_out,0.1702724358974359,0.38,0.5458733974358975,0.0
1,ensemble_temperature,eval_out,0.18028846153846154,0.3811111111111111,0.5458733974358975,0.0
1,ensemble_temperature,eval_out,0.19030448717948717,0.3873684210526316,0.5458733974358975,0.0
1,ensemble_temperature,eval_out,0.20032051282051283,0.39,0.5458733974358975,0.0
1,ensemble_temperature,eval_out,0.21033653846153846,0.3914285714285714,0.5458733974358975,0.0
1,ensemble_temperature,eval_out,0.2203525641025641,0.3972727272727273,0.5458733974358975,0.0
1,ensemble_temperature,eval_out,0.23016826923076922,0.39860748476936464,0.5458733974358975,0.0
1,ensemble_temperature,eval_out,0.24018429487179488,0.4036697247706422,0.5458733974358975,0.0
1,ensemble_temperature,eval_out,0.25020032051282054,0.40512409927942356,0.5458733974358975,0.0
1,ensemble_temperature,eval_out,0.26021634615384615,0.4049268668206313,0.5458733974358975,0.0
1,ensemble_temperature,eval_out,0.2702323717948718,0.407709414381023,0.5458733974358975,0.0
1,ensemble_temperature,eval_out,0.2802483974358974,0.4124374553252323,0.5458733974358975,0.0
1,ensemble_temperature,eval_out,0.2902644230769231,0.4161490683229814,0.5458733974358975,0.0
1,ensemble_temperature,eval_out,0.30028044871794873,0.41961307538358905,0.5458733974358975,0.0
1,ensemble_temperature,eval_out,0.31029647435897434,0.420916720464816,0.5458733974358975,0.0
1,ensemble_temperature,eval_out,0.3203125,0.42338961851156975,0.5458733974358975,0.0
1,ensemble_temperature,eval_out,0.33032852564102566,0.4269254093389933,0.5458733974358975,0.0
1,ensemble_temperature,eval_out,0.3401442307692308,0.43168433451118965,0.5458733974358975,0.0
1,ensemble_temperature,eval_out,0.3501602564102564,0.4330663615560641,0.5458733974358975,0.0
1,ensemble_temperature,eval_out,0.36017628205128205,0.4360400444938821,0.5458733974358975,0.0
1,ensemble_temperature,eval_out,0.3701923076923077,0.43777056277056275,0.5458733974358975,0.0
1,ensemble_temperature,eval_out,0.3802083333333333,0.44151738672286617,0.5458733974358975,0.0
1,ensemble_temperature,eval_out,0.390224358974359,0.4440451745379877,0.5458733974358975,0.0
1,ensemble_temperature,eval_out,0.40024038461538464,0.44644644644644643,0.5458733974358975,0.0
1,ensemble_temperature,eval_out,0.41025641025641024,0.4482421875,0.5458733974358975,0.0
1,ensemble_temperature,eval_out,0.4202724358974359,0.4489990467111535,0.5458733974358975,0.0
1,ensemble_temperature,eval_out,0.43028846153846156,0.44972067039106145,0.5458733974358975,0.0
1,ensemble_temperature,eval_out,0.44030448717948717,0.4526842584167425,0.5458733974358975,0.0
1,ensemble_temperature,eval_out,0.4501201923076923,0.4539385847797063,0.5458733974358975,0.0
1,ensemble_temperature,eval_out,0.46013621794871795,0.457117979973879,0.5458733974358975,0.013060513713539399
1,ensemble_temperature,eval_out,0.4701522435897436,0.4584576054537708,0.5458733974358975,0.034086067319982954
1,ensemble_temperature,eval_out,0.4801682692307692,0.46015853149770547,0.5458733974358975,0.05423445974134335
1,ensemble_temperature,eval_out,0.4901842948717949,0.4613812832039232,0.5458733974358975,0.07355946056395586
1,ensemble_temperature,eval_out,0.5002003205128205,0.4629555466559872,0.5458733974358975,0.092110532639167
1,ensemble_temperature,eval_out,0.5102163461538461,0.4636827640361209,0.5458733974358975,0.1099332548095799
1,ensemble_temperature,eval_out,0.5202323717948718,0.46553715825953024,0.5458733974358975,0.12706969580284944
1,ensemble_temperature,eval_out,0.5302483974358975,0.4665659236871931,0.5458733974358975,0.14355874574990554
1,ensemble_temperature,eval_out,0.5402644230769231,0.4690396737115313,0.5458733974358975,0.15943641082684465
1,ensemble_temperature,eval_out,0.5502804487179487,0.4736075718966145,0.5458733974358975,0.17473607571896616
1,ensemble_temperature,eval_out,0.5600961538461539,0.47317596566523606,0.5458733974358975,0.18919885550786839
1,ensemble_temperature,eval_out,0.5701121794871795,0.4747013352073085,0.5458733974358975,0.20344342937456078
1,ensemble_temperature,eval_out,0.5801282051282052,0.47790055248618785,0.5458733974358975,0.21719613259668508
1,ensemble_temperature,eval_out,0.5901442307692307,0.48065173116089616,0.5458733974358975,0.23048200950441275
1,ensemble_temperature,eval_out,0.6001602564102564,0.4819759679572764,0.5458733974358975,0.24332443257676903
1,ensemble_temperature,eval_out,0.610176282051282,0.48456992777413,0.5458733974358975,0.2557452396585686
1,ensemble_temperature,eval_out,0.6201923076923077,0.4874031007751938,0.5458733974358975,0.26776485788113696
1,ensemble_temperature,eval_out,0.6302083333333334,0.48792116973935157,0.5458733974358975,0.2794024157660521
1,ensemble_temperature,eval_out,0.6402243589743589,0.48873591989987486,0.5458733974358975,0.2906758448060075
1,ensemble_temperature,eval_out,0.6502403846153846,0.49168207024029575,0.5458733974358975,0.30160197165742453
1,ensemble_temperature,eval_out,0.6602564102564102,0.49302184466019416,0.5458733974358975,0.3121966019417476
1,ensemble_temperature,eval_out,0.6700721153846154,0.4959641255605381,0.5458733974358975,0.32227204783258595
1,ensemble_temperature,eval_out,0.6800881410256411,0.4974963181148748,0.5458733974358975,0.33225331369661265
1,ensemble_temperature,eval_out,0.6901041666666666,0.5001451378809869,0.5458733974358975,0.341944847605225
1,ensemble_temperature,eval_out,0.7001201923076923,0.5015736766809729,0.5458733974358975,0.3513590844062947
1,ensemble_temperature,eval_out,0.710136217948718,0.503244005641749,0.5458733974358975,0.36050775740479546
1,ensemble_temperature,eval_out,0.7201522435897436,0.5070931849791377,0.5458733974358975,0.3694019471488178
1,ensemble_temperature,eval_out,0.7301682692307693,0.5089163237311386,0.5458733974358975,0.37805212620027434
1,ensemble_temperature,eval_out,0.7401842948717948,0.510148849797023,0.5458733974358975,0.386468200270636
1,ensemble_temperature,eval_out,0.7502003205128205,0.5129506008010681,0.5458733974358975,0.39465954606141523
1,ensemble_temperature,eval_out,0.7602163461538461,0.5164690382081687,0.5458733974358975,0.40263504611330697
1,ensemble_temperature,eval_out,0.7702323717948718,0.5167750325097529,0.5458733974358975,0.4104031209362809
1,ensemble_temperature,eval_out,0.7800480769230769,0.5184899845916795,0.5458733974358975,0.4178222907036466
1,ensemble_temperature,eval_out,0.7900641025641025,0.5182555780933062,0.5458733974358975,0.4252028397565923
1,ensemble_temperature,eval_out,0.8000801282051282,0.5182774161241863,0.5458733974358975,0.43239859789684526
1,ensemble_temperature,eval_out,0.8100961538461539,0.5187932739861523,0.5458733974358975,0.4394164193867458
1,ensemble_temperature,eval_out,0.8201121794871795,0.5210063507572057,0.5458733974358975,0.4462628236443576
1,ensemble_temperature,eval_out,0.8301282051282052,0.5222007722007722,0.5458733974358975,0.45294401544401547
1,ensemble_temperature,eval_out,0.8401442307692307,0.5236051502145923,0.5458733974358975,0.45946590367191226
1,ensemble_temperature,eval_out,0.8501602564102564,0.5249764373232799,0.5458733974358975,0.46583411875589065
1,ensemble_temperature,eval_out,0.860176282051282,0.527713088029809,0.5458733974358975,0.4720540288775035
1,ensemble_temperature,eval_out,0.8701923076923077,0.5276243093922652,0.5458733974358975,0.47813075506445674
1,ensemble_temperature,eval_out,0.8802083333333334,0.5302685480200273,0.5458733974358975,0.4840691852526172
1,ensemble_temperature,eval_out,0.8900240384615384,0.5311726311051091,0.5458733974358975,0.4897591717308125
1,ensemble_temperature,eval_out,0.9000400641025641,0.5326062764300022,0.5458733974358975,0.49543734698419767
1,ensemble_temperature,eval_out,0.9100560897435898,0.5331278890600925,0.5458733974358975,0.5009905348888399
1,ensemble_temperature,eval_out,0.9200721153846154,0.5338558676246462,0.5458733974358975,0.5064228173307207
1,ensemble_temperature,eval_out,0.9300881410256411,0.5352143010984277,0.5458733974358975,0.5117381003661425
1,ensemble_temperature,eval_out,0.9401041666666666,0.5369699552525037,0.5458733974358975,0.5169401235883231
1,ensemble_temperature,eval_out,0.9501201923076923,0.5382669196710942,0.5458733974358975,0.5220324689015391
1,ensemble_temperature,eval_out,0.960136217948718,0.5397454621322763,0.5458733974358975,0.527018568746088
1,ensemble_temperature,eval_out,0.9701522435897436,0.5411934751187281,0.5458733974358975,0.5319017138137518
1,ensemble_temperature,eval_out,0.9801682692307693,0.542611894543225,0.5458733974358975,0.5366850602902105
1,ensemble_temperature,eval_out,0.9901842948717948,0.5446085373255108,0.5458733974358975,0.5413716366579001
1,ensemble_temperature,eval_out,1.0,0.5458733974358975,0.5458733974358975,0.5458733974358975
2,mlp,eval_in,0.0002007226013649137,0.0,0.42794058610999597,0.0
2,mlp,eval_in,0.010236852669610599,0.058823529411764705,0.42794058610999597,0.0
2,mlp,eval_in,0.02027298273785628,0.07920792079207921,0.42794058610999597,0.0
2,mlp,eval_in,0.030309112806101966,0.07947019867549669,0.42794058610999597,0.0
2,mlp,eval_in,0.04034524287434765,0.08955223880597014,0.42794058610999597,0.0
2,mlp,eval_in,0.05038137294259334,0.09163346613545817,0.42794058610999597,0.0
2,mlp,eval_in,0.060216780409474105,0.10333333333333333,0.42794058610999597,0.0
2,mlp,eval_in,0.0702529104777198,0.11428571428571428,0.42794058610999597,0.0
2,mlp,eval_in,0.08028904054596547,0.115,0.42794058610999597,0.0
2,mlp,eval_in,0.09032517061421116,0.12,0.42794058610999597,0.0
2,mlp,eval_in,0.10036130068245684,0.128,0.42794058610999597,0.0
2,mlp,eval_in,0.11019670814933762,0.13479052823315119,0.42794058610999597,0.0
2,mlp,eval_in,0.1202328382175833,0.14023372287145242,0.42794058610999597,0.0
2,mlp,eval_in,0.13026896828582898,0.15254237288135594,0.42794058610999597,0.0
2,mlp,eval_in,0.14030509835407468,0.15736766809728184,0.42794058610999597,0.0
2,mlp,eval_in,0.15034122842232037,0.16688918558077437,0.42794058610999597,0.0
2,mlp,eval_in,0.1601766358892011,0.16791979949874686,0.42794058610999597,0.0
2,mlp,eval_in,0.1702127659574468,0.1721698113207547,0.42794058610999597,0.0
2,mlp,eval_in,0.1802488960256925,0.17928730512249444,0.42794058610999597,0.0
2,mlp,eval_in,0.1902850260939382,0.18037974683544303,0.42794058610999597,0.0
2,mlp,eval_in,0.20032115616218385,0.1813627254509018,0.42794058610999597,0.0
2,mlp,eval_in,0.21035728623042954,0.18702290076335878,0.42794058610999597,0.0
2,mlp,eval_in,0.22019269369731032,0.19143117593436645,0.42794058610999597,0.0
2,mlp,eval_in,0.230228823765556,0.1979075850043592,0.42794058610999597,0.0
2,mlp,eval_in,0.2402649538338017,0.20300751879699247,0.42794058610999597,0.0
2,mlp,eval_in,0.25030108390204736,0.2036888532477947,0.42794058610999597,0.0
2,mlp,eval_in,0.2603372139702931,0.2104857363145721,0.42794058610999597,0.0
2,mlp,eval_in,0.2701726214371738,0.21322436849925705,0.42794058610999597,0.0
2,mlp,eval_in,0.2802087515054195,0.2177650429799427,0.42794058610999597,0.0
2,mlp,eval_in,0.2902448815736652,0.22337482710926695,0.42794058610999597,0.0
2,mlp,eval_in,0.3002810116419109,0.22593582887700533,0.42794058610999597,0.0
2,mlp,eval_in,0.31031714171015656,0.22897800776196636,0.42794058610999597,0.0
2,mlp,eval_in,0.32015254917703734,0.23134796238244515,0.42794058610999597,0.0
2,mlp,eval_in,0.330188679245283,0.23829787234042554,0.42794058610999597,0.0
2,mlp,eval_in,0.3402248093135287,0.2430678466076696,0.42794058610999597,0.0
2,mlp,eval_in,0.3502609393817744,0.24297994269340975,0.42794058610999597,0.0
2,mlp,eval_in,0.36029706945002005,0.2479108635097493,0.42794058610999597,0.0
2,mlp,eval_in,0.3701324769169008,0.25054229934924077,0.42794058610999597,0.0
2,mlp,eval_in,0.38016860698514654,0.2550158394931362,0.42794058610999597,0.0
2,mlp,eval_in,0.3902047370533922,0.2602880658436214,0.42794058610999597,0.0
2,mlp,eval_in,0.4002408671216379,0.261283851554664,0.42794058610999597,0.0
2,mlp,eval_in,0.4102769971898836,0.26467710371819964,0.42794058610999597,0.0
2,mlp,eval_in,0.42031312725812925,0.2688634192932187,0.42794058610999597,0.0
2,mlp,eval_in,0.43014853472501,0.2692487167522165,0.42794058610999597,0.0
2,mlp,eval_in,0.44018466479325574,0.27450980392156865,0.42794058610999597,0.0
2,mlp,eval_in,0.4502207948615014,0.27641551493535443,0.42794058610999597,0.0
2,mlp,eval_in,0.46025692492974707,0.2769297863061492,0.42794058610999597,0.0
2,mlp,eval_in,0.4702930549979928,0.2825437473324797,0.42794058610999597,0.0
2,mlp,eval_in,0.48012846246487356,0.28804347826086957,0.42794058610999597,0.0
2,mlp,eval_in,0.4901645925331192,0.29238329238329236,0.42794058610999597,0.0
2,mlp,eval_in,0.5002007226013649,0.29614767255216695,0.42794058610999597,0.0
2,mlp,eval_in,0.5102368526696106,0.3025177025963808,0.42794058610999597,0.0
2,mlp,eval_in,0.5202729827378563,0.30632716049382713,0.42794058610999597,0.0
2,mlp,eval_in,0.5301083902047371,0.3112457402499053,0.42794058610999597,0.0
2,mlp,eval_in,0.5401445202729828,0.31512448903753254,0.42794058610999597,0.0
2,mlp,eval_in,0.5501806503412284,0.3188617292958774,0.42794058610999597,0.0
2,mlp,eval_in,0.5602167804094741,0.32210677176639196,0.42794058610999597,0.0
2,mlp,eval_in,0.5702529104777198,0.32382963745160154,0.42794058610999597,0.0
2,mlp,eval_in,0.5800883179446006,0.3273356401384083,0.42794058610999597,0.01384083044982699
2,mlp,eval_in,0.5901244480128462,0.3282312925170068,0.42794058610999597,0.030612244897959183
2,mlp,eval_in,0.6001605780810919,0.32976588628762543,0.42794058610999597,0.046822742474916385
2,mlp,eval_in,0.6101967081493376,0.33092105263157895,0.42794058610999597,0.0625
2,mlp,eval_in,0.6202328382175833,0.33365695792880257,0.42794058610999597,0.07766990291262135
2,mlp,eval_in,0.630268968285829,0.33853503184713374,0.42794058610999597,0.09235668789808917
2,mlp,eval_in,0.6401043757527097,0.339291313891502,0.42794058610999597,0.10630291627469426
2,mlp,eval_in,0.6501405058209554,0.33991972831120715,0.42794058610999597,0.12009879592466811
2,mlp,eval_in,0.6601766358892012,0.34356947400425664,0.42794058610999597,0.13347522043174218
2,mlp,eval_in,0.6702127659574468,0.3462114405510632,0.42794058610999597,0.14645103324348607
2,mlp,eval_in,0.6802488960256925,0.34848037769253465,0.42794058610999597,0.15904396577161403
2,mlp,eval_in,0.6900843034925732,0.3510762070971495,0.42794058610999597,0.17102966841186737
2,mlp,eval_in,0.700120433560819,0.3540711009174312,0.42794058610999597,0.18291284403669725
2,mlp,eval_in,0.7101565636290647,0.358111927642736,0.42794058610999597,0.19446014697569247
2,mlp,eval_in,0.7201926936973103,0.36064659977703456,0.42794058610999597,0.205685618729097
2,mlp,eval_in,0.730228823765556,0.36311159978009894,0.42794058610999597,0.2166025288620121
2,mlp,eval_in,0.7400642312324368,0.3661513425549227,0.42794058610999597,0.22701383238405207
2,mlp,eval_in,0.7501003613006825,0.3700829542413701,0.42794058610999597,0.23735616804923734
2,mlp,eval_in,0.7601364913689281,0.37391074729337204,0.42794058610999597,0.24742540269342486
2,mlp,eval_in,0.7701726214371738,0.3758144383633047,0.42794058610999597,0.25723221266614543
2,mlp,eval_in,0.7802087515054195,0.37972729611525596,0.42794058610999597,0.26678672498070494
2,mlp,eval_in,0.7900441589723003,0.3821138211382114,0.42794058610999597,0.2759146341463415
2,mlp,eval_in,0.800080289040546,0.3845960863020572,0.42794058610999597,0.28499749121926743
2,mlp,eval_in,0.8101164191087916,0.38701684836471756,0.42794058610999597,0.29385530227948464
2,mlp,eval_in,0.8201525491770373,0.38937836514929025,0.42794058610999597,0.302496328928047
2,mlp,eval_in,0.8301886792452831,0.3897485493230174,0.42794058610999597,0.31092843326885883
2,mlp,eval_in,0.8402248093135287,0.3917821309125657,0.42794058610999597,0.31915910176779744
2,mlp,eval_in,0.8500602167804094,0.39456906729634,0.42794058610999597,0.3270365997638725
2,mlp,eval_in,0.8600963468486552,0.39603267211201865,0.42794058610999597,0.3348891481913652
2,mlp,eval_in,0.8701324769169009,0.3970011534025375,0.42794058610999597,0.34256055363321797
2,mlp,eval_in,0.8801686069851465,0.3990877993158495,0.42794058610999597,0.3500570125427594
2,mlp,eval_in,0.8902047370533922,0.40225479143179255,0.42794058610999597,0.3573844419391206
2,mlp,eval_in,0.900040144520273,0.4045495093666369,0.42794058610999597,0.3644067796610169
2,mlp,eval_in,0.9100762745885187,0.4071460079400088,0.42794058610999597,0.3714159682399647
2,mlp,eval_in,0.9201124046567644,0.4099040139616056,0.42794058610999597,0.3782722513089005
2,mlp,eval_in,0.93014853472501,0.4126025032369443,0.42794058610999597,0.38498057833405264
2,mlp,eval_in,0.9401846647932557,0.41524338172502134,0.42794058610999597,0.3915456874466268
2,mlp,eval_in,0.9500200722601365,0.4187618846397634,0.42794058610999597,0.3978449186562434
2,mlp,eval_in,0.9600562023283822,0.4208655655446373,0.42794058610999597,0.40413966130043905
2,mlp,eval_in,0.9700923323966278,0.42147734326505276,0.42794058610999597,0.4103041589075109
2,mlp,eval_in,0.9801284624648735,0.4228957608027852,0.42794058610999597,0.4163424124513619
2,mlp,eval_in,0.9901645925331193,0.42509629028988444,0.42794058610999597,0.4222582606932901
2,mlp,eval_in,1.0,0.42794058610999597,0.42794058610999597,0.42794058610999597
2,mlp,eval_out,0.00020032051282051281,1.0,0.5508814102564102,0.0
2,mlp,eval_out,0.010216346153846154,0.3137254901960784,0.5508814102564102,0.0
2,mlp,eval_out,0.020232371794871796,0.2871287128712871,0.5508814102564102,0.0
2,mlp,eval_out,0.030248397435897436,0.2980132450331126,0.5508814102564102,0.0
2,mlp,eval_out,0.04026442307692308,0.30845771144278605,0.5508814102564102,0.0
2,mlp,eval_out,0.05028044871794872,0.35856573705179284,0.5508814102564102,0.0
2,mlp,eval_out,0.06029647435897436,0.3588039867109635,0.5508814102564102,0.0
2,mlp,eval_out,0.0703125,0.3504273504273504,0.5508814102564102,0.0
2,mlp,eval_out,0.08032852564102565,0.36658354114713215,0.5508814102564102,0.0
2,mlp,eval_out,0.09034455128205128,0.36585365853658536,0.5508814102564102,0.0
2,mlp,eval_out,0.10036057692307693,0.36127744510978044,0.5508814102564102,0.0
2,mlp,eval_out,0.11037660256410256,0.3647912885662432,0.5508814102564102,0.0
2,mlp,eval_out,0.1201923076923077,0.37166666666666665,0.5508814102564102,0.0
2,mlp,eval_out,0.13020833333333334,0.3892307692307692,0.5508814102564102,0.0
2,mlp,eval_out,0.14022435897435898,0.39714285714285713,0.5508814102564102,0.0
2,mlp,eval_out,0.1502403846153846,0.408,0.5508814102564102,0.0
2,mlp,eval_out,0.16025641025641027,0.415,0.5508814102564102,0.0
2,mlp,eval_out,0.1702724358974359,0.41411764705882353,0.5508814102564102,0.0
2,mlp,eval_out,0.18028846153846154,0.41888888888888887,0.5508814102564102,0.0
2,mlp,eval_out,0.19030448717948717,0.4168421052631579,0.5508814102564102,0.0
2,mlp,eval_out,0.20032051282051283,0.418,0.5508814102564102,0.0
2,mlp,eval_out,0.21033653846153846,0.42,0.5508814102564102,0.0
2,mlp,eval_out,0.2203525641025641,0.41454545454545455,0.5508814102564102,0.0
2,mlp,eval_out,0.23016826923076922,0.4194952132288947,0.5508814102564102,0.0
2,mlp,eval_out,0.24018429487179488,0.42201834862385323,0.5508814102564102,0.0
2,mlp,eval_out,0.25020032051282054,0.42273819055244194,0.5508814102564102,0.0
2,mlp,eval_out,0.26021634615384615,0.42725173210161665,0.5508814102564102,0.0
2,mlp,eval_out,0.2702323717948718,0.4306893995552261,0.5508814102564102,0.0
2,mlp,eval_out,0.2802483974358974,0.43245175125089347,0.5508814102564102,0.0
2,mlp,eval_out,0.2902644230769231,0.4354727398205659,0.5508814102564102,0.0
2,mlp,eval_out,0.30028044871794873,0.43295530353569045,0.5508814102564102,0.0
2,mlp,eval_out,0.31029647435897434,0.4357650096836669,0.5508814102564102,0.0
2,mlp,eval_out,0.3203125,0.43839899937460913,0.5508814102564102,0.0
2,mlp,eval_out,0.33032852564102566,0.44026682838083686,0.5508814102564102,0.0
2,mlp,eval_out,0.3401442307692308,0.44228504122497053,0.5508814102564102,0.0
2,mlp,eval_out,0.3501602564102564,0.44679633867276886,0.5508814102564102,0.0
2,mlp,eval_out,0.36017628205128205,0.4471635150166852,0.5508814102564102,0.0
2,mlp,eval_out,0.3701923076923077,0.4485930735930736,0.5508814102564102,0.0
2,mlp,eval_out,0.3802083333333333,0.4473129610115911,0.5508814102564102,0.0
2,mlp,eval_out,0.390224358974359,0.44815195071868585,0.5508814102564102,0.0
2,mlp,eval_out,0.40024038461538464,0.44994994994994997,0.5508814102564102,0.0
2,mlp,eval_out,0.41025641025641024,0.45166015625,0.5508814102564102,0.0
2,mlp,eval_out,0.4202724358974359,0.45900857959961866,0.5508814102564102,0.0
2,mlp,eval_out,0.43028846153846156,0.46089385474860334,0.5508814102564102,0.0
2,mlp,eval_out,0.44030448717948717,0.46314831665150136,0.5508814102564102,0.0
2,mlp,eval_out,0.4501201923076923,0.4628393413440142,0.5508814102564102,0.0022251891410769915
2,mlp,eval_out,0.46013621794871795,0.4666956900304745,0.5508814102564102,0.023944275141488898
2,mlp,eval_out,0.4701522435897436,0.4686834256497657,0.5508814102564102,0.04473796335747763
2,mlp,eval_out,0.4801682692307692,0.4722569879015436,0.5508814102564102,0.06466416353775553
2,mlp,eval_out,0.4901842948717949,0.4773191663261136,0.5508814102564102,0.08377605230894973
2,mlp,eval_out,0.5002003205128205,0.47977573087705244,0.5508814102564102,0.10212254705646776
2,mlp,eval_out,0.5102163461538461,0.4793875147232038,0.5508814102564102,0.11974872398900667
2,mlp,eval_out,0.5202323717948718,0.48286484405082786,0.5508814102564102,0.1366961879091259
2,mlp,eval_out,0.5302483974358975,0.4865885908575746,0.5508814102564102,0.15300340007555724
2,mlp,eval_out,0.5402644230769231,0.4886911383018168,0.5508814102564102,0.16870596959584724
2,mlp,eval_out,0.5502804487179487,0.49071714597742994,0.5508814102564102,0.18383691299599564
2,mlp,eval_out,0.5600961538461539,0.4924892703862661,0.5508814102564102,0.19814020028612303
2,mlp,eval_out,0.5701121794871795,0.4947294448348559,0.5508814102564102,0.2122276879831342
2,mlp,eval_out,0.5801282051282052,0.49689226519337015,0.5508814102564102,0.22582872928176795
2,mlp,eval_out,0.5901442307692307,0.4969450101832994,0.5508814102564102,0.23896809232858113
2,mlp,eval_out,0.6001602564102564,0.4969959946595461,0.5508814102564102,0.25166889185580776
2,mlp,eval_out,0.610176282051282,0.4990151017728168,0.5508814102564102,0.2639527248850952
2,mlp,eval_out,0.6201923076923077,0.5,0.5508814102564102,0.27583979328165376
2,mlp,eval_out,0.6302083333333334,0.5022250476795931,0.5508814102564102,0.2873490146217419
2,mlp,eval_out,0.6402243589743589,0.5043804755944932,0.5508814102564102,0.29849812265331666
2,mlp,eval_out,0.6502403846153846,0.5055452865064695,0.5508814102564102,0.3093037584719655
2,mlp,eval_out,0.6602564102564102,0.5066747572815534,0.5508814102564102,0.31978155339805825
2,mlp,eval_out,0.6700721153846154,0.5082212257100149,0.5508814102564102,0.329745889387145
2,mlp,eval_out,0.6800881410256411,0.5092783505154639,0.5508814102564102,0.33961708394698087
2,mlp,eval_out,0.6901041666666666,0.5105950653120465,0.5508814102564102,0.34920174165457185
2,mlp,eval_out,0.7001201923076923,0.5121602288984263,0.5508814102564102,0.3585121602288984
2,mlp,eval_out,0.710136217948718,0.5136812411847673,0.5508814102564102,0.3675599435825106
2,mlp,eval_out,0.7201522435897436,0.5151599443671766,0.5508814102564102,0.37635605006954104
2,mlp,eval_out,0.7301682692307693,0.5160493827160494,0.5508814102564102,0.3849108367626886
2,mlp,eval_out,0.7401842948717948,0.5196211096075778,0.5508814102564102,0.393234100135318
2,mlp,eval_out,0.7502003205128205,0.5233644859813084,0.5508814102564102,0.4013351134846462
2,mlp,eval_out,0.7602163461538461,0.5243741765480896,0.5508814102564102,0.4092226613965744
2,mlp,eval_out,0.7702323717948718,0.5269180754226268,0.5508814102564102,0.41690507152145645
2,mlp,eval_out,0.7800480769230769,0.5272213662044171,0.5508814102564102,0.42424242424242425
2,mlp,eval_out,0.7900641025641025,0.5283975659229209,0.5508814102564102,0.4315415821501014
2,mlp,eval_out,0.8000801282051282,0.528793189784677,0.5508814102564102,0.4386579869804707
2,mlp,eval_out,0.8100961538461539,0.5296735905044511,0.5508814102564102,0.4455984174085064
2,mlp,eval_out,0.8201121794871795,0.5310210063507572,0.5508814102564102,0.45236932095749877
2,mlp,eval_out,0.8301282051282052,0.5320945945945946,0.5508814102564102,0.458976833976834
2,mlp,eval_out,0.8401442307692307,0.5326657129232236,0.5508814102564102,0.46542680019074867
2,mlp,eval_out,0.8501602564102564,0.5336946277097078,0.5508814102564102,0.4717247879359095
2,mlp,eval_out,0.860176282051282,0.5349324639031207,0.5508814102564102,0.4778761061946903
2,mlp,eval_out,0.8701923076923077,0.5359116022099447,0.5508814102564102,0.48388581952117865
2,mlp,eval_out,0.8802083333333334,0.53709604005462,0.5508814102564102,0.4897587619481111
2,mlp,eval_out,0.8900240384615384,0.5376997524195364,0.5508814102564102,0.4953860004501463
2,mlp,eval_out,0.9000400641025641,0.5392833296238594,0.5508814102564102,0.5010015579790785
2,mlp,eval_out,0.9100560897435898,0.5397314549856923,0.5508814102564102,0.5064935064935064
2,mlp,eval_out,0.9200721153846154,0.540387546266057,0.5508814102564102,0.5118658828652297
2,mlp,eval_out,0.9300881410256411,0.5410295067844066,0.5508814102564102,0.5171225500753823
2,mlp,eval_out,0.9401041666666666,0.5422970381419134,0.5508814102564102,0.5222672064777328
2,mlp,eval_out,0.9501201923076923,0.5437486822686064,0.5508814102564102,0.52730339447607
2,mlp,eval_out,0.960136217948718,0.5449614020446485,0.5508814102564102,0.5322345086584602
2,mlp,eval_out,0.9701522435897436,0.5455296303943836,0.5508814102564102,0.5370638034276275
2,mlp,eval_out,0.9801682692307693,0.5473124872266503,0.5508814102564102,0.5417944001634989
2,mlp,eval_out,0.9901842948717948,0.548250050576573,0.5508814102564102,0.5464292939510419
2,mlp,eval_out,1.0,0.5508814102564102,0.5508814102564102,0.5508814102564102
2,mlp_temperature,eval_in,0.0002007226013649137,0.0,0.42794058610999597,0.0
2,mlp_temperature,eval_in,0.010236852669610599,0.0784313725490196,0.42794058610999597,0.0
2,mlp_temperature,eval_in,0.02027298273785628,0.07920792079207921,0.42794058610999597,0.0
2,mlp_temperature,eval_in,0.030309112806101966,0.08609271523178808,0.42794058610999597,0.0
2,mlp_temperature,eval_in,0.04034524287434765,0.0845771144278607,0.42794058610999597,0.0
2,mlp_temperature,eval_in,0.05038137294259334,0.09163346613545817,0.42794058610999597,0.0
2,mlp_temperature,eval_in,0.060216780409474105,0.1,0.42794058610999597,0.0
2,mlp_temperature,eval_in,0.0702529104777198,0.10857142857142857,0.42794058610999597,0.0
2,mlp_temperature,eval_in,0.08028904054596547,0.1175,0.42794058610999597,0.0
2,mlp_temperature,eval_in,0.09032517061421116,0.11777777777777777,0.42794058610999597,0.0
2,mlp_temperature,eval_in,0.10036130068245684,0.13,0.42794058610999597,0.0
2,mlp_temperature,eval_in,0.11019670814933762,0.13114754098360656,0.42794058610999597,0.0
2,mlp_temperature,eval_in,0.1202328382175833,0.14357262103505844,0.42794058610999597,0.0
2,mlp_temperature,eval_in,0.13026896828582898,0.14791987673343607,0.42794058610999597,0.0
2,mlp_temperature,eval_in,0.14030509835407468,0.15593705293276108,0.42794058610999597,0.0
2,mlp_temperature,eval_in,0.15034122842232037,0.16688918558077437,0.42794058610999597,0.0
2,mlp_temperature,eval_in,0.1601766358892011,0.16917293233082706,0.42794058610999597,0.0
2,mlp_temperature,eval_in,0.1702127659574468,0.17099056603773585,0.42794058610999597,0.0
2,mlp_temperature,eval_in,0.1802488960256925,0.17706013363028952,0.42794058610999597,0.0
2,mlp_temperature,eval_in,0.1902850260939382,0.18037974683544303,0.42794058610999597,0.0
2,mlp_temperature,eval_in,0.20032115616218385,0.1843687374749499,0.42794058610999597,0.0
2,mlp_temperature,eval_in,0.21035728623042954,0.18702290076335878,0.42794058610999597,0.0
2,mlp_temperature,eval_in,0.22019269369731032,0.18960802187784867,0.42794058610999597,0.0
2,mlp_temperature,eval_in,0.230228823765556,0.1944202266782912,0.42794058610999597,0.0
2,mlp_temperature,eval_in,0.2402649538338017,0.19799498746867167,0.42794058610999597,0.0
2,mlp_temperature,eval_in,0.25030108390204736,0.2036888532477947,0.42794058610999597,0.0
2,mlp_temperature,eval_in,0.2603372139702931,0.20971472629144178,0.42794058610999597,0.0
2,mlp_temperature,eval_in,0.2701726214371738,0.212481426448737,0.42794058610999597,0.0
2,mlp_temperature,eval_in,0.2802087515054195,0.2148997134670487,0.42794058610999597,0.0
2,mlp_temperature,eval_in,0.2902448815736652,0.22475795297372061,0.42794058610999597,0.0
2,mlp_temperature,eval_in,0.3002810116419109,0.2252673796791444,0.42794058610999597,0.0
2,mlp_temperature,eval_in,0.31031714171015656,0.23027166882276842,0.42794058610999597,0.0
2,mlp_temperature,eval_in,0.32015254917703734,0.23448275862068965,0.42794058610999597,0.0
2,mlp_temperature,eval_in,0.330188679245283,0.2364741641337386,0.42794058610999597,0.0
2,mlp_temperature,eval_in,0.3402248093135287,0.2383480825958702,0.42794058610999597,0.0
2,mlp_temperature,eval_in,0.3502609393817744,0.24412607449856732,0.42794058610999597,0.0
2,mlp_temperature,eval_in,0.36029706945002005,0.2434540389972145,0.42794058610999597,0.0
2,mlp_temperature,eval_in,0.3701324769169008,0.2472885032537961,0.42794058610999597,0.0
2,mlp_temperature,eval_in,0.38016860698514654,0.25079197465681097,0.42794058610999597,0.0
2,mlp_temperature,eval_in,0.3902047370533922,0.25565843621399176,0.42794058610999597,0.0
2,mlp_temperature,eval_in,0.4002408671216379,0.26028084252758277,0.42794058610999597,0.0
2,mlp_temperature,eval_in,0.4102769971898836,0.2636986301369863,0.42794058610999597,0.0
2,mlp_temperature,eval_in,0.42031312725812925,0.26838586437440304,0.42794058610999597,0.0
2,mlp_temperature,eval_in,0.43014853472501,0.27204853009799346,0.42794058610999597,0.0
2,mlp_temperature,eval_in,0.44018466479325574,0.27405380756953945,0.42794058610999597,0.0
2,mlp_temperature,eval_in,0.4502207948615014,0.2759696834596522,0.42794058610999597,0.0
2,mlp_temperature,eval_in,0.46025692492974707,0.275621456607065,0.42794058610999597,0.0
2,mlp_temperature,eval_in,0.4702930549979928,0.28040973111395645,0.42794058610999597,0.0
2,mlp_temperature,eval_in,0.48012846246487356,0.2855351170568562,0.42794058610999597,0.0
2,mlp_temperature,eval_in,0.4901645925331192,0.291973791973792,0.42794058610999597,0.0
2,mlp_temperature,eval_in,0.5002007226013649,0.29775280898876405,0.42794058610999597,0.0
2,mlp_temperature,eval_in,0.5102368526696106,0.3017309205350118,0.42794058610999597,0.0
2,mlp_temperature,eval_in,0.5202729827378563,0.30709876543209874,0.42794058610999597,0.0
2,mlp_temperature,eval_in,0.5301083902047371,0.30897387353275274,0.42794058610999597,0.0
2,mlp_temperature,eval_in,0.5401445202729828,0.31215161649944256,0.42794058610999597,0.0
2,mlp_temperature,eval_in,0.5501806503412284,0.31594308646479385,0.42794058610999597,0.0
2,mlp_temperature,eval_in,0.5602167804094741,0.319240415621641,0.42794058610999597,0.0
2,mlp_temperature,eval_in,0.5702529104777198,0.32171770503343894,0.42794058610999597,0.0
2,mlp_temperature,eval_in,0.5800883179446006,0.3259515570934256,0.42794058610999597,0.01384083044982699
2,mlp_temperature,eval_in,0.5901244480128462,0.3282312925170068,0.42794058610999597,0.030612244897959183
2,mlp_temperature,eval_in,0.6001605780810919,0.33043478260869563,0.42794058610999597,0.046822742474916385
2,mlp_temperature,eval_in,0.6101967081493376,0.3319078947368421,0.42794058610999597,0.0625
2,mlp_temperature,eval_in,0.6202328382175833,0.33495145631067963,0.42794058610999597,0.07766990291262135
2,mlp_temperature,eval_in,0.630268968285829,0.33726114649681527,0.42794058610999597,0.09235668789808917
2,mlp_temperature,eval_in,0.6401043757527097,0.33866415804327377,0.42794058610999597,0.10630291627469426
2,mlp_temperature,eval_in,0.6501405058209554,0.342080889163322,0.42794058610999597,0.12009879592466811
2,mlp_temperature,eval_in,0.6601766358892012,0.3456977804803892,0.42794058610999597,0.13347522043174218
2,mlp_temperature,eval_in,0.6702127659574468,0.3489068583408206,0.42794058610999597,0.14645103324348607
2,mlp_temperature,eval_in,0.6802488960256925,0.34995573915609324,0.42794058610999597,0.15904396577161403
2,mlp_temperature,eval_in,0.6900843034925732,0.35165794066317624,0.42794058610999597,0.17102966841186737
2,mlp_temperature,eval_in,0.700120433560819,0.35521788990825687,0.42794058610999597,0.18291284403669725
2,mlp_temperature,eval_in,0.7101565636290647,0.358111927642736,0.42794058610999597,0.19446014697569247
2,mlp_temperature,eval_in,0.7201926936973103,0.3600891861761427,0.42794058610999597,0.205685618729097
2,mlp_temperature,eval_in,0.730228823765556,0.3636613523914239,0.42794058610999597,0.2166025288620121
2,mlp_temperature,eval_in,0.7400642312324368,0.36642256577163007,0.42794058610999597,0.22701383238405207
2,mlp_temperature,eval_in,0.7501003613006825,0.3700829542413701,0.42794058610999597,0.23735616804923734
2,mlp_temperature,eval_in,0.7601364913689281,0.3741748085555849,0.42794058610999597,0.24742540269342486
2,mlp_temperature,eval_in,0.7701726214371738,0.37633567891581965,0.42794058610999597,0.25723221266614543
2,mlp_temperature,eval_in,0.7802087515054195,0.378698224852071,0.42794058610999597,0.26678672498070494
2,mlp_temperature,eval_in,0.7900441589723003,0.38109756097560976,0.42794058610999597,0.2759146341463415
2,mlp_temperature,eval_in,0.800080289040546,0.3840943301555444,0.42794058610999597,0.28499749121926743
2,mlp_temperature,eval_in,0.8101164191087916,0.3852824578790882,0.42794058610999597,0.29385530227948464
2,mlp_temperature,eval_in,0.8201525491770373,0.38790993636808613,0.42794058610999597,0.302496328928047
2,mlp_temperature,eval_in,0.8301886792452831,0.3892649903288201,0.42794058610999597,0.31092843326885883
2,mlp_temperature,eval_in,0.8402248093135287,0.3917821309125657,0.42794058610999597,0.31915910176779744
2,mlp_temperature,eval_in,0.8500602167804094,0.39409681227863047,0.42794058610999597,0.3270365997638725
2,mlp_temperature,eval_in,0.8600963468486552,0.39556592765460913,0.42794058610999597,0.3348891481913652
2,mlp_temperature,eval_in,0.8701324769169009,0.39630911188004614,0.42794058610999597,0.34256055363321797
2,mlp_temperature,eval_in,0.8801686069851465,0.39931584948688714,0.42794058610999597,0.3500570125427594
2,mlp_temperature,eval_in,0.8902047370533922,0.40225479143179255,0.42794058610999597,0.3573844419391206
2,mlp_temperature,eval_in,0.900040144520273,0.4047725245316682,0.42794058610999597,0.3644067796610169
2,mlp_temperature,eval_in,0.9100762745885187,0.40780767534186146,0.42794058610999597,0.3714159682399647
2,mlp_temperature,eval_in,0.9201124046567644,0.41143106457242584,0.42794058610999597,0.3782722513089005
2,mlp_temperature,eval_in,0.93014853472501,0.41368148467846355,0.42794058610999597,0.38498057833405264
2,mlp_temperature,eval_in,0.9401846647932557,0.4160973526900085,0.42794058610999597,0.3915456874466268
2,mlp_temperature,eval_in,0.9500200722601365,0.41833931967039933,0.42794058610999597,0.3978449186562434
2,mlp_temperature,eval_in,0.9600562023283822,0.42065649174158476,0.42794058610999597,0.40413966130043905
2,mlp_temperature,eval_in,0.9700923323966278,0.42147734326505276,0.42794058610999597,0.4103041589075109
2,mlp_temperature,eval_in,0.9801284624648735,0.4224861765308212,0.42794058610999597,0.4163424124513619
2,mlp_temperature,eval_in,0.9901645925331193,0.42509629028988444,0.42794058610999597,0.4222582606932901
2,mlp_temperature,eval_in,1.0,0.42794058610999597,0.42794058610999597,0.42794058610999597
2,mlp_temperature,eval_out,0.00020032051282051281,1.0,0.5508814102564102,0.0
2,mlp_temperature,eval_out,0.010216346153846154,0.3137254901960784,0.5508814102564102,0.0
2,mlp_temperature,eval_out,0.020232371794871796,0.27722772277227725,0.5508814102564102,0.0
2,mlp_temperature,eval_out,0.030248397435897436,0.2980132450331126,0.5508814102564102,0.0
2,mlp_temperature,eval_out,0.04026442307692308,0.31840796019900497,0.5508814102564102,0.0
2,mlp_temperature,eval_out,0.05028044871794872,0.35856573705179284,0.5508814102564102,0.0
2,mlp_temperature,eval_out,0.06029647435897436,0.3554817275747508,0.5508814102564102,0.0
2,mlp_temperature,eval_out,0.0703125,0.3475783475783476,0.5508814102564102,0.0
2,mlp_temperature,eval_out,0.08032852564102565,0.3566084788029925,0.5508814102564102,0.0
2,mlp_temperature,eval_out,0.09034455128205128,0.36585365853658536,0.5508814102564102,0.0
2,mlp_temperature,eval_out,0.10036057692307693,0.3712574850299401,0.5508814102564102,0.0
2,mlp_temperature,eval_out,0.11037660256410256,0.3647912885662432,0.5508814102564102,0.0
2,mlp_temperature,eval_out,0.1201923076923077,0.36833333333333335,0.5508814102564102,0.0
2,mlp_temperature,eval_out,0.13020833333333334,0.38,0.5508814102564102,0.0
2,mlp_temperature,eval_out,0.14022435897435898,0.3914285714285714,0.5508814102564102,0.0
2,mlp_temperature,eval_out,0.1502403846153846,0.408,0.5508814102564102,0.0
2,mlp_temperature,eval_out,0.16025641025641027,0.4175,0.5508814102564102,0.0
2,mlp_temperature,eval_out,0.1702724358974359,0.4176470588235294,0.5508814102564102,0.0
2,mlp_temperature,eval_out,0.18028846153846154,0.41555555555555557,0.5508814102564102,0.0
2,mlp_temperature,eval_out,0.19030448717948717,0.41578947368421054,0.5508814102564102,0.0
2,mlp_temperature,eval_out,0.20032051282051283,0.419,0.5508814102564102,0.0
2,mlp_temperature,eval_out,0.21033653846153846,0.41904761904761906,0.5508814102564102,0.0
2,mlp_temperature,eval_out,0.2203525641025641,0.41818181818181815,0.5508814102564102,0.0
2,mlp_temperature,eval_out,0.23016826923076922,0.42036553524804177,0.5508814102564102,0.0
2,mlp_temperature,eval_out,0.24018429487179488,0.4178482068390325,0.5508814102564102,0.0
2,mlp_temperature,eval_out,0.25020032051282054,0.42514011208967173,0.5508814102564102,0.0
2,mlp_temperature,eval_out,0.26021634615384615,0.42725173210161665,0.5508814102564102,0.0
2,mlp_temperature,eval_out,0.2702323717948718,0.42920681986656783,0.5508814102564102,0.0
2,mlp_temperature,eval_out,0.2802483974358974,0.43245175125089347,0.5508814102564102,0.0
2,mlp_temperature,eval_out,0.2902644230769231,0.432712215320911,0.5508814102564102,0.0
2,mlp_temperature,eval_out,0.30028044871794873,0.43562374916611074,0.5508814102564102,0.0
2,mlp_temperature,eval_out,0.31029647435897434,0.4396384764364106,0.5508814102564102,0.0
2,mlp_temperature,eval_out,0.3203125,0.43902439024390244,0.5508814102564102,0.0
2,mlp_temperature,eval_out,0.33032852564102566,0.4408732565191025,0.5508814102564102,0.0
2,mlp_temperature,eval_out,0.3401442307692308,0.44405182567726736,0.5508814102564102,0.0
2,mlp_temperature,eval_out,0.3501602564102564,0.44336384439359267,0.5508814102564102,0.0
2,mlp_temperature,eval_out,0.36017628205128205,0.44271412680756395,0.5508814102564102,0.0
2,mlp_temperature,eval_out,0.3701923076923077,0.4431818181818182,0.5508814102564102,0.0
2,mlp_temperature,eval_out,0.3802083333333333,0.4473129610115911,0.5508814102564102,0.0
2,mlp_temperature,eval_out,0.390224358974359,0.4491786447638604,0.5508814102564102,0.0
2,mlp_temperature,eval_out,0.40024038461538464,0.4494494494494494,0.5508814102564102,0.0
2,mlp_temperature,eval_out,0.41025641025641024,0.45263671875,0.5508814102564102,0.0
2,mlp_temperature,eval_out,0.4202724358974359,0.4551954242135367,0.5508814102564102,0.0
2,mlp_temperature,eval_out,0.43028846153846156,0.4585661080074488,0.5508814102564102,0.0
2,mlp_temperature,eval_out,0.44030448717948717,0.4599636032757052,0.5508814102564102,0.0
2,mlp_temperature,eval_out,0.4501201923076923,0.46461949265687585,0.5508814102564102,0.0022251891410769915
2,mlp_temperature,eval_out,0.46013621794871795,0.4701784936874184,0.5508814102564102,0.023944275141488898
2,mlp_temperature,eval_out,0.4701522435897436,0.4712398806987644,0.5508814102564102,0.04473796335747763
2,mlp_temperature,eval_out,0.4801682692307692,0.47434292866082606,0.5508814102564102,0.06466416353775553
2,mlp_temperature,eval_out,0.4901842948717949,0.4765018389865141,0.5508814102564102,0.08377605230894973
2,mlp_temperature,eval_out,0.5002003205128205,0.47857428914697636,0.5508814102564102,0.10212254705646776
2,mlp_temperature,eval_out,0.5102163461538461,0.48095798979191207,0.5508814102564102,0.11974872398900667
2,mlp_temperature,eval_out,0.5202323717948718,0.48363496341933,0.5508814102564102,0.1366961879091259
2,mlp_temperature,eval_out,0.5302483974358975,0.4846996599924443,0.5508814102564102,0.15300340007555724
2,mlp_temperature,eval_out,0.5402644230769231,0.4872080088987764,0.5508814102564102,0.16870596959584724
2,mlp_temperature,eval_out,0.5502804487179487,0.4892610120131052,0.5508814102564102,0.18383691299599564
2,mlp_temperature,eval_out,0.5600961538461539,0.49105865522174535,0.5508814102564102,0.19814020028612303
2,mlp_temperature,eval_out,0.5701121794871795,0.49262122276879833,0.5508814102564102,0.2122276879831342
2,mlp_temperature,eval_out,0.5801282051282052,0.4930939226519337,0.5508814102564102,0.22582872928176795
2,mlp_temperature,eval_out,0.5901442307692307,0.49490835030549896,0.5508814102564102,0.23896809232858113
2,mlp_temperature,eval_out,0.6001602564102564,0.49732977303070763,0.5508814102564102,0.25166889185580776
2,mlp_temperature,eval_out,0.610176282051282,0.5006565988181221,0.5508814102564102,0.2639527248850952
2,mlp_temperature,eval_out,0.6201923076923077,0.5012919896640827,0.5508814102564102,0.27583979328165376
2,mlp_temperature,eval_out,0.6302083333333334,0.5019071837253656,0.5508814102564102,0.2873490146217419
2,mlp_temperature,eval_out,0.6402243589743589,0.5018773466833542,0.5508814102564102,0.29849812265331666
2,mlp_temperature,eval_out,0.6502403846153846,0.5021565003080715,0.5508814102564102,0.3093037584719655
2,mlp_temperature,eval_out,0.6602564102564102,0.5045509708737864,0.5508814102564102,0.31978155339805825
2,mlp_temperature,eval_out,0.6700721153846154,0.5061285500747384,0.5508814102564102,0.329745889387145
2,mlp_temperature,eval_out,0.6800881410256411,0.508100147275405,0.5508814102564102,0.33961708394698087
2,mlp_temperature,eval_out,0.6901041666666666,0.5097242380261248,0.5508814102564102,0.34920174165457185
2,mlp_temperature,eval_out,0.7001201923076923,0.5124463519313305,0.5508814102564102,0.3585121602288984
2,mlp_temperature,eval_out,0.710136217948718,0.5142454160789844,0.5508814102564102,0.3675599435825106
2,mlp_temperature,eval_out,0.7201522435897436,0.5171070931849792,0.5508814102564102,0.37635605006954104
2,mlp_temperature,eval_out,0.7301682692307693,0.5187928669410151,0.5508814102564102,0.3849108367626886
2,mlp_temperature,eval_out,0.7401842948717948,0.5198917456021651,0.5508814102564102,0.393234100135318
2,mlp_temperature,eval_out,0.7502003205128205,0.5212283044058745,0.5508814102564102,0.4013351134846462
2,mlp_temperature,eval_out,0.7602163461538461,0.5227931488801054,0.5508814102564102,0.4092226613965744
2,mlp_temperature,eval_out,0.7702323717948718,0.5253576072821846,0.5508814102564102,0.41690507152145645
2,mlp_temperature,eval_out,0.7800480769230769,0.5264509501797637,0.5508814102564102,0.42424242424242425
2,mlp_temperature,eval_out,0.7900641025641025,0.5289046653144016,0.5508814102564102,0.4315415821501014
2,mlp_temperature,eval_out,0.8000801282051282,0.5302954431647471,0.5508814102564102,0.4386579869804707
2,mlp_temperature,eval_out,0.8100961538461539,0.531404549950544,0.5508814102564102,0.4455984174085064
2,mlp_temperature,eval_out,0.8201121794871795,0.5319980459208598,0.5508814102564102,0.45236932095749877
2,mlp_temperature,eval_out,0.8301282051282052,0.5328185328185329,0.5508814102564102,0.458976833976834
2,mlp_temperature,eval_out,0.8401442307692307,0.5331425846447305,0.5508814102564102,0.46542680019074867
2,mlp_temperature,eval_out,0.8501602564102564,0.5348727615457116,0.5508814102564102,0.4717247879359095
2,mlp_temperature,eval_out,0.860176282051282,0.536096879366558,0.5508814102564102,0.4778761061946903
2,mlp_temperature,eval_out,0.8701923076923077,0.5370626151012892,0.5508814102564102,0.48388581952117865
2,mlp_temperature,eval_out,0.8802083333333334,0.5375512061902594,0.5508814102564102,0.4897587619481111
2,mlp_temperature,eval_out,0.8900240384615384,0.537474679270763,0.5508814102564102,0.4953860004501463
2,mlp_temperature,eval_out,0.9000400641025641,0.539951034943245,0.5508814102564102,0.5010015579790785
2,mlp_temperature,eval_out,0.9100560897435898,0.5401716927140656,0.5508814102564102,0.5064935064935064
2,mlp_temperature,eval_out,0.9200721153846154,0.5399521010232963,0.5508814102564102,0.5118658828652297
2,mlp_temperature,eval_out,0.9300881410256411,0.5412448847727762,0.5508814102564102,0.5171225500753823
2,mlp_temperature,eval_out,0.9401041666666666,0.5418708715107607,0.5508814102564102,0.5222672064777328
2,mlp_temperature,eval_out,0.9501201923076923,0.5435378452456251,0.5508814102564102,0.52730339447607
2,mlp_temperature,eval_out,0.960136217948718,0.545795952430628,0.5508814102564102,0.5322345086584602
2,mlp_temperature,eval_out,0.9701522435897436,0.5459425975634937,0.5508814102564102,0.5370638034276275
2,mlp_temperature,eval_out,0.9801682692307693,0.5471081136317187,0.5508814102564102,0.5417944001634989
2,mlp_temperature,eval_out,0.9901842948717948,0.5486546631600243,0.5508814102564102,0.5464292939510419
2,mlp_temperature,eval_out,1.0,0.5508814102564102,0.5508814102564102,0.5508814102564102
2,ensemble,eval_in,0.0002007226013649137,0.0,0.42131674026495386,0.0
2,ensemble,eval_in,0.010236852669610599,0.058823529411764705,0.42131674026495386,0.0
2,ensemble,eval_in,0.02027298273785628,0.07920792079207921,0.42131674026495386,0.0
2,ensemble,eval_in,0.030309112806101966,0.06622516556291391,0.42131674026495386,0.0
2,ensemble,eval_in,0.04034524287434765,0.07960199004975124,0.42131674026495386,0.0
2,ensemble,eval_in,0.05038137294259334,0.09561752988047809,0.42131674026495386,0.0
2,ensemble,eval_in,0.060216780409474105,0.09666666666666666,0.42131674026495386,0.0
2,ensemble,eval_in,0.0702529104777198,0.11428571428571428,0.42131674026495386,0.0
2,ensemble,eval_in,0.08028904054596547,0.1175,0.42131674026495386,0.0
2,ensemble,eval_in,0.09032517061421116,0.11333333333333333,0.42131674026495386,0.0
2,ensemble,eval_in,0.10036130068245684,0.122,0.42131674026495386,0.0
2,ensemble,eval_in,0.11019670814933762,0.12750455373406194,0.42131674026495386,0.0
2,ensemble,eval_in,0.1202328382175833,0.1335559265442404,0.42131674026495386,0.0
2,ensemble,eval_in,0.13026896828582898,0.12788906009244994,0.42131674026495386,0.0
2,ensemble,eval_in,0.14030509835407468,0.13876967095851217,0.42131674026495386,0.0
2,ensemble,eval_in,0.15034122842232037,0.14285714285714285,0.42131674026495386,0.0
2,ensemble,eval_in,0.1601766358892011,0.14786967418546365,0.42131674026495386,0.0
2,ensemble,eval_in,0.1702127659574468,0.15566037735849056,0.42131674026495386,0.0
2,ensemble,eval_in,0.1802488960256925,0.16481069042316257,0.42131674026495386,0.0
2,ensemble,eval_in,0.1902850260939382,0.16666666666666666,0.42131674026495386,0.0
2,ensemble,eval_in,0.20032115616218385,0.17334669338677355,0.42131674026495386,0.0
2,ensemble,eval_in,0.21035728623042954,0.17270992366412213,0.42131674026495386,0.0
2,ensemble,eval_in,0.22019269369731032,0.17775752051048313,0.42131674026495386,0.0
2,ensemble,eval_in,0.230228823765556,0.18134263295553618,0.42131674026495386,0.0
2,ensemble,eval_in,0.2402649538338017,0.18128654970760233,0.42131674026495386,0.0
2,ensemble,eval_in,0.25030108390204736,0.1884522854851644,0.42131674026495386,0.0
2,ensemble,eval_in,0.2603372139702931,0.19043947571318426,0.42131674026495386,0.0
2,ensemble,eval_in,0.2701726214371738,0.19465081723625557,0.42131674026495386,0.0
2,ensemble,eval_in,0.2802087515054195,0.1991404011461318,0.42131674026495386,0.0
2,ensemble,eval_in,0.2902448815736652,0.20470262793914246,0.42131674026495386,0.0
2,ensemble,eval_in,0.3002810116419109,0.20855614973262032,0.42131674026495386,0.0
2,ensemble,eval_in,0.31031714171015656,0.2108667529107374,0.42131674026495386,0.0
2,ensemble,eval_in,0.32015254917703734,0.21316614420062696,0.42131674026495386,0.0
2,ensemble,eval_in,0.330188679245283,0.22127659574468084,0.42131674026495386,0.0
2,ensemble,eval_in,0.3402248093135287,0.22595870206489677,0.42131674026495386,0.0
2,ensemble,eval_in,0.3502609393817744,0.2303724928366762,0.42131674026495386,0.0
2,ensemble,eval_in,0.36029706945002005,0.23286908077994428,0.42131674026495386,0.0
2,ensemble,eval_in,0.3701324769169008,0.2380694143167028,0.42131674026495386,0.0
2,ensemble,eval_in,0.38016860698514654,0.24181626187961985,0.42131674026495386,0.0
2,ensemble,eval_in,0.3902047370533922,0.2448559670781893,0.42131674026495386,0.0
2,ensemble,eval_in,0.4002408671216379,0.25175526579739216,0.42131674026495386,0.0
2,ensemble,eval_in,0.4102769971898836,0.2573385518590998,0.42131674026495386,0.0
2,ensemble,eval_in,0.42031312725812925,0.2607449856733524,0.42131674026495386,0.0
2,ensemble,eval_in,0.43014853472501,0.2645823611759216,0.42131674026495386,0.0
2,ensemble,eval_in,0.44018466479325574,0.2644778841769266,0.42131674026495386,0.0
2,ensemble,eval_in,0.4502207948615014,0.26972804279982165,0.42131674026495386,0.0
2,ensemble,eval_in,0.46025692492974707,0.2721325774095072,0.42131674026495386,0.0
2,ensemble,eval_in,0.4702930549979928,0.27699530516431925,0.42131674026495386,0.0
2,ensemble,eval_in,0.48012846246487356,0.2801003344481605,0.42131674026495386,0.0
2,ensemble,eval_in,0.4901645925331192,0.2846027846027846,0.42131674026495386,0.0
2,ensemble,eval_in,0.5002007226013649,0.28491171749598715,0.42131674026495386,0.0
2,ensemble,eval_in,0.5102368526696106,0.28914240755310777,0.42131674026495386,0.0
2,ensemble,eval_in,0.5202729827378563,0.29128086419753085,0.42131674026495386,0.0
2,ensemble,eval_in,0.5301083902047371,0.2945853843241196,0.42131674026495386,0.0
2,ensemble,eval_in,0.5401445202729828,0.2969156447417317,0.42131674026495386,0.0
2,ensemble,eval_in,0.5501806503412284,0.29879605983217805,0.42131674026495386,0.0
2,ensemble,eval_in,0.5602167804094741,0.30383375134360446,0.42131674026495386,0.0
2,ensemble,eval_in,0.5702529104777198,0.3086941217881028,0.42131674026495386,0.0
2,ensemble,eval_in,0.5800883179446006,0.3107266435986159,0.42131674026495386,0.002422145328719723
2,ensemble,eval_in,0.5901244480128462,0.31462585034013607,0.42131674026495386,0.019387755102040816
2,ensemble,eval_in,0.6001605780810919,0.31806020066889634,0.42131674026495386,0.03578595317725752
2,ensemble,eval_in,0.6101967081493376,0.32171052631578945,0.42131674026495386,0.051644736842105264
2,ensemble,eval_in,0.6202328382175833,0.3255663430420712,0.42131674026495386,0.06699029126213592
2,ensemble,eval_in,0.630268968285829,0.3289808917197452,0.42131674026495386,0.08184713375796178
2,ensemble,eval_in,0.6401043757527097,0.33239259956099093,0.42131674026495386,0.09595484477892756
2,ensemble,eval_in,0.6501405058209554,0.3352886693423896,0.42131674026495386,0.10991046619326952
2,ensemble,eval_in,0.6601766358892012,0.33809668592277287,0.42131674026495386,0.12344177561568866
2,ensemble,eval_in,0.6702127659574468,0.34321653189577717,0.42131674026495386,0.13656783468104222
2,ensemble,eval_in,0.6802488960256925,0.3443493655945707,0.42131674026495386,0.14930658011212747
2,ensemble,eval_in,0.6900843034925732,0.3472949389179756,0.42131674026495386,0.16143106457242584
2,ensemble,eval_in,0.700120433560819,0.35091743119266056,0.42131674026495386,0.17345183486238533
2,ensemble,eval_in,0.7101565636290647,0.3541548897682306,0.42131674026495386,0.1851328434143584
2,ensemble,eval_in,0.7201926936973103,0.35618729096989965,0.42131674026495386,0.19648829431438128
2,ensemble,eval_in,0.730228823765556,0.3589884551951622,0.42131674026495386,0.20753161077515117
2,ensemble,eval_in,0.7400642312324368,0.36126932465419037,0.42131674026495386,0.21806346623270953
2,ensemble,eval_in,0.7501003613006825,0.36312550173936314,0.42131674026495386,0.2285255552582285
2,ensemble,eval_in,0.7601364913689281,0.36678109321362556,0.42131674026495386,0.23871138104040138
2,ensemble,eval_in,0.7701726214371738,0.37008079228563984,0.42131674026495386,0.24863174354964818
2,ensemble,eval_in,0.7802087515054195,0.37226652945716493,0.42131674026495386,0.2582968870594289
2,ensemble,eval_in,0.7900441589723003,0.3757621951219512,0.42131674026495386,0.26753048780487804
2,ensemble,eval_in,0.800080289040546,0.3770697441043653,0.42131674026495386,0.2767185148018063
2,ensemble,eval_in,0.8101164191087916,0.37784935579781964,0.42131674026495386,0.2856788899900892
2,ensemble,eval_in,0.8201525491770373,0.38179148311306904,0.42131674026495386,0.2944199706314244
2,ensemble,eval_in,0.8301886792452831,0.3829787234042553,0.42131674026495386,0.30294970986460346
2,ensemble,eval_in,0.8402248093135287,0.3860487338748208,0.42131674026495386,0.31127568084089824
2,ensemble,eval_in,0.8500602167804094,0.38795749704840615,0.42131674026495386,0.3192443919716647
2,ensemble,eval_in,0.8600963468486552,0.3904317386231039,0.42131674026495386,0.3271878646441074
2,ensemble,eval_in,0.8701324769169009,0.3928489042675894,0.42131674026495386,0.3349480968858132
2,ensemble,eval_in,0.8801686069851465,0.3942987457240593,0.42131674026495386,0.34253135689851766
2,ensemble,eval_in,0.8902047370533922,0.39571589627959414,0.42131674026495386,0.34994363021420516
2,ensemble,eval_in,0.900040144520273,0.3989741302408564,0.42131674026495386,0.35704727921498663
2,ensemble,eval_in,0.9100762745885187,0.4018526687251875,0.42131674026495386,0.36413762681958534
2,ensemble,eval_in,0.9201124046567644,0.4027050610820244,0.42131674026495386,0.37107329842931935
2,ensemble,eval_in,0.93014853472501,0.40483383685800606,0.42131674026495386,0.3778593008200259
2,ensemble,eval_in,0.9401846647932557,0.40649017933390263,0.42131674026495386,0.3845004269854825
2,ensemble,eval_in,0.9500200722601365,0.4084090428903444,0.42131674026495386,0.39087259666173674
2,ensemble,eval_in,0.9600562023283822,0.4102028015889609,0.42131674026495386,0.3972402257997073
2,ensemble,eval_in,0.9700923323966278,0.4127870887647424,0.42131674026495386,0.40347610180012417
2,ensemble,eval_in,0.9801284624648735,0.414908867499488,0.42131674026495386,0.4095842719639566
2,ensemble,eval_in,0.9901645925331193,0.4171903506993716,0.42131674026495386,0.4155686195013177
2,ensemble,eval_in,1.0,0.42131674026495386,0.42131674026495386,0.42131674026495386
2,ensemble,eval_out,0.00020032051282051281,0.0,0.5442708333333334,0.0
2,ensemble,eval_out,0.010216346153846154,0.27450980392156865,0.5442708333333334,0.0
2,ensemble,eval_out,0.020232371794871796,0.297029702970297,0.5442708333333334,0.0
2,ensemble,eval_out,0.030248397435897436,0.31125827814569534,0.5442708333333334,0.0
2,ensemble,eval_out,0.04026442307692308,0.31343283582089554,0.5442708333333334,0.0
2,ensemble,eval_out,0.05028044871794872,0.3187250996015936,0.5442708333333334,0.0
2,ensemble,eval_out,0.06029647435897436,0.33554817275747506,0.5442708333333334,0.0
2,ensemble,eval_out,0.0703125,0.3418803418803419,0.5442708333333334,0.0
2,ensemble,eval_out,0.08032852564102565,0.3341645885286783,0.5442708333333334,0.0
2,ensemble,eval_out,0.09034455128205128,0.34146341463414637,0.5442708333333334,0.0
2,ensemble,eval_out,0.10036057692307693,0.34530938123752497,0.5442708333333334,0.0
2,ensemble,eval_out,0.11037660256410256,0.35208711433756806,0.5442708333333334,0.0
2,ensemble,eval_out,0.1201923076923077,0.355,0.5442708333333334,0.0
2,ensemble,eval_out,0.13020833333333334,0.3646153846153846,0.5442708333333334,0.0
2,ensemble,eval_out,0.14022435897435898,0.37142857142857144,0.5442708333333334,0.0
2,ensemble,eval_out,0.1502403846153846,0.37466666666666665,0.5442708333333334,0.0
2,ensemble,eval_out,0.16025641025641027,0.3775,0.5442708333333334,0.0
2,ensemble,eval_out,0.1702724358974359,0.38588235294117645,0.5442708333333334,0.0
2,ensemble,eval_out,0.18028846153846154,0.3844444444444444,0.5442708333333334,0.0
2,ensemble,eval_out,0.19030448717948717,0.3936842105263158,0.5442708333333334,0.0
2,ensemble,eval_out,0.20032051282051283,0.398,0.5442708333333334,0.0
2,ensemble,eval_out,0.21033653846153846,0.40095238095238095,0.5442708333333334,0.0
2,ensemble,eval_out,0.2203525641025641,0.4009090909090909,0.5442708333333334,0.0
2,ensemble,eval_out,0.23016826923076922,0.4012184508268059,0.5442708333333334,0.0
2,ensemble,eval_out,0.24018429487179488,0.4036697247706422,0.5442708333333334,0.0
2,ensemble,eval_out,0.25020032051282054,0.40592473979183347,0.5442708333333334,0.0
2,ensemble,eval_out,0.26021634615384615,0.40877598152424943,0.5442708333333334,0.0
2,ensemble,eval_out,0.2702323717948718,0.41215715344699777,0.5442708333333334,0.0
2,ensemble,eval_out,0.2802483974358974,0.4131522516082916,0.5442708333333334,0.0
2,ensemble,eval_out,0.2902644230769231,0.4189095928226363,0.5442708333333334,0.0
2,ensemble,eval_out,0.30028044871794873,0.42361574382921946,0.5442708333333334,0.0
2,ensemble,eval_out,0.31029647435897434,0.4280180761781795,0.5442708333333334,0.0
2,ensemble,eval_out,0.3203125,0.43026891807379614,0.5442708333333334,0.0
2,ensemble,eval_out,0.33032852564102566,0.43117040630685266,0.5442708333333334,0.0
2,ensemble,eval_out,0.3401442307692308,0.43227326266195526,0.5442708333333334,0.0
2,ensemble,eval_out,0.3501602564102564,0.4364988558352403,0.5442708333333334,0.0
2,ensemble,eval_out,0.36017628205128205,0.4382647385984427,0.5442708333333334,0.0
2,ensemble,eval_out,0.3701923076923077,0.44155844155844154,0.5442708333333334,0.0
2,ensemble,eval_out,0.3802083333333333,0.44415173867228663,0.5442708333333334,0.0
2,ensemble,eval_out,0.390224358974359,0.4455852156057495,0.5442708333333334,0.0
2,ensemble,eval_out,0.40024038461538464,0.44894894894894893,0.5442708333333334,0.0
2,ensemble,eval_out,0.41025641025641024,0.45263671875,0.5442708333333334,0.0
2,ensemble,eval_out,0.4202724358974359,0.45281220209723544,0.5442708333333334,0.0
2,ensemble,eval_out,0.43028846153846156,0.45670391061452514,0.5442708333333334,0.0
2,ensemble,eval_out,0.44030448717948717,0.4554140127388535,0.5442708333333334,0.0
2,ensemble,eval_out,0.4501201923076923,0.45705384957721407,0.5442708333333334,0.0
2,ensemble,eval_out,0.46013621794871795,0.4584240313452329,0.5442708333333334,0.00957771005659556
2,ensemble,eval_out,0.4701522435897436,0.46186621218576907,0.5442708333333334,0.03067746058798466
2,ensemble,eval_out,0.4801682692307692,0.4655819774718398,0.5442708333333334,0.05089695452649145
2,ensemble,eval_out,0.4901842948717949,0.46873722926031874,0.5442708333333334,0.07029015120555783
2,ensemble,eval_out,0.5002003205128205,0.4709651581898278,0.5442708333333334,0.08890668802563076
2,ensemble,eval_out,0.5102163461538461,0.4723203769140165,0.5442708333333334,0.10679230467216333
2,ensemble,eval_out,0.5202323717948718,0.4751636503658067,0.5442708333333334,0.12398921832884097
2,ensemble,eval_out,0.5302483974358975,0.47676615035889686,0.5442708333333334,0.140536456365697
2,ensemble,eval_out,0.5402644230769231,0.4775676677790137,0.5442708333333334,0.1564701520207638
2,ensemble,eval_out,0.5502804487179487,0.47906807426283216,0.5442708333333334,0.1718238077903167
2,ensemble,eval_out,0.5600961538461539,0.48283261802575106,0.5442708333333334,0.1863376251788269
2,ensemble,eval_out,0.5701121794871795,0.48559381588193956,0.5442708333333334,0.2006324666198173
2,ensemble,eval_out,0.5801282051282052,0.48756906077348067,0.5442708333333334,0.21443370165745856
2,ensemble,eval_out,0.5901442307692307,0.48981670061099797,0.5442708333333334,0.22776646300067888
2,ensemble,eval_out,0.6001602564102564,0.4893190921228304,0.5442708333333334,0.24065420560747663
2,ensemble,eval_out,0.610176282051282,0.49244911359159554,0.5442708333333334,0.2531188443860801
2,ensemble,eval_out,0.6201923076923077,0.4932170542635659,0.5442708333333334,0.26518087855297157
2,ensemble,eval_out,0.6302083333333334,0.49491417673235855,0.5442708333333334,0.2768595041322314
2,ensemble,eval_out,0.6402243589743589,0.49624530663329164,0.5442708333333334,0.2881727158948686
2,ensemble,eval_out,0.6502403846153846,0.49784349969192854,0.5442708333333334,0.2991373998767714
2,ensemble,eval_out,0.6602564102564102,0.4984830097087379,0.5442708333333334,0.30976941747572817
2,ensemble,eval_out,0.6700721153846154,0.5001494768310912,0.5442708333333334,0.31988041853512705
2,ensemble,eval_out,0.6800881410256411,0.5022091310751104,0.5442708333333334,0.32989690721649484
2,ensemble,eval_out,0.6901041666666666,0.5033381712626995,0.5442708333333334,0.33962264150943394
2,ensemble,eval_out,0.7001201923076923,0.5052932761087268,0.5442708333333334,0.3490701001430615
2,ensemble,eval_out,0.710136217948718,0.5077574047954866,0.5442708333333334,0.35825105782792666
2,ensemble,eval_out,0.7201522435897436,0.5095966620305981,0.5442708333333334,0.3671766342141864
2,ensemble,eval_out,0.7301682692307693,0.512482853223594,0.5442708333333334,0.37585733882030176
2,ensemble,eval_out,0.7401842948717948,0.5144790257104195,0.5442708333333334,0.38430311231393777
2,ensemble,eval_out,0.7502003205128205,0.5156208277703604,0.5442708333333334,0.3925233644859813
2,ensemble,eval_out,0.7602163461538461,0.5156785243741765,0.5442708333333334,0.4005270092226614
2,ensemble,eval_out,0.7702323717948718,0.517295188556567,0.5442708333333334,0.4083224967490247
2,ensemble,eval_out,0.7800480769230769,0.5174627632254751,0.5442708333333334,0.4157678479712378
2,ensemble,eval_out,0.7900641025641025,0.5180020283975659,0.5442708333333334,0.42317444219066935
2,ensemble,eval_out,0.8000801282051282,0.5190285428142213,0.5442708333333334,0.43039559339008515
2,ensemble,eval_out,0.8100961538461539,0.5192878338278932,0.5442708333333334,0.4374381800197824
2,ensemble,eval_out,0.8201121794871795,0.5202735710796287,0.5442708333333334,0.4443087445041524
2,ensemble,eval_out,0.8301282051282052,0.521476833976834,0.5442708333333334,0.4510135135135135
2,ensemble,eval_out,0.8401442307692307,0.5238435860753458,0.5442708333333334,0.4575584167858846
2,ensemble,eval_out,0.8501602564102564,0.5256833176248822,0.5442708333333334,0.46394910461828465
2,ensemble,eval_out,0.860176282051282,0.5270144387517466,0.5442708333333334,0.47019096413600375
2,ensemble,eval_out,0.8701923076923077,0.5273941068139963,0.5442708333333334,0.47628913443830573
2,ensemble,eval_out,0.8802083333333334,0.5284478834774693,0.5442708333333334,0.4822485207100592
2,ensemble,eval_out,0.8900240384615384,0.5293720459149224,0.5442708333333334,0.4879585865406257
2,ensemble,eval_out,0.9000400641025641,0.5303805920320499,0.5442708333333334,0.49365679946583574
2,ensemble,eval_out,0.9100560897435898,0.5322474136033458,0.5442708333333334,0.49922958397534667
2,ensemble,eval_out,0.9200721153846154,0.5327672545177444,0.5442708333333334,0.5046810363596778
2,ensemble,eval_out,0.9300881410256411,0.5339220331682102,0.5442708333333334,0.5100150764591859
2,ensemble,eval_out,0.9401041666666666,0.5344129554655871,0.5442708333333334,0.5152354570637119
2,ensemble,eval_out,0.9501201923076923,0.5351043643263758,0.5442708333333334,0.5203457727176892
2,ensemble,eval_out,0.960136217948718,0.5372418109743375,0.5442708333333334,0.525349467974129
2,ensemble,eval_out,0.9701522435897436,0.5383027049349577,0.5442708333333334,0.5302498451373115
2,ensemble,eval_out,0.9801682692307693,0.5405681585939097,0.5442708333333334,0.5350500715307582
2,ensemble,eval_out,0.9901842948717948,0.5425854744082541,0.5442708333333334,0.5397531863240946
2,ensemble,eval_out,1.0,0.5442708333333334,0.5442708333333334,0.5442708333333334
2,ensemble_temperature,eval_in,0.0002007226013649137,0.0,0.42131674026495386,0.0
2,ensemble_temperature,eval_in,0.010236852669610599,0.058823529411764705,0.42131674026495386,0.0
2,ensemble_temperature,eval_in,0.02027298273785628,0.06930693069306931,0.42131674026495386,0.0
2,ensemble_temperature,eval_in,0.030309112806101966,0.0728476821192053,0.42131674026495386,0.0
2,ensemble_temperature,eval_in,0.04034524287434765,0.0845771144278607,0.42131674026495386,0.0
2,ensemble_temperature,eval_in,0.05038137294259334,0.09163346613545817,0.42131674026495386,0.0
2,ensemble_temperature,eval_in,0.060216780409474105,0.1,0.42131674026495386,0.0
2,ensemble_temperature,eval_in,0.0702529104777198,0.11142857142857143,0.42131674026495386,0.0
2,ensemble_temperature,eval_in,0.08028904054596547,0.1175,0.42131674026495386,0.0
2,ensemble_temperature,eval_in,0.09032517061421116,0.11333333333333333,0.42131674026495386,0.0
2,ensemble_temperature,eval_in,0.10036130068245684,0.122,0.42131674026495386,0.0
2,ensemble_temperature,eval_in,0.11019670814933762,0.12750455373406194,0.42131674026495386,0.0
2,ensemble_temperature,eval_in,0.1202328382175833,0.1352253756260434,0.42131674026495386,0.0
2,ensemble_temperature,eval_in,0.13026896828582898,0.12788906009244994,0.42131674026495386,0.0
2,ensemble_temperature,eval_in,0.14030509835407468,0.13876967095851217,0.42131674026495386,0.0
2,ensemble_temperature,eval_in,0.15034122842232037,0.14152202937249667,0.42131674026495386,0.0
2,ensemble_temperature,eval_in,0.1601766358892011,0.14912280701754385,0.42131674026495386,0.0
2,ensemble_temperature,eval_in,0.1702127659574468,0.15566037735849056,0.42131674026495386,0.0
2,ensemble_temperature,eval_in,0.1802488960256925,0.1603563474387528,0.42131674026495386,0.0
2,ensemble_temperature,eval_in,0.1902850260939382,0.16772151898734178,0.42131674026495386,0.0
2,ensemble_temperature,eval_in,0.20032115616218385,0.17234468937875752,0.42131674026495386,0.0
2,ensemble_temperature,eval_in,0.21035728623042954,0.17557251908396945,0.42131674026495386,0.0
2,ensemble_temperature,eval_in,0.22019269369731032,0.17775752051048313,0.42131674026495386,0.0
2,ensemble_temperature,eval_in,0.230228823765556,0.17959895379250218,0.42131674026495386,0.0
2,ensemble_temperature,eval_in,0.2402649538338017,0.18045112781954886,0.42131674026495386,0.0
2,ensemble_temperature,eval_in,0.25030108390204736,0.18765036086607859,0.42131674026495386,0.0
2,ensemble_temperature,eval_in,0.2603372139702931,0.19043947571318426,0.42131674026495386,0.0
2,ensemble_temperature,eval_in,0.2701726214371738,0.19539375928677563,0.42131674026495386,0.0
2,ensemble_temperature,eval_in,0.2802087515054195,0.1998567335243553,0.42131674026495386,0.0
2,ensemble_temperature,eval_in,0.2902448815736652,0.20262793914246197,0.42131674026495386,0.0
2,ensemble_temperature,eval_in,0.3002810116419109,0.20855614973262032,0.42131674026495386,0.0
2,ensemble_temperature,eval_in,0.31031714171015656,0.2115135834411384,0.42131674026495386,0.0
2,ensemble_temperature,eval_in,0.32015254917703734,0.21379310344827587,0.42131674026495386,0.0
2,ensemble_temperature,eval_in,0.330188679245283,0.22066869300911854,0.42131674026495386,0.0
2,ensemble_temperature,eval_in,0.3402248093135287,0.22536873156342183,0.42131674026495386,0.0
2,ensemble_temperature,eval_in,0.3502609393817744,0.22865329512893984,0.42131674026495386,0.0
2,ensemble_temperature,eval_in,0.36029706945002005,0.23064066852367687,0.42131674026495386,0.0
2,ensemble_temperature,eval_in,0.3701324769169008,0.23915401301518438,0.42131674026495386,0.0
2,ensemble_temperature,eval_in,0.38016860698514654,0.24181626187961985,0.42131674026495386,0.0
2,ensemble_temperature,eval_in,0.3902047370533922,0.24742798353909465,0.42131674026495386,0.0
2,ensemble_temperature,eval_in,0.4002408671216379,0.2512537612838516,0.42131674026495386,0.0
2,ensemble_temperature,eval_in,0.4102769971898836,0.2568493150684932,0.42131674026495386,0.0
2,ensemble_temperature,eval_in,0.42031312725812925,0.2602674307545368,0.42131674026495386,0.0
2,ensemble_temperature,eval_in,0.43014853472501,0.26178254783014465,0.42131674026495386,0.0
2,ensemble_temperature,eval_in,0.44018466479325574,0.2658458732330141,0.42131674026495386,0.0
2,ensemble_temperature,eval_in,0.4502207948615014,0.2692822113241195,0.42131674026495386,0.0
2,ensemble_temperature,eval_in,0.46025692492974707,0.2725686873092019,0.42131674026495386,0.0
2,ensemble_temperature,eval_in,0.4702930549979928,0.27571489543320526,0.42131674026495386,0.0
2,ensemble_temperature,eval_in,0.48012846246487356,0.2809364548494983,0.42131674026495386,0.0
2,ensemble_temperature,eval_in,0.4901645925331192,0.28255528255528256,0.42131674026495386,0.0
2,ensemble_temperature,eval_in,0.5002007226013649,0.2857142857142857,0.42131674026495386,0.0
2,ensemble_temperature,eval_in,0.5102368526696106,0.28914240755310777,0.42131674026495386,0.0
2,ensemble_temperature,eval_in,0.5202729827378563,0.29128086419753085,0.42131674026495386,0.0
2,ensemble_temperature,eval_in,0.5301083902047371,0.2945853843241196,0.42131674026495386,0.0
2,ensemble_temperature,eval_in,0.5401445202729828,0.2969156447417317,0.42131674026495386,0.0
2,ensemble_temperature,eval_in,0.5501806503412284,0.2984312294782926,0.42131674026495386,0.0
2,ensemble_temperature,eval_in,0.5602167804094741,0.3027588677893228,0.42131674026495386,0.0
2,ensemble_temperature,eval_in,0.5702529104777198,0.30904611052446324,0.42131674026495386,0.0
2,ensemble_temperature,eval_in,0.5800883179446006,0.31176470588235294,0.42131674026495386,0.002422145328719723
2,ensemble_temperature,eval_in,0.5901244480128462,0.3149659863945578,0.42131674026495386,0.019387755102040816
2,ensemble_temperature,eval_in,0.6001605780810919,0.31705685618729096,0.42131674026495386,0.03578595317725752
2,ensemble_temperature,eval_in,0.6101967081493376,0.3203947368421053,0.42131674026495386,0.051644736842105264
2,ensemble_temperature,eval_in,0.6202328382175833,0.32427184466019415,0.42131674026495386,0.06699029126213592
2,ensemble_temperature,eval_in,0.630268968285829,0.3302547770700637,0.42131674026495386,0.08184713375796178
2,ensemble_temperature,eval_in,0.6401043757527097,0.3330197554092192,0.42131674026495386,0.09595484477892756
2,ensemble_temperature,eval_in,0.6501405058209554,0.33374498301945044,0.42131674026495386,0.10991046619326952
2,ensemble_temperature,eval_in,0.6601766358892012,0.3365764670112496,0.42131674026495386,0.12344177561568866
2,ensemble_temperature,eval_in,0.6702127659574468,0.34022162324049116,0.42131674026495386,0.13656783468104222
2,ensemble_temperature,eval_in,0.6802488960256925,0.3449395101799941,0.42131674026495386,0.14930658011212747
2,ensemble_temperature,eval_in,0.6900843034925732,0.34787667248400234,0.42131674026495386,0.16143106457242584
2,ensemble_temperature,eval_in,0.700120433560819,0.34948394495412843,0.42131674026495386,0.17345183486238533
2,ensemble_temperature,eval_in,0.7101565636290647,0.35217637083097797,0.42131674026495386,0.1851328434143584
2,ensemble_temperature,eval_in,0.7201926936973103,0.35674470457079155,0.42131674026495386,0.19648829431438128
2,ensemble_temperature,eval_in,0.730228823765556,0.35761407366684994,0.42131674026495386,0.20753161077515117
2,ensemble_temperature,eval_in,0.7400642312324368,0.3599132085706537,0.42131674026495386,0.21806346623270953
2,ensemble_temperature,eval_in,0.7501003613006825,0.3633930960663634,0.42131674026495386,0.2285255552582285
2,ensemble_temperature,eval_in,0.7601364913689281,0.3659889094269871,0.42131674026495386,0.23871138104040138
2,ensemble_temperature,eval_in,0.7701726214371738,0.3695595517331248,0.42131674026495386,0.24863174354964818
2,ensemble_temperature,eval_in,0.7802087515054195,0.37226652945716493,0.42131674026495386,0.2582968870594289
2,ensemble_temperature,eval_in,0.7900441589723003,0.3752540650406504,0.42131674026495386,0.26753048780487804
2,ensemble_temperature,eval_in,0.800080289040546,0.3770697441043653,0.42131674026495386,0.2767185148018063
2,ensemble_temperature,eval_in,0.8101164191087916,0.37908820614469774,0.42131674026495386,0.2856788899900892
2,ensemble_temperature,eval_in,0.8201525491770373,0.381057268722467,0.42131674026495386,0.2944199706314244
2,ensemble_temperature,eval_in,0.8301886792452831,0.3844294003868472,0.42131674026495386,0.30294970986460346
2,ensemble_temperature,eval_in,0.8402248093135287,0.38580984233158144,0.42131674026495386,0.31127568084089824
2,ensemble_temperature,eval_in,0.8500602167804094,0.3881936245572609,0.42131674026495386,0.3192443919716647
2,ensemble_temperature,eval_in,0.8600963468486552,0.3908984830805134,0.42131674026495386,0.3271878646441074
2,ensemble_temperature,eval_in,0.8701324769169009,0.3928489042675894,0.42131674026495386,0.3349480968858132
2,ensemble_temperature,eval_in,0.8801686069851465,0.3942987457240593,0.42131674026495386,0.34253135689851766
2,ensemble_temperature,eval_in,0.8902047370533922,0.3963923337091319,0.42131674026495386,0.34994363021420516
2,ensemble_temperature,eval_in,0.900040144520273,0.3989741302408564,0.42131674026495386,0.35704727921498663
2,ensemble_temperature,eval_in,0.9100762745885187,0.4011910013233348,0.42131674026495386,0.36413762681958534
2,ensemble_temperature,eval_in,0.9201124046567644,0.40226876090750435,0.42131674026495386,0.37107329842931935
2,ensemble_temperature,eval_in,0.93014853472501,0.40526542943461374,0.42131674026495386,0.3778593008200259
2,ensemble_temperature,eval_in,0.9401846647932557,0.40627668659265587,0.42131674026495386,0.3845004269854825
2,ensemble_temperature,eval_in,0.9500200722601365,0.4086203253750264,0.42131674026495386,0.39087259666173674
2,ensemble_temperature,eval_in,0.9600562023283822,0.4108300229981183,0.42131674026495386,0.3972402257997073
2,ensemble_temperature,eval_in,0.9700923323966278,0.4129939995861784,0.42131674026495386,0.40347610180012417
2,ensemble_temperature,eval_in,0.9801284624648735,0.41511365963547,0.42131674026495386,0.4095842719639566
2,ensemble_temperature,eval_in,0.9901645925331193,0.4173930670991283,0.42131674026495386,0.4155686195013177
2,ensemble_temperature,eval_in,1.0,0.42131674026495386,0.42131674026495386,0.42131674026495386
2,ensemble_temperature,eval_out,0.00020032051282051281,0.0,0.5442708333333334,0.0
2,ensemble_temperature,eval_out,0.010216346153846154,0.27450980392156865,0.5442708333333334,0.0
2,ensemble_temperature,eval_out,0.020232371794871796,0.297029702970297,0.5442708333333334,0.0
2,ensemble_temperature,eval_out,0.030248397435897436,0.31125827814569534,0.5442708333333334,0.0
2,ensemble_temperature,eval_out,0.04026442307692308,0.31343283582089554,0.5442708333333334,0.0
2,ensemble_temperature,eval_out,0.05028044871794872,0.3187250996015936,0.5442708333333334,0.0
2,ensemble_temperature,eval_out,0.06029647435897436,0.3388704318936877,0.5442708333333334,0.0
2,ensemble_temperature,eval_out,0.0703125,0.34472934472934474,0.5442708333333334,0.0
2,ensemble_temperature,eval_out,0.08032852564102565,0.3341645885286783,0.5442708333333334,0.0
2,ensemble_temperature,eval_out,0.09034455128205128,0.34146341463414637,0.5442708333333334,0.0
2,ensemble_temperature,eval_out,0.10036057692307693,0.34530938123752497,0.5442708333333334,0.0
2,ensemble_temperature,eval_out,0.11037660256410256,0.3484573502722323,0.5442708333333334,0.0
2,ensemble_temperature,eval_out,0.1201923076923077,0.3566666666666667,0.5442708333333334,0.0
2,ensemble_temperature,eval_out,0.13020833333333334,0.3630769230769231,0.5442708333333334,0.0
2,ensemble_temperature,eval_out,0.14022435897435898,0.37142857142857144,0.5442708333333334,0.0
2,ensemble_temperature,eval_out,0.1502403846153846,0.37333333333333335,0.5442708333333334,0.0
2,ensemble_temperature,eval_out,0.16025641025641027,0.37875,0.5442708333333334,0.0
2,ensemble_temperature,eval_out,0.1702724358974359,0.3847058823529412,0.5442708333333334,0.0
2,ensemble_temperature,eval_out,0.18028846153846154,0.38555555555555554,0.5442708333333334,0.0
2,ensemble_temperature,eval_out,0.19030448717948717,0.391578947368421,0.5442708333333334,0.0
2,ensemble_temperature,eval_out,0.20032051282051283,0.396,0.5442708333333334,0.0
2,ensemble_temperature,eval_out,0.21033653846153846,0.3980952380952381,0.5442708333333334,0.0
2,ensemble_temperature,eval_out,0.2203525641025641,0.4,0.5442708333333334,0.0
2,ensemble_temperature,eval_out,0.23016826923076922,0.40034812880765885,0.5442708333333334,0.0
2,ensemble_temperature,eval_out,0.24018429487179488,0.40450375312760634,0.5442708333333334,0.0
2,ensemble_temperature,eval_out,0.25020032051282054,0.40512409927942356,0.5442708333333334,0.0
2,ensemble_temperature,eval_out,0.26021634615384615,0.4080061585835258,0.5442708333333334,0.0
2,ensemble_temperature,eval_out,0.2702323717948718,0.41363973313565605,0.5442708333333334,0.0
2,ensemble_temperature,eval_out,0.2802483974358974,0.41601143674052893,0.5442708333333334,0.0
2,ensemble_temperature,eval_out,0.2902644230769231,0.41959972394755,0.5442708333333334,0.0
2,ensemble_temperature,eval_out,0.30028044871794873,0.4229486324216144,0.5442708333333334,0.0
2,ensemble_temperature,eval_out,0.31029647435897434,0.42543576500968366,0.5442708333333334,0.0
2,ensemble_temperature,eval_out,0.3203125,0.43026891807379614,0.5442708333333334,0.0
2,ensemble_temperature,eval_out,0.33032852564102566,0.4317768344451183,0.5442708333333334,0.0
2,ensemble_temperature,eval_out,0.3401442307692308,0.43462897526501765,0.5442708333333334,0.0
2,ensemble_temperature,eval_out,0.3501602564102564,0.43249427917620137,0.5442708333333334,0.0
2,ensemble_temperature,eval_out,0.36017628205128205,0.43882091212458285,0.5442708333333334,0.0
2,ensemble_temperature,eval_out,0.3701923076923077,0.44155844155844154,0.5442708333333334,0.0
2,ensemble_temperature,eval_out,0.3802083333333333,0.4446786090621707,0.5442708333333334,0.0
2,ensemble_temperature,eval_out,0.390224358974359,0.4450718685831622,0.5442708333333334,0.0
2,ensemble_temperature,eval_out,0.40024038461538464,0.44894894894894893,0.5442708333333334,0.0
2,ensemble_temperature,eval_out,0.41025641025641024,0.45068359375,0.5442708333333334,0.0
2,ensemble_temperature,eval_out,0.4202724358974359,0.4561487130600572,0.5442708333333334,0.0
2,ensemble_temperature,eval_out,0.43028846153846156,0.45763500931098694,0.5442708333333334,0.0
2,ensemble_temperature,eval_out,0.44030448717948717,0.4572338489535942,0.5442708333333334,0.0
2,ensemble_temperature,eval_out,0.4501201923076923,0.4574988874054295,0.5442708333333334,0.0
2,ensemble_temperature,eval_out,0.46013621794871795,0.4584240313452329,0.5442708333333334,0.00957771005659556
2,ensemble_temperature,eval_out,0.4701522435897436,0.4614401363442693,0.5442708333333334,0.03067746058798466
2,ensemble_temperature,eval_out,0.4801682692307692,0.4659991656236963,0.5442708333333334,0.05089695452649145
2,ensemble_temperature,eval_out,0.4901842948717949,0.4691458929301185,0.5442708333333334,0.07029015120555783
2,ensemble_temperature,eval_out,0.5002003205128205,0.47176611934321183,0.5442708333333334,0.08890668802563076
2,ensemble_temperature,eval_out,0.5102163461538461,0.475068708284256,0.5442708333333334,0.10679230467216333
2,ensemble_temperature,eval_out,0.5202323717948718,0.4743935309973046,0.5442708333333334,0.12398921832884097
2,ensemble_temperature,eval_out,0.5302483974358975,0.47676615035889686,0.5442708333333334,0.140536456365697
2,ensemble_temperature,eval_out,0.5402644230769231,0.4790507971820541,0.5442708333333334,0.1564701520207638
2,ensemble_temperature,eval_out,0.5502804487179487,0.4801601747360757,0.5442708333333334,0.1718238077903167
2,ensemble_temperature,eval_out,0.5600961538461539,0.48283261802575106,0.5442708333333334,0.1863376251788269
2,ensemble_temperature,eval_out,0.5701121794871795,0.48383696416022487,0.5442708333333334,0.2006324666198173
2,ensemble_temperature,eval_out,0.5801282051282052,0.48722375690607733,0.5442708333333334,0.21443370165745856
2,ensemble_temperature,eval_out,0.5901442307692307,0.4881194840461643,0.5442708333333334,0.22776646300067888
2,ensemble_temperature,eval_out,0.6001602564102564,0.489652870493992,0.5442708333333334,0.24065420560747663
2,ensemble_temperature,eval_out,0.610176282051282,0.49212081418253445,0.5442708333333334,0.2531188443860801
2,ensemble_temperature,eval_out,0.6201923076923077,0.4928940568475452,0.5442708333333334,0.26518087855297157
2,ensemble_temperature,eval_out,0.6302083333333334,0.493006993006993,0.5442708333333334,0.2768595041322314
2,ensemble_temperature,eval_out,0.6402243589743589,0.49593241551939926,0.5442708333333334,0.2881727158948686
2,ensemble_temperature,eval_out,0.6502403846153846,0.49876771410967347,0.5442708333333334,0.2991373998767714
2,ensemble_temperature,eval_out,0.6602564102564102,0.4984830097087379,0.5442708333333334,0.30976941747572817
2,ensemble_temperature,eval_out,0.6700721153846154,0.4998505231689088,0.5442708333333334,0.31988041853512705
2,ensemble_temperature,eval_out,0.6800881410256411,0.5022091310751104,0.5442708333333334,0.32989690721649484
2,ensemble_temperature,eval_out,0.6901041666666666,0.5027576197387518,0.5442708333333334,0.33962264150943394
2,ensemble_temperature,eval_out,0.7001201923076923,0.5058655221745351,0.5442708333333334,0.3490701001430615
2,ensemble_temperature,eval_out,0.710136217948718,0.5080394922425953,0.5442708333333334,0.35825105782792666
2,ensemble_temperature,eval_out,0.7201522435897436,0.509874826147427,0.5442708333333334,0.3671766342141864
2,ensemble_temperature,eval_out,0.7301682692307693,0.5122085048010974,0.5442708333333334,0.37585733882030176
2,ensemble_temperature,eval_out,0.7401842948717948,0.5133964817320704,0.5442708333333334,0.38430311231393777
2,ensemble_temperature,eval_out,0.7502003205128205,0.5145527369826435,0.5442708333333334,0.3925233644859813
2,ensemble_temperature,eval_out,0.7602163461538461,0.5156785243741765,0.5442708333333334,0.4005270092226614
2,ensemble_temperature,eval_out,0.7702323717948718,0.51703511053316,0.5442708333333334,0.4083224967490247
2,ensemble_temperature,eval_out,0.7800480769230769,0.5174627632254751,0.5442708333333334,0.4157678479712378
2,ensemble_temperature,eval_out,0.7900641025641025,0.5192697768762677,0.5442708333333334,0.42317444219066935
2,ensemble_temperature,eval_out,0.8000801282051282,0.5185277916875313,0.5442708333333334,0.43039559339008515
2,ensemble_temperature,eval_out,0.8100961538461539,0.5192878338278932,0.5442708333333334,0.4374381800197824
2,ensemble_temperature,eval_out,0.8201121794871795,0.5205178309721544,0.5442708333333334,0.4443087445041524
2,ensemble_temperature,eval_out,0.8301282051282052,0.5222007722007722,0.5442708333333334,0.4510135135135135
2,ensemble_temperature,eval_out,0.8401442307692307,0.5240820219360992,0.5442708333333334,0.4575584167858846
2,ensemble_temperature,eval_out,0.8501602564102564,0.5256833176248822,0.5442708333333334,0.46394910461828465
2,ensemble_temperature,eval_out,0.860176282051282,0.5260829063809968,0.5442708333333334,0.47019096413600375
2,ensemble_temperature,eval_out,0.8701923076923077,0.5269337016574586,0.5442708333333334,0.47628913443830573
2,ensemble_temperature,eval_out,0.8802083333333334,0.5282203004096495,0.5442708333333334,0.4822485207100592
2,ensemble_temperature,eval_out,0.8900240384615384,0.5298221922124691,0.5442708333333334,0.4879585865406257
2,ensemble_temperature,eval_out,0.9000400641025641,0.5303805920320499,0.5442708333333334,0.49365679946583574
2,ensemble_temperature,eval_out,0.9100560897435898,0.5320272947391591,0.5442708333333334,0.49922958397534667
2,ensemble_temperature,eval_out,0.9200721153846154,0.5334204223818855,0.5442708333333334,0.5046810363596778
2,ensemble_temperature,eval_out,0.9300881410256411,0.533491277191471,0.5442708333333334,0.5100150764591859
2,ensemble_temperature,eval_out,0.9401041666666666,0.5335606222032815,0.5442708333333334,0.5152354570637119
2,ensemble_temperature,eval_out,0.9501201923076923,0.5357368753953194,0.5442708333333334,0.5203457727176892
2,ensemble_temperature,eval_out,0.960136217948718,0.5370331733778427,0.5442708333333334,0.525349467974129
2,ensemble_temperature,eval_out,0.9701522435897436,0.5385091885195127,0.5442708333333334,0.5302498451373115
2,ensemble_temperature,eval_out,0.9801682692307693,0.5407725321888412,0.5442708333333334,0.5350500715307582
2,ensemble_temperature,eval_out,0.9901842948717948,0.5425854744082541,0.5442708333333334,0.5397531863240946
2,ensemble_temperature,eval_out,1.0,0.5442708333333334,0.5442708333333334,0.5442708333333334
3,mlp,eval_in,0.0002007226013649137,0.0,0.42472902448815736,0.0
3,mlp,eval_in,0.010236852669610599,0.0784313725490196,0.42472902448815736,0.0
3,mlp,eval_in,0.02027298273785628,0.06930693069306931,0.42472902448815736,0.0
3,mlp,eval_in,0.030309112806101966,0.07947019867549669,0.42472902448815736,0.0
3,mlp,eval_in,0.04034524287434765,0.07960199004975124,0.42472902448815736,0.0
3,mlp,eval_in,0.05038137294259334,0.07171314741035857,0.42472902448815736,0.0
3,mlp,eval_in,0.060216780409474105,0.09,0.42472902448815736,0.0
3,mlp,eval_in,0.0702529104777198,0.10285714285714286,0.42472902448815736,0.0
3,mlp,eval_in,0.08028904054596547,0.1025,0.42472902448815736,0.0
3,mlp,eval_in,0.09032517061421116,0.11555555555555555,0.42472902448815736,0.0
3,mlp,eval_in,0.10036130068245684,0.128,0.42472902448815736,0.0
3,mlp,eval_in,0.11019670814933762,0.14025500910746813,0.42472902448815736,0.0
3,mlp,eval_in,0.1202328382175833,0.14357262103505844,0.42472902448815736,0.0
3,mlp,eval_in,0.13026896828582898,0.14791987673343607,0.42472902448815736,0.0
3,mlp,eval_in,0.14030509835407468,0.16022889842632332,0.42472902448815736,0.0
3,mlp,eval_in,0.15034122842232037,0.17089452603471295,0.42472902448815736,0.0
3,mlp,eval_in,0.1601766358892011,0.17919799498746866,0.42472902448815736,0.0
3,mlp,eval_in,0.1702127659574468,0.18278301886792453,0.42472902448815736,0.0
3,mlp,eval_in,0.1802488960256925,0.18151447661469933,0.42472902448815736,0.0
3,mlp,eval_in,0.1902850260939382,0.18354430379746836,0.42472902448815736,0.0
3,mlp,eval_in,0.20032115616218385,0.18837675350701402,0.42472902448815736,0.0
3,mlp,eval_in,0.21035728623042954,0.1965648854961832,0.42472902448815736,0.0
3,mlp,eval_in,0.22019269369731032,0.19690063810391978,0.42472902448815736,0.0
3,mlp,eval_in,0.230228823765556,0.2057541412380122,0.42472902448815736,0.0
3,mlp,eval_in,0.2402649538338017,0.20384294068504594,0.42472902448815736,0.0
3,mlp,eval_in,0.25030108390204736,0.20609462710505214,0.42472902448815736,0.0
3,mlp,eval_in,0.2603372139702931,0.21202775636083268,0.42472902448815736,0.0
3,mlp,eval_in,0.2701726214371738,0.21545319465081725,0.42472902448815736,0.0
3,mlp,eval_in,0.2802087515054195,0.21991404011461319,0.42472902448815736,0.0
3,mlp,eval_in,0.2902448815736652,0.22406639004149378,0.42472902448815736,0.0
3,mlp,eval_in,0.3002810116419109,0.2252673796791444,0.42472902448815736,0.0
3,mlp,eval_in,0.31031714171015656,0.2276843467011643,0.42472902448815736,0.0
3,mlp,eval_in,0.32015254917703734,0.23636363636363636,0.42472902448815736,0.0
3,mlp,eval_in,0.330188679245283,0.24072948328267477,0.42472902448815736,0.0
3,mlp,eval_in,0.3402248093135287,0.2430678466076696,0.42472902448815736,0.0
3,mlp,eval_in,0.3502609393817744,0.2481375358166189,0.42472902448815736,0.0
3,mlp,eval_in,0.36029706945002005,0.25292479108635096,0.42472902448815736,0.0
3,mlp,eval_in,0.3701324769169008,0.25488069414316705,0.42472902448815736,0.0
3,mlp,eval_in,0.38016860698514654,0.2608236536430834,0.42472902448815736,0.0
3,mlp,eval_in,0.3902047370533922,0.26080246913580246,0.42472902448815736,0.0
3,mlp,eval_in,0.4002408671216379,0.26278836509528586,0.42472902448815736,0.0
3,mlp,eval_in,0.4102769971898836,0.2671232876712329,0.42472902448815736,0.0
3,mlp,eval_in,0.42031312725812925,0.2693409742120344,0.42472902448815736,0.0
3,mlp,eval_in,0.43014853472501,0.27204853009799346,0.42472902448815736,0.0
3,mlp,eval_in,0.44018466479325574,0.2763337893296854,0.42472902448815736,0.0
3,mlp,eval_in,0.4502207948615014,0.28221132411948285,0.42472902448815736,0.0
3,mlp,eval_in,0.46025692492974707,0.28783253379851725,0.42472902448815736,0.0
3,mlp,eval_in,0.4702930549979928,0.29107981220657275,0.42472902448815736,0.0
3,mlp,eval_in,0.48012846246487356,0.29264214046822745,0.42472902448815736,0.0
3,mlp,eval_in,0.4901645925331192,0.29565929565929566,0.42472902448815736,0.0
3,mlp,eval_in,0.5002007226013649,0.29935794542536115,0.42472902448815736,0.0
3,mlp,eval_in,0.5102368526696106,0.3040912667191188,0.42472902448815736,0.0
3,mlp,eval_in,0.5202729827378563,0.30787037037037035,0.42472902448815736,0.0
3,mlp,eval_in,0.5301083902047371,0.3116243847027641,0.42472902448815736,0.0
3,mlp,eval_in,0.5401445202729828,0.31363805276848755,0.42472902448815736,0.0
3,mlp,eval_in,0.5501806503412284,0.3166727471725648,0.42472902448815736,0.0
3,mlp,eval_in,0.5602167804094741,0.319240415621641,0.42472902448815736,0.0
3,mlp,eval_in,0.5702529104777198,0.32382963745160154,0.42472902448815736,0.0
3,mlp,eval_in,0.5800883179446006,0.3273356401384083,0.42472902448815736,0.008304498269896194
3,mlp,eval_in,0.5901244480128462,0.32857142857142857,0.42472902448815736,0.025170068027210883
3,mlp,eval_in,0.6001605780810919,0.331438127090301,0.42472902448815736,0.04147157190635452
3,mlp,eval_in,0.6101967081493376,0.3348684210526316,0.42472902448815736,0.057236842105263155
3,mlp,eval_in,0.6202328382175833,0.3372168284789644,0.42472902448815736,0.07249190938511327
3,mlp,eval_in,0.630268968285829,0.34044585987261144,0.42472902448815736,0.08726114649681528
3,mlp,eval_in,0.6401043757527097,0.3430542489808717,0.42472902448815736,0.10128566948886798
3,mlp,eval_in,0.6501405058209554,0.3464032108675517,0.42472902448815736,0.11515899969126274
3,mlp,eval_in,0.6601766358892012,0.349346305868045,0.42472902448815736,0.12861051991486774
3,mlp,eval_in,0.6702127659574468,0.35160227613057804,0.42472902448815736,0.14165917939502845
3,mlp,eval_in,0.6802488960256925,0.35379167896134556,0.42472902448815736,0.15432280908822663
3,mlp,eval_in,0.6900843034925732,0.35602094240837695,0.42472902448815736,0.16637579988365328
3,mlp,eval_in,0.700120433560819,0.35865825688073394,0.42472902448815736,0.1783256880733945
3,mlp,eval_in,0.7101565636290647,0.36065573770491804,0.42472902448815736,0.18993781797625778
3,mlp,eval_in,0.7201926936973103,0.36231884057971014,0.42472902448815736,0.20122630992196208
3,mlp,eval_in,0.730228823765556,0.36531061022539857,0.42472902448815736,0.21220450797141285
3,mlp,eval_in,0.7400642312324368,0.3694060211554109,0.42472902448815736,0.22267426091673448
3,mlp,eval_in,0.7501003613006825,0.371956114530372,0.42472902448815736,0.23307465881723308
3,mlp,eval_in,0.7601364913689281,0.3744388698177977,0.42472902448815736,0.24320042249801954
3,mlp,eval_in,0.7701726214371738,0.37633567891581965,0.42472902448815736,0.25306228824602556
3,mlp,eval_in,0.7802087515054195,0.3779264214046823,0.42472902448815736,0.262670439927965
3,mlp,eval_in,0.7900441589723003,0.38135162601626016,0.42472902448815736,0.27184959349593496
3,mlp,eval_in,0.800080289040546,0.38258906171600604,0.42472902448815736,0.2809834420471651
3,mlp,eval_in,0.8101164191087916,0.3842913776015857,0.42472902448815736,0.2898909811694747
3,mlp,eval_in,0.8201525491770373,0.38644150758688206,0.42472902448815736,0.29858051884483605
3,mlp,eval_in,0.8301886792452831,0.3885396518375242,0.42472902448815736,0.30705996131528046
3,mlp,eval_in,0.8402248093135287,0.3891543239369326,0.42472902448815736,0.3153368370759675
3,mlp,eval_in,0.8500602167804094,0.39173553719008264,0.42472902448815736,0.32325855962219596
3,mlp,eval_in,0.8600963468486552,0.3939323220536756,0.42472902448815736,0.3311551925320887
3,mlp,eval_in,0.8701324769169009,0.3956170703575548,0.42472902448815736,0.33886966551326414
3,mlp,eval_in,0.8801686069851465,0.3984036488027366,0.42472902448815736,0.34640820980615733
3,mlp,eval_in,0.8902047370533922,0.4015783540022548,0.42472902448815736,0.35377677564825255
3,mlp,eval_in,0.900040144520273,0.4041034790365745,0.42472902448815736,0.3608385370205174
3,mlp,eval_in,0.9100762745885187,0.4067048963387737,0.42472902448815736,0.3678870754300838
3,mlp,eval_in,0.9201124046567644,0.4085951134380454,0.42472902448815736,0.37478184991273994
3,mlp,eval_in,0.93014853472501,0.4093655589123867,0.42472902448815736,0.3815278377211912
3,mlp,eval_in,0.9401846647932557,0.4116140051238258,0.42472902448815736,0.38812980358667803
3,mlp,eval_in,0.9500200722601365,0.4128459750686668,0.42472902448815736,0.39446439890133106
3,mlp,eval_in,0.9600562023283822,0.4150114990591679,0.42472902448815736,0.40079448045159943
3,mlp,eval_in,0.9700923323966278,0.4175460376577695,0.42472902448815736,0.4069935857645355
3,mlp,eval_in,0.9801284624648735,0.42023346303501946,0.42472902448815736,0.41306573827565024
3,mlp,eval_in,0.9901645925331193,0.4224609770930468,0.42472902448815736,0.41901479829718224
3,mlp,eval_in,1.0,0.42472902448815736,0.42472902448815736,0.42472902448815736
3,mlp,eval_out,0.00020032051282051281,0.0,0.5448717948717948,0.0
3,mlp,eval_out,0.010216346153846154,0.2549019607843137,0.5448717948717948,0.0
3,mlp,eval_out,0.020232371794871796,0.2871287128712871,0.5448717948717948,0.0
3,mlp,eval_out,0.030248397435897436,0.304635761589404,0.5448717948717948,0.0
3,mlp,eval_out,0.04026442307692308,0.3034825870646766,0.5448717948717948,0.0
3,mlp,eval_out,0.05028044871794872,0.29880478087649404,0.5448717948717948,0.0
3,mlp,eval_out,0.06029647435897436,0.30564784053156147,0.5448717948717948,0.0
3,mlp,eval_out,0.0703125,0.3162393162393162,0.5448717948717948,0.0
3,mlp,eval_out,0.08032852564102565,0.3266832917705736,0.5448717948717948,0.0
3,mlp,eval_out,0.09034455128205128,0.3392461197339246,0.5448717948717948,0.0
3,mlp,eval_out,0.10036057692307693,0.34530938123752497,0.5448717948717948,0.0
3,mlp,eval_out,0.11037660256410256,0.3484573502722323,0.5448717948717948,0.0
3,mlp,eval_out,0.1201923076923077,0.35,0.5448717948717948,0.0
3,mlp,eval_out,0.13020833333333334,0.35384615384615387,0.5448717948717948,0.0
3,mlp,eval_out,0.14022435897435898,0.35285714285714287,0.5448717948717948,0.0
3,mlp,eval_out,0.1502403846153846,0.3626666666666667,0.5448717948717948,0.0
3,mlp,eval_out,0.16025641025641027,0.37125,0.5448717948717948,0.0
3,mlp,eval_out,0.1702724358974359,0.37411764705882355,0.5448717948717948,0.0
3,mlp,eval_out,0.18028846153846154,0.38,0.5448717948717948,0.0
3,mlp,eval_out,0.19030448717948717,0.39263157894736844,0.5448717948717948,0.0
3,mlp,eval_out,0.20032051282051283,0.391,0.5448717948717948,0.0
3,mlp,eval_out,0.21033653846153846,0.39714285714285713,0.5448717948717948,0.0
3,mlp,eval_out,0.2203525641025641,0.3990909090909091,0.5448717948717948,0.0
3,mlp,eval_out,0.23016826923076922,0.4046997389033943,0.5448717948717948,0.0
3,mlp,eval_out,0.24018429487179488,0.4103419516263553,0.5448717948717948,0.0
3,mlp,eval_out,0.25020032051282054,0.41152922337870296,0.5448717948717948,0.0
3,mlp,eval_out,0.26021634615384615,0.41570438799076215,0.5448717948717948,0.0
3,mlp,eval_out,0.2702323717948718,0.41512231282431433,0.5448717948717948,0.0
3,mlp,eval_out,0.2802483974358974,0.42101501072194425,0.5448717948717948,0.0
3,mlp,eval_out,0.2902644230769231,0.42167011732229126,0.5448717948717948,0.0
3,mlp,eval_out,0.30028044871794873,0.42628418945963975,0.5448717948717948,0.0
3,mlp,eval_out,0.31029647435897434,0.42414460942543575,0.5448717948717948,0.0
3,mlp,eval_out,0.3203125,0.4271419637273296,0.5448717948717948,0.0
3,mlp,eval_out,0.33032852564102566,0.4275318374772589,0.5448717948717948,0.0
3,mlp,eval_out,0.3401442307692308,0.428150765606596,0.5448717948717948,0.0
3,mlp,eval_out,0.3501602564102564,0.4302059496567506,0.5448717948717948,0.0
3,mlp,eval_out,0.36017628205128205,0.432146829810901,0.5448717948717948,0.0
3,mlp,eval_out,0.3701923076923077,0.4329004329004329,0.5448717948717948,0.0
3,mlp,eval_out,0.3802083333333333,0.43782929399367754,0.5448717948717948,0.0
3,mlp,eval_out,0.390224358974359,0.44250513347022585,0.5448717948717948,0.0
3,mlp,eval_out,0.40024038461538464,0.44244244244244246,0.5448717948717948,0.0
3,mlp,eval_out,0.41025641025641024,0.443359375,0.5448717948717948,0.0
3,mlp,eval_out,0.4202724358974359,0.44470924690181124,0.5448717948717948,0.0
3,mlp,eval_out,0.43028846153846156,0.4478584729981378,0.5448717948717948,0.0
3,mlp,eval_out,0.44030448717948717,0.44904458598726116,0.5448717948717948,0.0
3,mlp,eval_out,0.4501201923076923,0.4499332443257677,0.5448717948717948,0.0
3,mlp,eval_out,0.46013621794871795,0.45276447540269915,0.5448717948717948,0.0108837614279495
3,mlp,eval_out,0.4701522435897436,0.45675330208777165,0.5448717948717948,0.031955688112484025
3,mlp,eval_out,0.4801682692307692,0.4593241551939925,0.5448717948717948,0.05214851898206091
3,mlp,eval_out,0.4901842948717949,0.46097261953412344,0.5448717948717948,0.07151614221495708
3,mlp,eval_out,0.5002003205128205,0.46215458550260313,0.5448717948717948,0.09010812975570685
3,mlp,eval_out,0.5102163461538461,0.4628975265017668,0.5448717948717948,0.10797016097369454
3,mlp,eval_out,0.5202323717948718,0.4620716211012707,0.5448717948717948,0.12514439738159414
3,mlp,eval_out,0.5302483974358975,0.4624102757839063,0.5448717948717948,0.14166981488477523
3,mlp,eval_out,0.5402644230769231,0.4649610678531702,0.5448717948717948,0.1575824990730441
3,mlp,eval_out,0.5502804487179487,0.46741900254823443,0.5448717948717948,0.17291590826356024
3,mlp,eval_out,0.5600961538461539,0.47138769670958514,0.5448717948717948,0.18741058655221746
3,mlp,eval_out,0.5701121794871795,0.47224174279690795,0.5448717948717948,0.2016865776528461
3,mlp,eval_out,0.5801282051282052,0.4727209944751381,0.5448717948717948,0.2154696132596685
3,mlp,eval_out,0.5901442307692307,0.47488119484046165,0.5448717948717948,0.2287847929395791
3,mlp,eval_out,0.6001602564102564,0.4753004005340454,0.5448717948717948,0.2416555407209613
3,mlp,eval_out,0.610176282051282,0.4783322390019698,0.5448717948717948,0.2541037426132633
3,mlp,eval_out,0.6201923076923077,0.481266149870801,0.5448717948717948,0.2661498708010336
3,mlp,eval_out,0.6302083333333334,0.4834710743801653,0.5448717948717948,0.27781309599491416
3,mlp,eval_out,0.6402243589743589,0.4852941176470588,0.5448717948717948,0.28911138923654567
3,mlp,eval_out,0.6502403846153846,0.4882932840418977,0.5448717948717948,0.30006161429451633
3,mlp,eval_out,0.6602564102564102,0.49059466019417475,0.5448717948717948,0.3106796116504854
3,mlp,eval_out,0.6700721153846154,0.49118086696562036,0.5448717948717948,0.3207772795216741
3,mlp,eval_out,0.6800881410256411,0.4927835051546392,0.5448717948717948,0.330780559646539
3,mlp,eval_out,0.6901041666666666,0.4917271407837446,0.5448717948717948,0.3404934687953556
3,mlp,eval_out,0.7001201923076923,0.4938483547925608,0.5448717948717948,0.34992846924177395
3,mlp,eval_out,0.710136217948718,0.49590973201692523,0.5448717948717948,0.35909732016925244
3,mlp,eval_out,0.7201522435897436,0.4968011126564673,0.5448717948717948,0.36801112656467316
3,mlp,eval_out,0.7301682692307693,0.4984910836762689,0.5448717948717948,0.3766803840877915
3,mlp,eval_out,0.7401842948717948,0.5004059539918809,0.5448717948717948,0.3851150202976996
3,mlp,eval_out,0.7502003205128205,0.5036048064085448,0.5448717948717948,0.393324432576769
3,mlp,eval_out,0.7602163461538461,0.504874835309618,0.5448717948717948,0.40131752305665347
3,mlp,eval_out,0.7702323717948718,0.505331599479844,0.5448717948717948,0.40910273081924575
3,mlp,eval_out,0.7800480769230769,0.5041088854648177,0.5448717948717948,0.4165382639958911
3,mlp,eval_out,0.7900641025641025,0.5060851926977687,0.5448717948717948,0.4239350912778905
3,mlp,eval_out,0.8000801282051282,0.5072608913370055,0.5448717948717948,0.43114672008012017
3,mlp,eval_out,0.8100961538461539,0.5089020771513353,0.5448717948717948,0.4381800197823937
3,mlp,eval_out,0.8201121794871795,0.5114802149487054,0.5448717948717948,0.4450415241817294
3,mlp,eval_out,0.8301282051282052,0.5142374517374517,0.5448717948717948,0.4517374517374517
3,mlp,eval_out,0.8401442307692307,0.5145445875059609,0.5448717948717948,0.45827372436814495
3,mlp,eval_out,0.8501602564102564,0.5167295004712535,0.5448717948717948,0.4646559849198869
3,mlp,eval_out,0.860176282051282,0.5183977643223102,0.5448717948717948,0.47088961341406615
3,mlp,eval_out,0.8701923076923077,0.5202578268876611,0.5448717948717948,0.47697974217311234
3,mlp,eval_out,0.8802083333333334,0.5211652253072372,0.5448717948717948,0.4829312699135184
3,mlp,eval_out,0.8900240384615384,0.5232950708980418,0.5448717948717948,0.4886338059869458
3,mlp,eval_out,0.9000400641025641,0.5252615179167595,0.5448717948717948,0.49432450478522144
3,mlp,eval_out,0.9100560897435898,0.5278450363196125,0.5448717948717948,0.49988994056790664
3,mlp,eval_out,0.9200721153846154,0.5299368604397997,0.5448717948717948,0.5053342042238188
3,mlp,eval_out,0.9300881410256411,0.5317682532845143,0.5448717948717948,0.5106612104242947
3,mlp,eval_out,0.9401041666666666,0.5341998721500106,0.5448717948717948,0.5158747070104411
3,mlp,eval_out,0.9501201923076923,0.5359477124183006,0.5448717948717948,0.5209782837866329
3,mlp,eval_out,0.960136217948718,0.5372418109743375,0.5448717948717948,0.5259753807636136
3,mlp,eval_out,0.9701522435897436,0.5391286392731778,0.5448717948717948,0.5308692958909766
3,mlp,eval_out,0.9801682692307693,0.5415900265685674,0.5448717948717948,0.5356631923155528
3,mlp,eval_out,0.9901842948717948,0.5429900869917055,0.5448717948717948,0.5403601051992717
3,mlp,eval_out,1.0,0.5448717948717948,0.5448717948717948,0.5448717948717948
3,mlp_temperature,eval_in,0.0002007226013649137,0.0,0.42472902448815736,0.0
3,mlp_temperature,eval_in,0.010236852669610599,0.0784313725490196,0.42472902448815736,0.0
3,mlp_temperature,eval_in,0.02027298273785628,0.06930693069306931,0.42472902448815736,0.0
3,mlp_temperature,eval_in,0.030309112806101966,0.07947019867549669,0.42472902448815736,0.0
3,mlp_temperature,eval_in,0.04034524287434765,0.07462686567164178,0.42472902448815736,0.0
3,mlp_temperature,eval_in,0.05038137294259334,0.07171314741035857,0.42472902448815736,0.0
3,mlp_temperature,eval_in,0.060216780409474105,0.09,0.42472902448815736,0.0
3,mlp_temperature,eval_in,0.0702529104777198,0.1,0.42472902448815736,0.0
3,mlp_temperature,eval_in,0.08028904054596547,0.1025,0.42472902448815736,0.0
3,mlp_temperature,eval_in,0.09032517061421116,0.11777777777777777,0.42472902448815736,0.0
3,mlp_temperature,eval_in,0.10036130068245684,0.128,0.42472902448815736,0.0
3,mlp_temperature,eval_in,0.11019670814933762,0.14025500910746813,0.42472902448815736,0.0
3,mlp_temperature,eval_in,0.1202328382175833,0.14357262103505844,0.42472902448815736,0.0
3,mlp_temperature,eval_in,0.13026896828582898,0.14791987673343607,0.42472902448815736,0.0
3,mlp_temperature,eval_in,0.14030509835407468,0.15879828326180256,0.42472902448815736,0.0
3,mlp_temperature,eval_in,0.15034122842232037,0.16955941255006676,0.42472902448815736,0.0
3,mlp_temperature,eval_in,0.1601766358892011,0.17794486215538846,0.42472902448815736,0.0
3,mlp_temperature,eval_in,0.1702127659574468,0.1804245283018868,0.42472902448815736,0.0
3,mlp_temperature,eval_in,0.1802488960256925,0.18151447661469933,0.42472902448815736,0.0
3,mlp_temperature,eval_in,0.1902850260939382,0.18459915611814345,0.42472902448815736,0.0
3,mlp_temperature,eval_in,0.20032115616218385,0.18637274549098196,0.42472902448815736,0.0
3,mlp_temperature,eval_in,0.21035728623042954,0.19561068702290077,0.42472902448815736,0.0
3,mlp_temperature,eval_in,0.22019269369731032,0.19781221513217867,0.42472902448815736,0.0
3,mlp_temperature,eval_in,0.230228823765556,0.2031386224934612,0.42472902448815736,0.0
3,mlp_temperature,eval_in,0.2402649538338017,0.20300751879699247,0.42472902448815736,0.0
3,mlp_temperature,eval_in,0.25030108390204736,0.20529270248596632,0.42472902448815736,0.0
3,mlp_temperature,eval_in,0.2603372139702931,0.2104857363145721,0.42472902448815736,0.0
3,mlp_temperature,eval_in,0.2701726214371738,0.2139673105497771,0.42472902448815736,0.0
3,mlp_temperature,eval_in,0.2802087515054195,0.2191977077363897,0.42472902448815736,0.0
3,mlp_temperature,eval_in,0.2902448815736652,0.22268326417704012,0.42472902448815736,0.0
3,mlp_temperature,eval_in,0.3002810116419109,0.2232620320855615,0.42472902448815736,0.0
3,mlp_temperature,eval_in,0.31031714171015656,0.22509702457956016,0.42472902448815736,0.0
3,mlp_temperature,eval_in,0.32015254917703734,0.23385579937304074,0.42472902448815736,0.0
3,mlp_temperature,eval_in,0.330188679245283,0.23829787234042554,0.42472902448815736,0.0
3,mlp_temperature,eval_in,0.3402248093135287,0.2424778761061947,0.42472902448815736,0.0
3,mlp_temperature,eval_in,0.3502609393817744,0.24584527220630373,0.42472902448815736,0.0
3,mlp_temperature,eval_in,0.36029706945002005,0.2518105849582173,0.42472902448815736,0.0
3,mlp_temperature,eval_in,0.3701324769169008,0.2543383947939262,0.42472902448815736,0.0
3,mlp_temperature,eval_in,0.38016860698514654,0.2550158394931362,0.42472902448815736,0.0
3,mlp_temperature,eval_in,0.3902047370533922,0.2613168724279835,0.42472902448815736,0.0
3,mlp_temperature,eval_in,0.4002408671216379,0.26278836509528586,0.42472902448815736,0.0
3,mlp_temperature,eval_in,0.4102769971898836,0.2656555772994129,0.42472902448815736,0.0
3,mlp_temperature,eval_in,0.42031312725812925,0.2693409742120344,0.42472902448815736,0.0
3,mlp_temperature,eval_in,0.43014853472501,0.27298180121325244,0.42472902448815736,0.0
3,mlp_temperature,eval_in,0.44018466479325574,0.27450980392156865,0.42472902448815736,0.0
3,mlp_temperature,eval_in,0.4502207948615014,0.2799821667409719,0.42472902448815736,0.0
3,mlp_temperature,eval_in,0.46025692492974707,0.2869603139991278,0.42472902448815736,0.0
3,mlp_temperature,eval_in,0.4702930549979928,0.2897994024754588,0.42472902448815736,0.0
3,mlp_temperature,eval_in,0.48012846246487356,0.29264214046822745,0.42472902448815736,0.0
3,mlp_temperature,eval_in,0.4901645925331192,0.2952497952497953,0.42472902448815736,0.0
3,mlp_temperature,eval_in,0.5002007226013649,0.300561797752809,0.42472902448815736,0.0
3,mlp_temperature,eval_in,0.5102368526696106,0.3048780487804878,0.42472902448815736,0.0
3,mlp_temperature,eval_in,0.5202729827378563,0.30864197530864196,0.42472902448815736,0.0
3,mlp_temperature,eval_in,0.5301083902047371,0.31313896251419915,0.42472902448815736,0.0
3,mlp_temperature,eval_in,0.5401445202729828,0.31438127090301005,0.42472902448815736,0.0
3,mlp_temperature,eval_in,0.5501806503412284,0.3177672382342211,0.42472902448815736,0.0
3,mlp_temperature,eval_in,0.5602167804094741,0.3206735936940165,0.42472902448815736,0.0
3,mlp_temperature,eval_in,0.5702529104777198,0.3234776487152411,0.42472902448815736,0.0
3,mlp_temperature,eval_in,0.5800883179446006,0.3273356401384083,0.42472902448815736,0.008304498269896194
3,mlp_temperature,eval_in,0.5901244480128462,0.3292517006802721,0.42472902448815736,0.025170068027210883
3,mlp_temperature,eval_in,0.6001605780810919,0.3321070234113712,0.42472902448815736,0.04147157190635452
3,mlp_temperature,eval_in,0.6101967081493376,0.33519736842105263,0.42472902448815736,0.057236842105263155
3,mlp_temperature,eval_in,0.6202328382175833,0.33754045307443364,0.42472902448815736,0.07249190938511327
3,mlp_temperature,eval_in,0.630268968285829,0.34076433121019106,0.42472902448815736,0.08726114649681528
3,mlp_temperature,eval_in,0.6401043757527097,0.3430542489808717,0.42472902448815736,0.10128566948886798
3,mlp_temperature,eval_in,0.6501405058209554,0.34516826180920035,0.42472902448815736,0.11515899969126274
3,mlp_temperature,eval_in,0.6601766358892012,0.34843417452113107,0.42472902448815736,0.12861051991486774
3,mlp_temperature,eval_in,0.6702127659574468,0.35190176699610665,0.42472902448815736,0.14165917939502845
3,mlp_temperature,eval_in,0.6802488960256925,0.35379167896134556,0.42472902448815736,0.15432280908822663
3,mlp_temperature,eval_in,0.6900843034925732,0.35602094240837695,0.42472902448815736,0.16637579988365328
3,mlp_temperature,eval_in,0.700120433560819,0.35751146788990823,0.42472902448815736,0.1783256880733945
3,mlp_temperature,eval_in,0.7101565636290647,0.35895986433013,0.42472902448815736,0.18993781797625778
3,mlp_temperature,eval_in,0.7201926936973103,0.3625975473801561,0.42472902448815736,0.20122630992196208
3,mlp_temperature,eval_in,0.730228823765556,0.36531061022539857,0.42472902448815736,0.21220450797141285
3,mlp_temperature,eval_in,0.7400642312324368,0.3691347979387036,0.42472902448815736,0.22267426091673448
3,mlp_temperature,eval_in,0.7501003613006825,0.3724913031843725,0.42472902448815736,0.23307465881723308
3,mlp_temperature,eval_in,0.7601364913689281,0.3749669923422234,0.42472902448815736,0.24320042249801954
3,mlp_temperature,eval_in,0.7701726214371738,0.3752931978107897,0.42472902448815736,0.25306228824602556
3,mlp_temperature,eval_in,0.7802087515054195,0.37766915358888603,0.42472902448815736,0.262670439927965
3,mlp_temperature,eval_in,0.7900441589723003,0.38058943089430897,0.42472902448815736,0.27184959349593496
3,mlp_temperature,eval_in,0.800080289040546,0.3828399397892624,0.42472902448815736,0.2809834420471651
3,mlp_temperature,eval_in,0.8101164191087916,0.38478691774033696,0.42472902448815736,0.2898909811694747
3,mlp_temperature,eval_in,0.8201525491770373,0.38644150758688206,0.42472902448815736,0.29858051884483605
3,mlp_temperature,eval_in,0.8301886792452831,0.3875725338491296,0.42472902448815736,0.30705996131528046
3,mlp_temperature,eval_in,0.8402248093135287,0.3910654562828476,0.42472902448815736,0.3153368370759675
3,mlp_temperature,eval_in,0.8500602167804094,0.3914994096812279,0.42472902448815736,0.32325855962219596
3,mlp_temperature,eval_in,0.8600963468486552,0.3943990665110852,0.42472902448815736,0.3311551925320887
3,mlp_temperature,eval_in,0.8701324769169009,0.396078431372549,0.42472902448815736,0.33886966551326414
3,mlp_temperature,eval_in,0.8801686069851465,0.3984036488027366,0.42472902448815736,0.34640820980615733
3,mlp_temperature,eval_in,0.8902047370533922,0.40135287485907556,0.42472902448815736,0.35377677564825255
3,mlp_temperature,eval_in,0.900040144520273,0.40388046387154325,0.42472902448815736,0.3608385370205174
3,mlp_temperature,eval_in,0.9100762745885187,0.40692545213939124,0.42472902448815736,0.3678870754300838
3,mlp_temperature,eval_in,0.9201124046567644,0.4075043630017452,0.42472902448815736,0.37478184991273994
3,mlp_temperature,eval_in,0.93014853472501,0.40979715148899437,0.42472902448815736,0.3815278377211912
3,mlp_temperature,eval_in,0.9401846647932557,0.4109735269000854,0.42472902448815736,0.38812980358667803
3,mlp_temperature,eval_in,0.9500200722601365,0.4128459750686668,0.42472902448815736,0.39446439890133106
3,mlp_temperature,eval_in,0.9600562023283822,0.4148024252561154,0.42472902448815736,0.40079448045159943
3,mlp_temperature,eval_in,0.9700923323966278,0.41733912683633356,0.42472902448815736,0.4069935857645355
3,mlp_temperature,eval_in,0.9801284624648735,0.42023346303501946,0.42472902448815736,0.41306573827565024
3,mlp_temperature,eval_in,0.9901645925331193,0.4226636934928036,0.42472902448815736,0.41901479829718224
3,mlp_temperature,eval_in,1.0,0.42472902448815736,0.42472902448815736,0.42472902448815736
3,mlp_temperature,eval_out,0.00020032051282051281,0.0,0.5448717948717948,0.0
3,mlp_temperature,eval_out,0.010216346153846154,0.2549019607843137,0.5448717948717948,0.0
3,mlp_temperature,eval_out,0.020232371794871796,0.297029702970297,0.5448717948717948,0.0
3,mlp_temperature,eval_out,0.030248397435897436,0.2980132450331126,0.5448717948717948,0.0
3,mlp_temperature,eval_out,0.04026442307692308,0.3034825870646766,0.5448717948717948,0.0
3,mlp_temperature,eval_out,0.05028044871794872,0.29880478087649404,0.5448717948717948,0.0
3,mlp_temperature,eval_out,0.06029647435897436,0.3023255813953488,0.5448717948717948,0.0
3,mlp_temperature,eval_out,0.0703125,0.3162393162393162,0.5448717948717948,0.0
3,mlp_temperature,eval_out,0.08032852564102565,0.32917705735660846,0.5448717948717948,0.0
3,mlp_temperature,eval_out,0.09034455128205128,0.3392461197339246,0.5448717948717948,0.0
3,mlp_temperature,eval_out,0.10036057692307693,0.34530938123752497,0.5448717948717948,0.0
3,mlp_temperature,eval_out,0.11037660256410256,0.35208711433756806,0.5448717948717948,0.0
3,mlp_temperature,eval_out,0.1201923076923077,0.34833333333333333,0.5448717948717948,0.0
3,mlp_temperature,eval_out,0.13020833333333334,0.3523076923076923,0.5448717948717948,0.0
3,mlp_temperature,eval_out,0.14022435897435898,0.35714285714285715,0.5448717948717948,0.0
3,mlp_temperature,eval_out,0.1502403846153846,0.364,0.5448717948717948,0.0
3,mlp_temperature,eval_out,0.16025641025641027,0.37125,0.5448717948717948,0.0
3,mlp_temperature,eval_out,0.1702724358974359,0.37176470588235294,0.5448717948717948,0.0
3,mlp_temperature,eval_out,0.18028846153846154,0.38,0.5448717948717948,0.0
3,mlp_temperature,eval_out,0.19030448717948717,0.3863157894736842,0.5448717948717948,0.0
3,mlp_temperature,eval_out,0.20032051282051283,0.394,0.5448717948717948,0.0
3,mlp_temperature,eval_out,0.21033653846153846,0.39714285714285713,0.5448717948717948,0.0
3,mlp_temperature,eval_out,0.2203525641025641,0.4018181818181818,0.5448717948717948,0.0
3,mlp_temperature,eval_out,0.23016826923076922,0.40382941688424717,0.5448717948717948,0.0
3,mlp_temperature,eval_out,0.24018429487179488,0.41117597998331945,0.5448717948717948,0.0
3,mlp_temperature,eval_out,0.25020032051282054,0.41232986389111287,0.5448717948717948,0.0
3,mlp_temperature,eval_out,0.26021634615384615,0.4110854503464203,0.5448717948717948,0.0
3,mlp_temperature,eval_out,0.2702323717948718,0.4173461823573017,0.5448717948717948,0.0
3,mlp_temperature,eval_out,0.2802483974358974,0.42172980700500357,0.5448717948717948,0.0
3,mlp_temperature,eval_out,0.2902644230769231,0.4230503795721187,0.5448717948717948,0.0
3,mlp_temperature,eval_out,0.30028044871794873,0.4242828552368246,0.5448717948717948,0.0
3,mlp_temperature,eval_out,0.31029647435897434,0.42543576500968366,0.5448717948717948,0.0
3,mlp_temperature,eval_out,0.3203125,0.42401500938086306,0.5448717948717948,0.0
3,mlp_temperature,eval_out,0.33032852564102566,0.42813826561552454,0.5448717948717948,0.0
3,mlp_temperature,eval_out,0.3401442307692308,0.4305064782096584,0.5448717948717948,0.0
3,mlp_temperature,eval_out,0.3501602564102564,0.42963386727688785,0.5448717948717948,0.0
3,mlp_temperature,eval_out,0.36017628205128205,0.432146829810901,0.5448717948717948,0.0
3,mlp_temperature,eval_out,0.3701923076923077,0.43344155844155846,0.5448717948717948,0.0
3,mlp_temperature,eval_out,0.3802083333333333,0.43888303477344576,0.5448717948717948,0.0
3,mlp_temperature,eval_out,0.390224358974359,0.4419917864476386,0.5448717948717948,0.0
3,mlp_temperature,eval_out,0.40024038461538464,0.44094094094094094,0.5448717948717948,0.0
3,mlp_temperature,eval_out,0.41025641025641024,0.44189453125,0.5448717948717948,0.0
3,mlp_temperature,eval_out,0.4202724358974359,0.4437559580552908,0.5448717948717948,0.0
3,mlp_temperature,eval_out,0.43028846153846156,0.4473929236499069,0.5448717948717948,0.0
3,mlp_temperature,eval_out,0.44030448717948717,0.44904458598726116,0.5448717948717948,0.0
3,mlp_temperature,eval_out,0.4501201923076923,0.4499332443257677,0.5448717948717948,0.0
3,mlp_temperature,eval_out,0.46013621794871795,0.45407052677405313,0.5448717948717948,0.0108837614279495
3,mlp_temperature,eval_out,0.4701522435897436,0.45717937792927144,0.5448717948717948,0.031955688112484025
3,mlp_temperature,eval_out,0.4801682692307692,0.458906967042136,0.5448717948717948,0.05214851898206091
3,mlp_temperature,eval_out,0.4901842948717949,0.46178994687372293,0.5448717948717948,0.07151614221495708
3,mlp_temperature,eval_out,0.5002003205128205,0.46095314377252705,0.5448717948717948,0.09010812975570685
3,mlp_temperature,eval_out,0.5102163461538461,0.4601491951315273,0.5448717948717948,0.10797016097369454
3,mlp_temperature,eval_out,0.5202323717948718,0.46284174046977283,0.5448717948717948,0.12514439738159414
3,mlp_temperature,eval_out,0.5302483974358975,0.4642992066490366,0.5448717948717948,0.14166981488477523
3,mlp_temperature,eval_out,0.5402644230769231,0.4645902855024101,0.5448717948717948,0.1575824990730441
3,mlp_temperature,eval_out,0.5502804487179487,0.4681470695303968,0.5448717948717948,0.17291590826356024
3,mlp_temperature,eval_out,0.5600961538461539,0.47067238912732473,0.5448717948717948,0.18741058655221746
3,mlp_temperature,eval_out,0.5701121794871795,0.47048489107519326,0.5448717948717948,0.2016865776528461
3,mlp_temperature,eval_out,0.5801282051282052,0.4720303867403315,0.5448717948717948,0.2154696132596685
3,mlp_temperature,eval_out,0.5901442307692307,0.4742023082145282,0.5448717948717948,0.2287847929395791
3,mlp_temperature,eval_out,0.6001602564102564,0.4759679572763685,0.5448717948717948,0.2416555407209613
3,mlp_temperature,eval_out,0.610176282051282,0.47767564018384767,0.5448717948717948,0.2541037426132633
3,mlp_temperature,eval_out,0.6201923076923077,0.47997416020671835,0.5448717948717948,0.2661498708010336
3,mlp_temperature,eval_out,0.6302083333333334,0.4828353464717101,0.5448717948717948,0.27781309599491416
3,mlp_temperature,eval_out,0.6402243589743589,0.4862327909887359,0.5448717948717948,0.28911138923654567
3,mlp_temperature,eval_out,0.6502403846153846,0.488909426987061,0.5448717948717948,0.30006161429451633
3,mlp_temperature,eval_out,0.6602564102564102,0.49089805825242716,0.5448717948717948,0.3106796116504854
3,mlp_temperature,eval_out,0.6700721153846154,0.49088191330343794,0.5448717948717948,0.3207772795216741
3,mlp_temperature,eval_out,0.6800881410256411,0.4913107511045655,0.5448717948717948,0.330780559646539
3,mlp_temperature,eval_out,0.6901041666666666,0.49201741654571846,0.5448717948717948,0.3404934687953556
3,mlp_temperature,eval_out,0.7001201923076923,0.49413447782546494,0.5448717948717948,0.34992846924177395
3,mlp_temperature,eval_out,0.710136217948718,0.49647390691114246,0.5448717948717948,0.35909732016925244
3,mlp_temperature,eval_out,0.7201522435897436,0.4973574408901252,0.5448717948717948,0.36801112656467316
3,mlp_temperature,eval_out,0.7301682692307693,0.4973936899862826,0.5448717948717948,0.3766803840877915
3,mlp_temperature,eval_out,0.7401842948717948,0.5004059539918809,0.5448717948717948,0.3851150202976996
3,mlp_temperature,eval_out,0.7502003205128205,0.502803738317757,0.5448717948717948,0.393324432576769
3,mlp_temperature,eval_out,0.7602163461538461,0.5040843214756259,0.5448717948717948,0.40131752305665347
3,mlp_temperature,eval_out,0.7702323717948718,0.5048114434330299,0.5448717948717948,0.40910273081924575
3,mlp_temperature,eval_out,0.7800480769230769,0.5053929121725732,0.5448717948717948,0.4165382639958911
3,mlp_temperature,eval_out,0.7900641025641025,0.505578093306288,0.5448717948717948,0.4239350912778905
3,mlp_temperature,eval_out,0.8000801282051282,0.5080120180270405,0.5448717948717948,0.43114672008012017
3,mlp_temperature,eval_out,0.8100961538461539,0.5089020771513353,0.5448717948717948,0.4381800197823937
3,mlp_temperature,eval_out,0.8201121794871795,0.5112359550561798,0.5448717948717948,0.4450415241817294
3,mlp_temperature,eval_out,0.8301282051282052,0.513030888030888,0.5448717948717948,0.4517374517374517
3,mlp_temperature,eval_out,0.8401442307692307,0.5150214592274678,0.5448717948717948,0.45827372436814495
3,mlp_temperature,eval_out,0.8501602564102564,0.5164938737040528,0.5448717948717948,0.4646559849198869
3,mlp_temperature,eval_out,0.860176282051282,0.5183977643223102,0.5448717948717948,0.47088961341406615
3,mlp_temperature,eval_out,0.8701923076923077,0.5197974217311234,0.5448717948717948,0.47697974217311234
3,mlp_temperature,eval_out,0.8802083333333334,0.5216203914428766,0.5448717948717948,0.4829312699135184
3,mlp_temperature,eval_out,0.8900240384615384,0.5237452171955885,0.5448717948717948,0.4886338059869458
3,mlp_temperature,eval_out,0.9000400641025641,0.5252615179167595,0.5448717948717948,0.49432450478522144
3,mlp_temperature,eval_out,0.9100560897435898,0.5274047985912392,0.5448717948717948,0.49988994056790664
3,mlp_temperature,eval_out,0.9200721153846154,0.5299368604397997,0.5448717948717948,0.5053342042238188
3,mlp_temperature,eval_out,0.9300881410256411,0.5326297652379927,0.5448717948717948,0.5106612104242947
3,mlp_temperature,eval_out,0.9401041666666666,0.5348391220967398,0.5448717948717948,0.5158747070104411
3,mlp_temperature,eval_out,0.9501201923076923,0.5359477124183006,0.5448717948717948,0.5209782837866329
3,mlp_temperature,eval_out,0.960136217948718,0.5376590861673274,0.5448717948717948,0.5259753807636136
3,mlp_temperature,eval_out,0.9701522435897436,0.5395416064422879,0.5448717948717948,0.5308692958909766
3,mlp_temperature,eval_out,0.9801682692307693,0.5413856529736358,0.5448717948717948,0.5356631923155528
3,mlp_temperature,eval_out,0.9901842948717948,0.5429900869917055,0.5448717948717948,0.5403601051992717
3,mlp_temperature,eval_out,1.0,0.5448717948717948,0.5448717948717948,0.5448717948717948
3,ensemble,eval_in,0.0002007226013649137,0.0,0.42272179847450825,0.0
3,ensemble,eval_in,0.010236852669610599,0.09803921568627451,0.42272179847450825,0.0
3,ensemble,eval_in,0.02027298273785628,0.0891089108910891,0.42272179847450825,0.0
3,ensemble,eval_in,0.030309112806101966,0.08609271523178808,0.42272179847450825,0.0
3,ensemble,eval_in,0.04034524287434765,0.08955223880597014,0.42272179847450825,0.0
3,ensemble,eval_in,0.05038137294259334,0.08764940239043825,0.42272179847450825,0.0
3,ensemble,eval_in,0.060216780409474105,0.08666666666666667,0.42272179847450825,0.0
3,ensemble,eval_in,0.0702529104777198,0.08571428571428572,0.42272179847450825,0.0
3,ensemble,eval_in,0.08028904054596547,0.0925,0.42272179847450825,0.0
3,ensemble,eval_in,0.09032517061421116,0.09777777777777778,0.42272179847450825,0.0
3,ensemble,eval_in,0.10036130068245684,0.104,0.42272179847450825,0.0
3,ensemble,eval_in,0.11019670814933762,0.12021857923497267,0.42272179847450825,0.0
3,ensemble,eval_in,0.1202328382175833,0.12687813021702837,0.42272179847450825,0.0
3,ensemble,eval_in,0.13026896828582898,0.13713405238828968,0.42272179847450825,0.0
3,ensemble,eval_in,0.14030509835407468,0.1459227467811159,0.42272179847450825,0.0
3,ensemble,eval_in,0.15034122842232037,0.1588785046728972,0.42272179847450825,0.0
3,ensemble,eval_in,0.1601766358892011,0.15914786967418545,0.42272179847450825,0.0
3,ensemble,eval_in,0.1702127659574468,0.16273584905660377,0.42272179847450825,0.0
3,ensemble,eval_in,0.1802488960256925,0.16481069042316257,0.42272179847450825,0.0
3,ensemble,eval_in,0.1902850260939382,0.17616033755274263,0.42272179847450825,0.0
3,ensemble,eval_in,0.20032115616218385,0.17835671342685372,0.42272179847450825,0.0
3,ensemble,eval_in,0.21035728623042954,0.18416030534351144,0.42272179847450825,0.0
3,ensemble,eval_in,0.22019269369731032,0.18596171376481313,0.42272179847450825,0.0
3,ensemble,eval_in,0.230228823765556,0.1926765475152572,0.42272179847450825,0.0
3,ensemble,eval_in,0.2402649538338017,0.1971595655806182,0.42272179847450825,0.0
3,ensemble,eval_in,0.25030108390204736,0.2012830793905373,0.42272179847450825,0.0
3,ensemble,eval_in,0.2603372139702931,0.20740169622205087,0.42272179847450825,0.0
3,ensemble,eval_in,0.2701726214371738,0.21173848439821694,0.42272179847450825,0.0
3,ensemble,eval_in,0.2802087515054195,0.2163323782234957,0.42272179847450825,0.0
3,ensemble,eval_in,0.2902448815736652,0.21853388658367912,0.42272179847450825,0.0
3,ensemble,eval_in,0.3002810116419109,0.22192513368983957,0.42272179847450825,0.0
3,ensemble,eval_in,0.31031714171015656,0.21992238033635186,0.42272179847450825,0.0
3,ensemble,eval_in,0.32015254917703734,0.2213166144200627,0.42272179847450825,0.0
3,ensemble,eval_in,0.330188679245283,0.22796352583586627,0.42272179847450825,0.0
3,ensemble,eval_in,0.3402248093135287,0.23185840707964603,0.42272179847450825,0.0
3,ensemble,eval_in,0.3502609393817744,0.2349570200573066,0.42272179847450825,0.0
3,ensemble,eval_in,0.36029706945002005,0.23788300835654597,0.42272179847450825,0.0
3,ensemble,eval_in,0.3701324769169008,0.24240780911062906,0.42272179847450825,0.0
3,ensemble,eval_in,0.38016860698514654,0.24498416050686378,0.42272179847450825,0.0
3,ensemble,eval_in,0.3902047370533922,0.24588477366255143,0.42272179847450825,0.0
3,ensemble,eval_in,0.4002408671216379,0.253259779338014,0.42272179847450825,0.0
3,ensemble,eval_in,0.4102769971898836,0.25978473581213307,0.42272179847450825,0.0
3,ensemble,eval_in,0.42031312725812925,0.2593123209169054,0.42272179847450825,0.0
3,ensemble,eval_in,0.43014853472501,0.2636490900606626,0.42272179847450825,0.0
3,ensemble,eval_in,0.44018466479325574,0.26812585499316005,0.42272179847450825,0.0
3,ensemble,eval_in,0.4502207948615014,0.27284886312973694,0.42272179847450825,0.0
3,ensemble,eval_in,0.46025692492974707,0.27649367640645445,0.42272179847450825,0.0
3,ensemble,eval_in,0.4702930549979928,0.27699530516431925,0.42272179847450825,0.0
3,ensemble,eval_in,0.48012846246487356,0.2809364548494983,0.42272179847450825,0.0
3,ensemble,eval_in,0.4901645925331192,0.28255528255528256,0.42272179847450825,0.0
3,ensemble,eval_in,0.5002007226013649,0.28691813804173355,0.42272179847450825,0.0
3,ensemble,eval_in,0.5102368526696106,0.2911093627065303,0.42272179847450825,0.0
3,ensemble,eval_in,0.5202729827378563,0.29205246913580246,0.42272179847450825,0.0
3,ensemble,eval_in,0.5301083902047371,0.2949640287769784,0.42272179847450825,0.0
3,ensemble,eval_in,0.5401445202729828,0.29728725380899296,0.42272179847450825,0.0
3,ensemble,eval_in,0.5501806503412284,0.3024443633710325,0.42272179847450825,0.0
3,ensemble,eval_in,0.5602167804094741,0.3067001074883554,0.42272179847450825,0.0
3,ensemble,eval_in,0.5702529104777198,0.30904611052446324,0.42272179847450825,0.0
3,ensemble,eval_in,0.5800883179446006,0.31141868512110726,0.42272179847450825,0.004844290657439446
3,ensemble,eval_in,0.5901244480128462,0.31258503401360543,0.42272179847450825,0.021768707482993196
3,ensemble,eval_in,0.6001605780810919,0.3153846153846154,0.42272179847450825,0.03812709030100334
3,ensemble,eval_in,0.6101967081493376,0.3194078947368421,0.42272179847450825,0.05394736842105263
3,ensemble,eval_in,0.6202328382175833,0.3226537216828479,0.42272179847450825,0.06925566343042071
3,ensemble,eval_in,0.630268968285829,0.32643312101910826,0.42272179847450825,0.0840764331210191
3,ensemble,eval_in,0.6401043757527097,0.32988397616807774,0.42272179847450825,0.09814989024772657
3,ensemble,eval_in,0.6501405058209554,0.3322012966965113,0.42272179847450825,0.11207162704538438
3,ensemble,eval_in,0.6601766358892012,0.3365764670112496,0.42272179847450825,0.12557008209182122
3,ensemble,eval_in,0.6702127659574468,0.3387241689128482,0.42272179847450825,0.13866427073974244
3,ensemble,eval_in,0.6802488960256925,0.3413986426674535,0.42272179847450825,0.15137208616110948
3,ensemble,eval_in,0.6900843034925732,0.3449680046538685,0.42272179847450825,0.16346713205351948
3,ensemble,eval_in,0.700120433560819,0.34690366972477066,0.42272179847450825,0.17545871559633028
3,ensemble,eval_in,0.7101565636290647,0.3499152063312606,0.42272179847450825,0.18711136235161108
3,ensemble,eval_in,0.7201926936973103,0.3525641025641026,0.42272179847450825,0.19843924191750278
3,ensemble,eval_in,0.730228823765556,0.35514018691588783,0.42272179847450825,0.20945574491478836
3,ensemble,eval_in,0.7400642312324368,0.35882831570382423,0.42272179847450825,0.21996202874966098
3,ensemble,eval_in,0.7501003613006825,0.3615199357773615,0.42272179847450825,0.2303987155472304
3,ensemble,eval_in,0.7601364913689281,0.36361235806707154,0.42272179847450825,0.2405598098758912
3,ensemble,eval_in,0.7701726214371738,0.36591086786551996,0.42272179847450825,0.2504560854834506
3,ensemble,eval_in,0.7802087515054195,0.3686647800360175,0.42272179847450825,0.2600977617700026
3,ensemble,eval_in,0.7900441589723003,0.3719512195121951,0.42272179847450825,0.2693089430894309
3,ensemble,eval_in,0.800080289040546,0.3748118414450577,0.42272179847450825,0.2784746613146011
3,ensemble,eval_in,0.8101164191087916,0.37710604558969274,0.42272179847450825,0.2874132804757185
3,ensemble,eval_in,0.8201525491770373,0.37958883994126286,0.42272179847450825,0.29613313754282916
3,ensemble,eval_in,0.8301886792452831,0.38249516441005804,0.42272179847450825,0.30464216634429403
3,ensemble,eval_in,0.8402248093135287,0.3860487338748208,0.42272179847450825,0.3129479216435738
3,ensemble,eval_in,0.8500602167804094,0.3889020070838253,0.42272179847450825,0.3208972845336482
3,ensemble,eval_in,0.8600963468486552,0.39136522753792297,0.42272179847450825,0.3288214702450408
3,ensemble,eval_in,0.8701324769169009,0.3942329873125721,0.42272179847450825,0.336562860438293
3,ensemble,eval_in,0.8801686069851465,0.3954389965792474,0.42272179847450825,0.3441277080957811
3,ensemble,eval_in,0.8902047370533922,0.39819616685456594,0.42272179847450825,0.35152198421645997
3,ensemble,eval_in,0.900040144520273,0.4012042818911686,0.42272179847450825,0.3586083853702052
3,ensemble,eval_in,0.9100762745885187,0.4031760035288928,0.42272179847450825,0.36568151742390825
3,ensemble,eval_in,0.9201124046567644,0.4037958115183246,0.42272179847450825,0.3726003490401396
3,ensemble,eval_in,0.93014853472501,0.40569702201122143,0.42272179847450825,0.37936987483815277
3,ensemble,eval_in,0.9401846647932557,0.40755764304013664,0.42272179847450825,0.3859948761742101
3,ensemble,eval_in,0.9500200722601365,0.40925417282907245,0.42272179847450825,0.3923515740545109
3,ensemble,eval_in,0.9600562023283822,0.4099937277859084,0.42272179847450825,0.39870374242107465
3,ensemble,eval_in,0.9700923323966278,0.41175253465756256,0.42272179847450825,0.40492447755017585
3,ensemble,eval_in,0.9801284624648735,0.41511365963547,0.42272179847450825,0.41101781691583045
3,ensemble,eval_in,0.9901645925331193,0.41942023109669574,0.42272179847450825,0.41698763429961483
3,ensemble,eval_in,1.0,0.42272179847450825,0.42272179847450825,0.42272179847450825
3,ensemble,eval_out,0.00020032051282051281,0.0,0.5428685897435898,0.0
3,ensemble,eval_out,0.010216346153846154,0.2549019607843137,0.5428685897435898,0.0
3,ensemble,eval_out,0.020232371794871796,0.2871287128712871,0.5428685897435898,0.0
3,ensemble,eval_out,0.030248397435897436,0.26490066225165565,0.5428685897435898,0.0
3,ensemble,eval_out,0.04026442307692308,0.27860696517412936,0.5428685897435898,0.0
3,ensemble,eval_out,0.05028044871794872,0.2908366533864542,0.5428685897435898,0.0
3,ensemble,eval_out,0.06029647435897436,0.3122923588039867,0.5428685897435898,0.0
3,ensemble,eval_out,0.0703125,0.31054131054131057,0.5428685897435898,0.0
3,ensemble,eval_out,0.08032852564102565,0.314214463840399,0.5428685897435898,0.0
3,ensemble,eval_out,0.09034455128205128,0.3170731707317073,0.5428685897435898,0.0
3,ensemble,eval_out,0.10036057692307693,0.3213572854291417,0.5428685897435898,0.0
3,ensemble,eval_out,0.11037660256410256,0.33575317604355714,0.5428685897435898,0.0
3,ensemble,eval_out,0.1201923076923077,0.3416666666666667,0.5428685897435898,0.0
3,ensemble,eval_out,0.13020833333333334,0.35384615384615387,0.5428685897435898,0.0
3,ensemble,eval_out,0.14022435897435898,0.35714285714285715,0.5428685897435898,0.0
3,ensemble,eval_out,0.1502403846153846,0.3626666666666667,0.5428685897435898,0.0
3,ensemble,eval_out,0.16025641025641027,0.375,0.5428685897435898,0.0
3,ensemble,eval_out,0.1702724358974359,0.3788235294117647,0.5428685897435898,0.0
3,ensemble,eval_out,0.18028846153846154,0.37777777777777777,0.5428685897435898,0.0
3,ensemble,eval_out,0.19030448717948717,0.38105263157894737,0.5428685897435898,0.0
3,ensemble,eval_out,0.20032051282051283,0.383,0.5428685897435898,0.0
3,ensemble,eval_out,0.21033653846153846,0.38761904761904764,0.5428685897435898,0.0
3,ensemble,eval_out,0.2203525641025641,0.39090909090909093,0.5428685897435898,0.0
3,ensemble,eval_out,0.23016826923076922,0.39251523063533506,0.5428685897435898,0.0
3,ensemble,eval_out,0.24018429487179488,0.396163469557965,0.5428685897435898,0.0
3,ensemble,eval_out,0.25020032051282054,0.39951961569255406,0.5428685897435898,0.0
3,ensemble,eval_out,0.26021634615384615,0.4010777521170131,0.5428685897435898,0.0
3,ensemble,eval_out,0.2702323717948718,0.40252038547071906,0.5428685897435898,0.0
3,ensemble,eval_out,0.2802483974358974,0.40743388134381703,0.5428685897435898,0.0
3,ensemble,eval_out,0.2902644230769231,0.41338854382332646,0.5428685897435898,0.0
3,ensemble,eval_out,0.30028044871794873,0.4162775183455637,0.5428685897435898,0.0
3,ensemble,eval_out,0.31029647435897434,0.4170432537120723,0.5428685897435898,0.0
3,ensemble,eval_out,0.3203125,0.4140087554721701,0.5428685897435898,0.0
3,ensemble,eval_out,0.33032852564102566,0.41479684657368104,0.5428685897435898,0.0
3,ensemble,eval_out,0.3401442307692308,0.41460541813898705,0.5428685897435898,0.0
3,ensemble,eval_out,0.3501602564102564,0.4170480549199085,0.5428685897435898,0.0
3,ensemble,eval_out,0.36017628205128205,0.42046718576195774,0.5428685897435898,0.0
3,ensemble,eval_out,0.3701923076923077,0.42478354978354976,0.5428685897435898,0.0
3,ensemble,eval_out,0.3802083333333333,0.4272918861959958,0.5428685897435898,0.0
3,ensemble,eval_out,0.390224358974359,0.42659137577002054,0.5428685897435898,0.0
3,ensemble,eval_out,0.40024038461538464,0.42792792792792794,0.5428685897435898,0.0
3,ensemble,eval_out,0.41025641025641024,0.43017578125,0.5428685897435898,0.0
3,ensemble,eval_out,0.4202724358974359,0.432793136320305,0.5428685897435898,0.0
3,ensemble,eval_out,0.43028846153846156,0.4366852886405959,0.5428685897435898,0.0
3,ensemble,eval_out,0.44030448717948717,0.4390354868061874,0.5428685897435898,0.0
3,ensemble,eval_out,0.4501201923076923,0.4445927903871829,0.5428685897435898,0.0
3,ensemble,eval_out,0.46013621794871795,0.4475402699172834,0.5428685897435898,0.006530256856769699
3,ensemble,eval_out,0.4701522435897436,0.4490839369407755,0.5428685897435898,0.027694929697486152
3,ensemble,eval_out,0.4801682692307692,0.4493116395494368,0.5428685897435898,0.047976637463496036
3,ensemble,eval_out,0.4901842948717949,0.4503473641193298,0.5428685897435898,0.06742950551695955
3,ensemble,eval_out,0.5002003205128205,0.4549459351221466,0.5428685897435898,0.08610332398878655
3,ensemble,eval_out,0.5102163461538461,0.4581861012956419,0.5428685897435898,0.10404397330192383
3,ensemble,eval_out,0.5202323717948718,0.4593762033115133,0.5428685897435898,0.12129380053908356
3,ensemble,eval_out,0.5302483974358975,0.46089913109180203,0.5428685897435898,0.13789195315451455
3,ensemble,eval_out,0.5402644230769231,0.46310715609936964,0.5428685897435898,0.1538746755654431
3,ensemble,eval_out,0.5502804487179487,0.46523480160174735,0.5428685897435898,0.16927557335274845
3,ensemble,eval_out,0.5600961538461539,0.4670958512160229,0.5428685897435898,0.1838340486409156
3,ensemble,eval_out,0.5701121794871795,0.4701335207308503,0.5428685897435898,0.19817287420941673
3,ensemble,eval_out,0.5801282051282052,0.4727209944751381,0.5428685897435898,0.21201657458563536
3,ensemble,eval_out,0.5901442307692307,0.47522063815342835,0.5428685897435898,0.22539035980991173
3,ensemble,eval_out,0.6001602564102564,0.47696929238985314,0.5428685897435898,0.2383177570093458
3,ensemble,eval_out,0.610176282051282,0.4783322390019698,0.5428685897435898,0.2508207485226527
3,ensemble,eval_out,0.6201923076923077,0.479328165374677,0.5428685897435898,0.2629198966408269
3,ensemble,eval_out,0.6302083333333334,0.4799745708836618,0.5428685897435898,0.2746344564526383
3,ensemble,eval_out,0.6402243589743589,0.4812265331664581,0.5428685897435898,0.285982478097622
3,ensemble,eval_out,0.6502403846153846,0.4839802834257548,0.5428685897435898,0.29698089956869994
3,ensemble,eval_out,0.6602564102564102,0.4845266990291262,0.5428685897435898,0.30764563106796117
3,ensemble,eval_out,0.6700721153846154,0.48699551569506727,0.5428685897435898,0.3177877428998505
3,ensemble,eval_out,0.6800881410256411,0.488659793814433,0.5428685897435898,0.32783505154639175
3,ensemble,eval_out,0.6901041666666666,0.4899854862119013,0.5428685897435898,0.33759071117561684
3,ensemble,eval_out,0.7001201923076923,0.49241773962804003,0.5428685897435898,0.3470672389127325
3,ensemble,eval_out,0.710136217948718,0.49506346967559944,0.5428685897435898,0.3562764456981664
3,ensemble,eval_out,0.7201522435897436,0.4968011126564673,0.5428685897435898,0.3652294853963839
3,ensemble,eval_out,0.7301682692307693,0.5004115226337449,0.5428685897435898,0.3739368998628258
3,ensemble,eval_out,0.7401842948717948,0.5009472259810555,0.5428685897435898,0.3824086603518268
3,ensemble,eval_out,0.7502003205128205,0.5017356475300401,0.5428685897435898,0.39065420560747666
3,ensemble,eval_out,0.7602163461538461,0.503030303030303,0.5428685897435898,0.3986824769433465
3,ensemble,eval_out,0.7702323717948718,0.505071521456437,0.5428685897435898,0.4065019505851756
3,ensemble,eval_out,0.7800480769230769,0.5056497175141242,0.5428685897435898,0.4139702105803801
3,ensemble,eval_out,0.7900641025641025,0.5070993914807302,0.5428685897435898,0.4213995943204868
3,ensemble,eval_out,0.8000801282051282,0.5092638958437656,0.5428685897435898,0.42864296444667
3,ensemble,eval_out,0.8100961538461539,0.5113748763600395,0.5428685897435898,0.43570722057368944
3,ensemble,eval_out,0.8201121794871795,0.5136785539814362,0.5428685897435898,0.4425989252564729
3,ensemble,eval_out,0.8301282051282052,0.5156853281853282,0.5428685897435898,0.44932432432432434
3,ensemble,eval_out,0.8401442307692307,0.5171673819742489,0.5428685897435898,0.4558893657606104
3,ensemble,eval_out,0.8501602564102564,0.5190857681432611,0.5428685897435898,0.4622997172478794
3,ensemble,eval_out,0.860176282051282,0.5216581276199348,0.5428685897435898,0.4685607824871914
3,ensemble,eval_out,0.8701923076923077,0.5237108655616943,0.5428685897435898,0.47467771639042355
3,ensemble,eval_out,0.8802083333333334,0.5263996358670915,0.5428685897435898,0.4806554392353209
3,ensemble,eval_out,0.8900240384615384,0.5268962412784155,0.5428685897435898,0.48638307449921225
3,ensemble,eval_out,0.9000400641025641,0.5290451813932784,0.5428685897435898,0.4920988203872691
3,ensemble,eval_out,0.9100560897435898,0.5304864626898526,0.5428685897435898,0.49768875192604006
3,ensemble,eval_out,0.9200721153846154,0.5314609187894622,0.5428685897435898,0.5031569780100152
3,ensemble,eval_out,0.9300881410256411,0.5332758992031015,0.5428685897435898,0.5085074305405988
3,ensemble,eval_out,0.9401041666666666,0.5341998721500106,0.5428685897435898,0.5137438738546771
3,ensemble,eval_out,0.9501201923076923,0.5346826902804133,0.5428685897435898,0.5188699135568206
3,ensemble,eval_out,0.960136217948718,0.5359899853953682,0.5428685897435898,0.5238890047986647
3,ensemble,eval_out,0.9701522435897436,0.5376832541812926,0.5428685897435898,0.5288044600454264
3,ensemble,eval_out,0.9801682692307693,0.539546290619252,0.5428685897435898,0.5336194563662375
3,ensemble,eval_out,0.9901842948717948,0.5409670240744487,0.5428685897435898,0.538337042282015
3,ensemble,eval_out,1.0,0.5428685897435898,0.5428685897435898,0.5428685897435898
3,ensemble_temperature,eval_in,0.0002007226013649137,0.0,0.42272179847450825,0.0
3,ensemble_temperature,eval_in,0.010236852669610599,0.09803921568627451,0.42272179847450825,0.0
3,ensemble_temperature,eval_in,0.02027298273785628,0.0891089108910891,0.42272179847450825,0.0
3,ensemble_temperature,eval_in,0.030309112806101966,0.07947019867549669,0.42272179847450825,0.0
3,ensemble_temperature,eval_in,0.04034524287434765,0.08955223880597014,0.42272179847450825,0.0
3,ensemble_temperature,eval_in,0.05038137294259334,0.08764940239043825,0.42272179847450825,0.0
3,ensemble_temperature,eval_in,0.060216780409474105,0.08666666666666667,0.42272179847450825,0.0
3,ensemble_temperature,eval_in,0.0702529104777198,0.08571428571428572,0.42272179847450825,0.0
3,ensemble_temperature,eval_in,0.08028904054596547,0.0925,0.42272179847450825,0.0
3,ensemble_temperature,eval_in,0.09032517061421116,0.1,0.42272179847450825,0.0
3,ensemble_temperature,eval_in,0.10036130068245684,0.104,0.42272179847450825,0.0
3,ensemble_temperature,eval_in,0.11019670814933762,0.12021857923497267,0.42272179847450825,0.0
3,ensemble_temperature,eval_in,0.1202328382175833,0.12687813021702837,0.42272179847450825,0.0
3,ensemble_temperature,eval_in,0.13026896828582898,0.13713405238828968,0.42272179847450825,0.0
3,ensemble_temperature,eval_in,0.14030509835407468,0.1459227467811159,0.42272179847450825,0.0
3,ensemble_temperature,eval_in,0.15034122842232037,0.1588785046728972,0.42272179847450825,0.0
3,ensemble_temperature,eval_in,0.1601766358892011,0.16040100250626566,0.42272179847450825,0.0
3,ensemble_temperature,eval_in,0.1702127659574468,0.16391509433962265,0.42272179847450825,0.0
3,ensemble_temperature,eval_in,0.1802488960256925,0.16592427616926503,0.42272179847450825,0.0
3,ensemble_temperature,eval_in,0.1902850260939382,0.17721518987341772,0.42272179847450825,0.0
3,ensemble_temperature,eval_in,0.20032115616218385,0.17735470941883769,0.42272179847450825,0.0
3,ensemble_temperature,eval_in,0.21035728623042954,0.183206106870229,0.42272179847450825,0.0
3,ensemble_temperature,eval_in,0.22019269369731032,0.18505013673655424,0.42272179847450825,0.0
3,ensemble_temperature,eval_in,0.230228823765556,0.1926765475152572,0.42272179847450825,0.0
3,ensemble_temperature,eval_in,0.2402649538338017,0.1971595655806182,0.42272179847450825,0.0
3,ensemble_temperature,eval_in,0.25030108390204736,0.2012830793905373,0.42272179847450825,0.0
3,ensemble_temperature,eval_in,0.2603372139702931,0.2081727062451812,0.42272179847450825,0.0
3,ensemble_temperature,eval_in,0.2701726214371738,0.21173848439821694,0.42272179847450825,0.0
3,ensemble_temperature,eval_in,0.2802087515054195,0.21561604584527222,0.42272179847450825,0.0
3,ensemble_temperature,eval_in,0.2902448815736652,0.21991701244813278,0.42272179847450825,0.0
3,ensemble_temperature,eval_in,0.3002810116419109,0.22259358288770054,0.42272179847450825,0.0
3,ensemble_temperature,eval_in,0.31031714171015656,0.21992238033635186,0.42272179847450825,0.0
3,ensemble_temperature,eval_in,0.32015254917703734,0.2206896551724138,0.42272179847450825,0.0
3,ensemble_temperature,eval_in,0.330188679245283,0.22735562310030394,0.42272179847450825,0.0
3,ensemble_temperature,eval_in,0.3402248093135287,0.23185840707964603,0.42272179847450825,0.0
3,ensemble_temperature,eval_in,0.3502609393817744,0.2349570200573066,0.42272179847450825,0.0
3,ensemble_temperature,eval_in,0.36029706945002005,0.23788300835654597,0.42272179847450825,0.0
3,ensemble_temperature,eval_in,0.3701324769169008,0.2413232104121475,0.42272179847450825,0.0
3,ensemble_temperature,eval_in,0.38016860698514654,0.24445617740232312,0.42272179847450825,0.0
3,ensemble_temperature,eval_in,0.3902047370533922,0.24691358024691357,0.42272179847450825,0.0
3,ensemble_temperature,eval_in,0.4002408671216379,0.25275827482447344,0.42272179847450825,0.0
3,ensemble_temperature,eval_in,0.4102769971898836,0.2583170254403131,0.42272179847450825,0.0
3,ensemble_temperature,eval_in,0.42031312725812925,0.2588347659980898,0.42272179847450825,0.0
3,ensemble_temperature,eval_in,0.43014853472501,0.2636490900606626,0.42272179847450825,0.0
3,ensemble_temperature,eval_in,0.44018466479325574,0.26858185134518925,0.42272179847450825,0.0
3,ensemble_temperature,eval_in,0.4502207948615014,0.27284886312973694,0.42272179847450825,0.0
3,ensemble_temperature,eval_in,0.46025692492974707,0.2760575665067597,0.42272179847450825,0.0
3,ensemble_temperature,eval_in,0.4702930549979928,0.2765685019206146,0.42272179847450825,0.0
3,ensemble_temperature,eval_in,0.48012846246487356,0.28051839464882944,0.42272179847450825,0.0
3,ensemble_temperature,eval_in,0.4901645925331192,0.28296478296478295,0.42272179847450825,0.0
3,ensemble_temperature,eval_in,0.5002007226013649,0.28691813804173355,0.42272179847450825,0.0
3,ensemble_temperature,eval_in,0.5102368526696106,0.29189614476789927,0.42272179847450825,0.0
3,ensemble_temperature,eval_in,0.5202729827378563,0.29205246913580246,0.42272179847450825,0.0
3,ensemble_temperature,eval_in,0.5301083902047371,0.2953426732298372,0.42272179847450825,0.0
3,ensemble_temperature,eval_in,0.5401445202729828,0.29728725380899296,0.42272179847450825,0.0
3,ensemble_temperature,eval_in,0.5501806503412284,0.30280919372491794,0.42272179847450825,0.0
3,ensemble_temperature,eval_in,0.5602167804094741,0.3067001074883554,0.42272179847450825,0.0
3,ensemble_temperature,eval_in,0.5702529104777198,0.30904611052446324,0.42272179847450825,0.0
3,ensemble_temperature,eval_in,0.5800883179446006,0.3107266435986159,0.42272179847450825,0.004844290657439446
3,ensemble_temperature,eval_in,0.5901244480128462,0.31326530612244896,0.42272179847450825,0.021768707482993196
3,ensemble_temperature,eval_in,0.6001605780810919,0.3157190635451505,0.42272179847450825,0.03812709030100334
3,ensemble_temperature,eval_in,0.6101967081493376,0.3190789473684211,0.42272179847450825,0.05394736842105263
3,ensemble_temperature,eval_in,0.6202328382175833,0.32297734627831715,0.42272179847450825,0.06925566343042071
3,ensemble_temperature,eval_in,0.630268968285829,0.3270700636942675,0.42272179847450825,0.0840764331210191
3,ensemble_temperature,eval_in,0.6401043757527097,0.3301975540921919,0.42272179847450825,0.09814989024772657
3,ensemble_temperature,eval_in,0.6501405058209554,0.3328187712256869,0.42272179847450825,0.11207162704538438
3,ensemble_temperature,eval_in,0.6601766358892012,0.3359683794466403,0.42272179847450825,0.12557008209182122
3,ensemble_temperature,eval_in,0.6702127659574468,0.33812518718179096,0.42272179847450825,0.13866427073974244
3,ensemble_temperature,eval_in,0.6802488960256925,0.3413986426674535,0.42272179847450825,0.15137208616110948
3,ensemble_temperature,eval_in,0.6900843034925732,0.34467713787085513,0.42272179847450825,0.16346713205351948
3,ensemble_temperature,eval_in,0.700120433560819,0.3474770642201835,0.42272179847450825,0.17545871559633028
3,ensemble_temperature,eval_in,0.7101565636290647,0.35076314301865463,0.42272179847450825,0.18711136235161108
3,ensemble_temperature,eval_in,0.7201926936973103,0.35312151616499443,0.42272179847450825,0.19843924191750278
3,ensemble_temperature,eval_in,0.730228823765556,0.3554150632215503,0.42272179847450825,0.20945574491478836
3,ensemble_temperature,eval_in,0.7400642312324368,0.3590995389205316,0.42272179847450825,0.21996202874966098
3,ensemble_temperature,eval_in,0.7501003613006825,0.36071715279636074,0.42272179847450825,0.2303987155472304
3,ensemble_temperature,eval_in,0.7601364913689281,0.36414048059149723,0.42272179847450825,0.2405598098758912
3,ensemble_temperature,eval_in,0.7701726214371738,0.36591086786551996,0.42272179847450825,0.2504560854834506
3,ensemble_temperature,eval_in,0.7802087515054195,0.3686647800360175,0.42272179847450825,0.2600977617700026
3,ensemble_temperature,eval_in,0.7900441589723003,0.3719512195121951,0.42272179847450825,0.2693089430894309
3,ensemble_temperature,eval_in,0.800080289040546,0.3753135975915705,0.42272179847450825,0.2784746613146011
3,ensemble_temperature,eval_in,0.8101164191087916,0.3773538156590684,0.42272179847450825,0.2874132804757185
3,ensemble_temperature,eval_in,0.8201525491770373,0.3798335780714635,0.42272179847450825,0.29613313754282916
3,ensemble_temperature,eval_in,0.8301886792452831,0.3822533849129594,0.42272179847450825,0.30464216634429403
3,ensemble_temperature,eval_in,0.8402248093135287,0.3870043000477783,0.42272179847450825,0.3129479216435738
3,ensemble_temperature,eval_in,0.8500602167804094,0.38913813459268004,0.42272179847450825,0.3208972845336482
3,ensemble_temperature,eval_in,0.8600963468486552,0.3908984830805134,0.42272179847450825,0.3288214702450408
3,ensemble_temperature,eval_in,0.8701324769169009,0.3942329873125721,0.42272179847450825,0.336562860438293
3,ensemble_temperature,eval_in,0.8801686069851465,0.3952109464082098,0.42272179847450825,0.3441277080957811
3,ensemble_temperature,eval_in,0.8902047370533922,0.3979706877113867,0.42272179847450825,0.35152198421645997
3,ensemble_temperature,eval_in,0.900040144520273,0.4012042818911686,0.42272179847450825,0.3586083853702052
3,ensemble_temperature,eval_in,0.9100762745885187,0.40295544772827524,0.42272179847450825,0.36568151742390825
3,ensemble_temperature,eval_in,0.9201124046567644,0.4042321116928447,0.42272179847450825,0.3726003490401396
3,ensemble_temperature,eval_in,0.93014853472501,0.40548122572291756,0.42272179847450825,0.37936987483815277
3,ensemble_temperature,eval_in,0.9401846647932557,0.40713065755764305,0.42272179847450825,0.3859948761742101
3,ensemble_temperature,eval_in,0.9500200722601365,0.4094654553137545,0.42272179847450825,0.3923515740545109
3,ensemble_temperature,eval_in,0.9600562023283822,0.4099937277859084,0.42272179847450825,0.39870374242107465
3,ensemble_temperature,eval_in,0.9700923323966278,0.41195944547899854,0.42272179847450825,0.40492447755017585
3,ensemble_temperature,eval_in,0.9801284624648735,0.41511365963547,0.42272179847450825,0.41101781691583045
3,ensemble_temperature,eval_in,0.9901645925331193,0.41942023109669574,0.42272179847450825,0.41698763429961483
3,ensemble_temperature,eval_in,1.0,0.42272179847450825,0.42272179847450825,0.42272179847450825
3,ensemble_temperature,eval_out,0.00020032051282051281,0.0,0.5428685897435898,0.0
3,ensemble_temperature,eval_out,0.010216346153846154,0.2549019607843137,0.5428685897435898,0.0
3,ensemble_temperature,eval_out,0.020232371794871796,0.2871287128712871,0.5428685897435898,0.0
3,ensemble_temperature,eval_out,0.030248397435897436,0.2582781456953642,0.5428685897435898,0.0
3,ensemble_temperature,eval_out,0.04026442307692308,0.27860696517412936,0.5428685897435898,0.0
3,ensemble_temperature,eval_out,0.05028044871794872,0.2908366533864542,0.5428685897435898,0.0
3,ensemble_temperature,eval_out,0.06029647435897436,0.3122923588039867,0.5428685897435898,0.0
3,ensemble_temperature,eval_out,0.0703125,0.31054131054131057,0.5428685897435898,0.0
3,ensemble_temperature,eval_out,0.08032852564102565,0.314214463840399,0.5428685897435898,0.0
3,ensemble_temperature,eval_out,0.09034455128205128,0.3170731707317073,0.5428685897435898,0.0
3,ensemble_temperature,eval_out,0.10036057692307693,0.3213572854291417,0.5428685897435898,0.0
3,ensemble_temperature,eval_out,0.11037660256410256,0.3339382940108893,0.5428685897435898,0.0
3,ensemble_temperature,eval_out,0.1201923076923077,0.3433333333333333,0.5428685897435898,0.0
3,ensemble_temperature,eval_out,0.13020833333333334,0.35384615384615387,0.5428685897435898,0.0
3,ensemble_temperature,eval_out,0.14022435897435898,0.3557142857142857,0.5428685897435898,0.0
3,ensemble_temperature,eval_out,0.1502403846153846,0.364,0.5428685897435898,0.0
3,ensemble_temperature,eval_out,0.16025641025641027,0.3725,0.5428685897435898,0.0
3,ensemble_temperature,eval_out,0.1702724358974359,0.3776470588235294,0.5428685897435898,0.0
3,ensemble_temperature,eval_out,0.18028846153846154,0.3788888888888889,0.5428685897435898,0.0
3,ensemble_temperature,eval_out,0.19030448717948717,0.38105263157894737,0.5428685897435898,0.0
3,ensemble_temperature,eval_out,0.20032051282051283,0.383,0.5428685897435898,0.0
3,ensemble_temperature,eval_out,0.21033653846153846,0.38952380952380955,0.5428685897435898,0.0
3,ensemble_temperature,eval_out,0.2203525641025641,0.39,0.5428685897435898,0.0
3,ensemble_temperature,eval_out,0.23016826923076922,0.391644908616188,0.5428685897435898,0.0
3,ensemble_temperature,eval_out,0.24018429487179488,0.39532944120100083,0.5428685897435898,0.0
3,ensemble_temperature,eval_out,0.25020032051282054,0.3987189751801441,0.5428685897435898,0.0
3,ensemble_temperature,eval_out,0.26021634615384615,0.4018475750577367,0.5428685897435898,0.0
3,ensemble_temperature,eval_out,0.2702323717948718,0.4010378057820608,0.5428685897435898,0.0
3,ensemble_temperature,eval_out,0.2802483974358974,0.40814867762687634,0.5428685897435898,0.0
3,ensemble_temperature,eval_out,0.2902644230769231,0.4140786749482402,0.5428685897435898,0.0
3,ensemble_temperature,eval_out,0.30028044871794873,0.41694462975316876,0.5428685897435898,0.0
3,ensemble_temperature,eval_out,0.31029647435897434,0.4157520981278244,0.5428685897435898,0.0
3,ensemble_temperature,eval_out,0.3203125,0.41275797373358347,0.5428685897435898,0.0
3,ensemble_temperature,eval_out,0.33032852564102566,0.41600970285021227,0.5428685897435898,0.0
3,ensemble_temperature,eval_out,0.3401442307692308,0.41460541813898705,0.5428685897435898,0.0
3,ensemble_temperature,eval_out,0.3501602564102564,0.41647597254004576,0.5428685897435898,0.0
3,ensemble_temperature,eval_out,0.36017628205128205,0.42046718576195774,0.5428685897435898,0.0
3,ensemble_temperature,eval_out,0.3701923076923077,0.4237012987012987,0.5428685897435898,0.0
3,ensemble_temperature,eval_out,0.3802083333333333,0.42571127502634354,0.5428685897435898,0.0
3,ensemble_temperature,eval_out,0.390224358974359,0.42761806981519507,0.5428685897435898,0.0
3,ensemble_temperature,eval_out,0.40024038461538464,0.42742742742742745,0.5428685897435898,0.0
3,ensemble_temperature,eval_out,0.41025641025641024,0.4306640625,0.5428685897435898,0.0
3,ensemble_temperature,eval_out,0.4202724358974359,0.432793136320305,0.5428685897435898,0.0
3,ensemble_temperature,eval_out,0.43028846153846156,0.436219739292365,0.5428685897435898,0.0
3,ensemble_temperature,eval_out,0.44030448717948717,0.44040036396724297,0.5428685897435898,0.0
3,ensemble_temperature,eval_out,0.4501201923076923,0.4445927903871829,0.5428685897435898,0.0
3,ensemble_temperature,eval_out,0.46013621794871795,0.4479756203744014,0.5428685897435898,0.006530256856769699
3,ensemble_temperature,eval_out,0.4701522435897436,0.44951001278227526,0.5428685897435898,0.027694929697486152
3,ensemble_temperature,eval_out,0.4801682692307692,0.44889445139758033,0.5428685897435898,0.047976637463496036
3,ensemble_temperature,eval_out,0.4901842948717949,0.4519820187985288,0.5428685897435898,0.06742950551695955
3,ensemble_temperature,eval_out,0.5002003205128205,0.45454545454545453,0.5428685897435898,0.08610332398878655
3,ensemble_temperature,eval_out,0.5102163461538461,0.4574008637612878,0.5428685897435898,0.10404397330192383
3,ensemble_temperature,eval_out,0.5202323717948718,0.4593762033115133,0.5428685897435898,0.12129380053908356
3,ensemble_temperature,eval_out,0.5302483974358975,0.46089913109180203,0.5428685897435898,0.13789195315451455
3,ensemble_temperature,eval_out,0.5402644230769231,0.4645902855024101,0.5428685897435898,0.1538746755654431
3,ensemble_temperature,eval_out,0.5502804487179487,0.46559883509282857,0.5428685897435898,0.16927557335274845
3,ensemble_temperature,eval_out,0.5600961538461539,0.4674535050071531,0.5428685897435898,0.1838340486409156
3,ensemble_temperature,eval_out,0.5701121794871795,0.4697821503865074,0.5428685897435898,0.19817287420941673
3,ensemble_temperature,eval_out,0.5801282051282052,0.47341160220994477,0.5428685897435898,0.21201657458563536
3,ensemble_temperature,eval_out,0.5901442307692307,0.47522063815342835,0.5428685897435898,0.22539035980991173
3,ensemble_temperature,eval_out,0.6001602564102564,0.47630173564753003,0.5428685897435898,0.2383177570093458
3,ensemble_temperature,eval_out,0.610176282051282,0.47866053841103084,0.5428685897435898,0.2508207485226527
3,ensemble_temperature,eval_out,0.6201923076923077,0.47900516795865633,0.5428685897435898,0.2629198966408269
3,ensemble_temperature,eval_out,0.6302083333333334,0.48029243483788936,0.5428685897435898,0.2746344564526383
3,ensemble_temperature,eval_out,0.6402243589743589,0.48216520650813516,0.5428685897435898,0.285982478097622
3,ensemble_temperature,eval_out,0.6502403846153846,0.48428835489833644,0.5428685897435898,0.29698089956869994
3,ensemble_temperature,eval_out,0.6602564102564102,0.4848300970873786,0.5428685897435898,0.30764563106796117
3,ensemble_temperature,eval_out,0.6700721153846154,0.48639760837070256,0.5428685897435898,0.3177877428998505
3,ensemble_temperature,eval_out,0.6800881410256411,0.48836524300441825,0.5428685897435898,0.32783505154639175
3,ensemble_temperature,eval_out,0.6901041666666666,0.49056603773584906,0.5428685897435898,0.33759071117561684
3,ensemble_temperature,eval_out,0.7001201923076923,0.49213161659513593,0.5428685897435898,0.3470672389127325
3,ensemble_temperature,eval_out,0.710136217948718,0.49534555712270806,0.5428685897435898,0.3562764456981664
3,ensemble_temperature,eval_out,0.7201522435897436,0.4965229485396384,0.5428685897435898,0.3652294853963839
3,ensemble_temperature,eval_out,0.7301682692307693,0.5001371742112483,0.5428685897435898,0.3739368998628258
3,ensemble_temperature,eval_out,0.7401842948717948,0.5009472259810555,0.5428685897435898,0.3824086603518268
3,ensemble_temperature,eval_out,0.7502003205128205,0.5014686248331108,0.5428685897435898,0.39065420560747666
3,ensemble_temperature,eval_out,0.7602163461538461,0.5035573122529644,0.5428685897435898,0.3986824769433465
3,ensemble_temperature,eval_out,0.7702323717948718,0.5045513654096229,0.5428685897435898,0.4065019505851756
3,ensemble_temperature,eval_out,0.7800480769230769,0.5051361068310221,0.5428685897435898,0.4139702105803801
3,ensemble_temperature,eval_out,0.7900641025641025,0.5068458417849898,0.5428685897435898,0.4213995943204868
3,ensemble_temperature,eval_out,0.8000801282051282,0.5100150225338007,0.5428685897435898,0.42864296444667
3,ensemble_temperature,eval_out,0.8100961538461539,0.5108803165182987,0.5428685897435898,0.43570722057368944
3,ensemble_temperature,eval_out,0.8201121794871795,0.5141670737664875,0.5428685897435898,0.4425989252564729
3,ensemble_temperature,eval_out,0.8301282051282052,0.515926640926641,0.5428685897435898,0.44932432432432434
3,ensemble_temperature,eval_out,0.8401442307692307,0.5174058178350024,0.5428685897435898,0.4558893657606104
3,ensemble_temperature,eval_out,0.8501602564102564,0.5186145146088595,0.5428685897435898,0.4622997172478794
3,ensemble_temperature,eval_out,0.860176282051282,0.5211923614345598,0.5428685897435898,0.4685607824871914
3,ensemble_temperature,eval_out,0.8701923076923077,0.5230202578268877,0.5428685897435898,0.47467771639042355
3,ensemble_temperature,eval_out,0.8802083333333334,0.5259444697314519,0.5428685897435898,0.4806554392353209
3,ensemble_temperature,eval_out,0.8900240384615384,0.5268962412784155,0.5428685897435898,0.48638307449921225
3,ensemble_temperature,eval_out,0.9000400641025641,0.5290451813932784,0.5428685897435898,0.4920988203872691
3,ensemble_temperature,eval_out,0.9100560897435898,0.5304864626898526,0.5428685897435898,0.49768875192604006
3,ensemble_temperature,eval_out,0.9200721153846154,0.5316786414108425,0.5428685897435898,0.5031569780100152
3,ensemble_temperature,eval_out,0.9300881410256411,0.5332758992031015,0.5428685897435898,0.5085074305405988
3,ensemble_temperature,eval_out,0.9401041666666666,0.5339867888344343,0.5428685897435898,0.5137438738546771
3,ensemble_temperature,eval_out,0.9501201923076923,0.5346826902804133,0.5428685897435898,0.5188699135568206
3,ensemble_temperature,eval_out,0.960136217948718,0.5359899853953682,0.5428685897435898,0.5238890047986647
3,ensemble_temperature,eval_out,0.9701522435897436,0.5376832541812926,0.5428685897435898,0.5288044600454264
3,ensemble_temperature,eval_out,0.9801682692307693,0.539546290619252,0.5428685897435898,0.5336194563662375
3,ensemble_temperature,eval_out,0.9901842948717948,0.5409670240744487,0.5428685897435898,0.538337042282015
3,ensemble_temperature,eval_out,1.0,0.5428685897435898,0.5428685897435898,0.5428685897435898
4,mlp,eval_in,0.0002007226013649137,1.0,0.42412685668406264,0.0
4,mlp,eval_in,0.010236852669610599,0.058823529411764705,0.42412685668406264,0.0
4,mlp,eval_in,0.02027298273785628,0.10891089108910891,0.42412685668406264,0.0
4,mlp,eval_in,0.030309112806101966,0.07947019867549669,0.42412685668406264,0.0
4,mlp,eval_in,0.04034524287434765,0.0845771144278607,0.42412685668406264,0.0
4,mlp,eval_in,0.05038137294259334,0.09163346613545817,0.42412685668406264,0.0
4,mlp,eval_in,0.060216780409474105,0.1,0.42412685668406264,0.0
4,mlp,eval_in,0.0702529104777198,0.11714285714285715,0.42412685668406264,0.0
4,mlp,eval_in,0.08028904054596547,0.1225,0.42412685668406264,0.0
4,mlp,eval_in,0.09032517061421116,0.13111111111111112,0.42412685668406264,0.0
4,mlp,eval_in,0.10036130068245684,0.142,0.42412685668406264,0.0
4,mlp,eval_in,0.11019670814933762,0.14754098360655737,0.42412685668406264,0.0
4,mlp,eval_in,0.1202328382175833,0.15025041736227046,0.42412685668406264,0.0
4,mlp,eval_in,0.13026896828582898,0.15716486902927582,0.42412685668406264,0.0
4,mlp,eval_in,0.14030509835407468,0.16022889842632332,0.42412685668406264,0.0
4,mlp,eval_in,0.15034122842232037,0.16822429906542055,0.42412685668406264,0.0
4,mlp,eval_in,0.1601766358892011,0.17167919799498746,0.42412685668406264,0.0
4,mlp,eval_in,0.1702127659574468,0.17806603773584906,0.42412685668406264,0.0
4,mlp,eval_in,0.1802488960256925,0.18485523385300667,0.42412685668406264,0.0
4,mlp,eval_in,0.1902850260939382,0.189873417721519,0.42412685668406264,0.0
4,mlp,eval_in,0.20032115616218385,0.19539078156312625,0.42412685668406264,0.0
4,mlp,eval_in,0.21035728623042954,0.19751908396946566,0.42412685668406264,0.0
4,mlp,eval_in,0.22019269369731032,0.20054694621695535,0.42412685668406264,0.0
4,mlp,eval_in,0.230228823765556,0.2022667829119442,0.42412685668406264,0.0
4,mlp,eval_in,0.2402649538338017,0.2046783625730994,0.42412685668406264,0.0
4,mlp,eval_in,0.25030108390204736,0.2012830793905373,0.42412685668406264,0.0
4,mlp,eval_in,0.2603372139702931,0.20740169622205087,0.42412685668406264,0.0
4,mlp,eval_in,0.2701726214371738,0.21099554234769688,0.42412685668406264,0.0
4,mlp,eval_in,0.2802087515054195,0.2170487106017192,0.42412685668406264,0.0
4,mlp,eval_in,0.2902448815736652,0.22199170124481327,0.42412685668406264,0.0
4,mlp,eval_in,0.3002810116419109,0.2252673796791444,0.42412685668406264,0.0
4,mlp,eval_in,0.31031714171015656,0.2315653298835705,0.42412685668406264,0.0
4,mlp,eval_in,0.32015254917703734,0.23510971786833856,0.42412685668406264,0.0
4,mlp,eval_in,0.330188679245283,0.23708206686930092,0.42412685668406264,0.0
4,mlp,eval_in,0.3402248093135287,0.24542772861356932,0.42412685668406264,0.0
4,mlp,eval_in,0.3502609393817744,0.24584527220630373,0.42412685668406264,0.0
4,mlp,eval_in,0.36029706945002005,0.249025069637883,0.42412685668406264,0.0
4,mlp,eval_in,0.3701324769169008,0.2532537960954447,0.42412685668406264,0.0
4,mlp,eval_in,0.38016860698514654,0.25818373812038015,0.42412685668406264,0.0
4,mlp,eval_in,0.3902047370533922,0.2638888888888889,0.42412685668406264,0.0
4,mlp,eval_in,0.4002408671216379,0.2668004012036108,0.42412685668406264,0.0
4,mlp,eval_in,0.4102769971898836,0.26859099804305286,0.42412685668406264,0.0
4,mlp,eval_in,0.42031312725812925,0.2707736389684814,0.42412685668406264,0.0
4,mlp,eval_in,0.43014853472501,0.2757816145590294,0.42412685668406264,0.0
4,mlp,eval_in,0.44018466479325574,0.2763337893296854,0.42412685668406264,0.0
4,mlp,eval_in,0.4502207948615014,0.2804279982166741,0.42412685668406264,0.0
4,mlp,eval_in,0.46025692492974707,0.28347143480157,0.42412685668406264,0.0
4,mlp,eval_in,0.4702930549979928,0.28681177976952626,0.42412685668406264,0.0
4,mlp,eval_in,0.48012846246487356,0.28804347826086957,0.42412685668406264,0.0
4,mlp,eval_in,0.4901645925331192,0.2927927927927928,0.42412685668406264,0.0
4,mlp,eval_in,0.5002007226013649,0.2929373996789727,0.42412685668406264,0.0
4,mlp,eval_in,0.5102368526696106,0.2970102281667978,0.42412685668406264,0.0
4,mlp,eval_in,0.5202729827378563,0.2962962962962963,0.42412685668406264,0.0
4,mlp,eval_in,0.5301083902047371,0.2983718288527073,0.42412685668406264,0.0
4,mlp,eval_in,0.5401445202729828,0.3013749535488666,0.42412685668406264,0.0
4,mlp,eval_in,0.5501806503412284,0.30280919372491794,0.42412685668406264,0.0
4,mlp,eval_in,0.5602167804094741,0.30526692941597994,0.42412685668406264,0.0
4,mlp,eval_in,0.5702529104777198,0.31045406546990495,0.42412685668406264,0.0
4,mlp,eval_in,0.5800883179446006,0.3134948096885813,0.42412685668406264,0.00726643598615917
4,mlp,eval_in,0.5901244480128462,0.3159863945578231,0.42412685668406264,0.02414965986394558
4,mlp,eval_in,0.6001605780810919,0.3197324414715719,0.42412685668406264,0.04046822742474916
4,mlp,eval_in,0.6101967081493376,0.3223684210526316,0.42412685668406264,0.05625
4,mlp,eval_in,0.6202328382175833,0.3268608414239482,0.42412685668406264,0.0715210355987055
4,mlp,eval_in,0.630268968285829,0.3305732484076433,0.42412685668406264,0.08630573248407643
4,mlp,eval_in,0.6401043757527097,0.33427406710567575,0.42412685668406264,0.10034493571652556
4,mlp,eval_in,0.6501405058209554,0.3371410929299166,0.42412685668406264,0.11423278789749923
4,mlp,eval_in,0.6601766358892012,0.33900881726968685,0.42412685668406264,0.1276983885679538
4,mlp,eval_in,0.6702127659574468,0.3420185684336628,0.42412685668406264,0.14076070679844266
4,mlp,eval_in,0.6802488960256925,0.34375922100914724,0.42412685668406264,0.15343759221009148
4,mlp,eval_in,0.6900843034925732,0.3452588714368819,0.42412685668406264,0.16550319953461315
4,mlp,eval_in,0.700120433560819,0.349197247706422,0.42412685668406264,0.17746559633027523
4,mlp,eval_in,0.7101565636290647,0.35132843414358395,0.42412685668406264,0.18908988128886375
4,mlp,eval_in,0.7201926936973103,0.3539576365663322,0.42412685668406264,0.2003901895206243
4,mlp,eval_in,0.730228823765556,0.35568993952721273,0.42412685668406264,0.2113798790544255
4,mlp,eval_in,0.7400642312324368,0.35882831570382423,0.42412685668406264,0.22186059126661242
4,mlp,eval_in,0.7501003613006825,0.3623227187583623,0.42412685668406264,0.23227187583623227
4,mlp,eval_in,0.7601364913689281,0.36334829680485875,0.42412685668406264,0.24240823871138104
4,mlp,eval_in,0.7701726214371738,0.36591086786551996,0.42412685668406264,0.25228042741725304
4,mlp,eval_in,0.7802087515054195,0.36917931566761,0.42412685668406264,0.26189863648057626
4,mlp,eval_in,0.7900441589723003,0.3716971544715447,0.42412685668406264,0.2710873983739837
4,mlp,eval_in,0.800080289040546,0.3748118414450577,0.42412685668406264,0.2802308078273959
4,mlp,eval_in,0.8101164191087916,0.37933597621407333,0.42412685668406264,0.28914767096134786
4,mlp,eval_in,0.8201525491770373,0.3835046500244738,0.42412685668406264,0.297846304454234
4,mlp,eval_in,0.8301886792452831,0.3861218568665377,0.42412685668406264,0.30633462282398455
4,mlp,eval_in,0.8402248093135287,0.3879598662207358,0.42412685668406264,0.3146201624462494
4,mlp,eval_in,0.8500602167804094,0.3907910271546635,0.42412685668406264,0.32255017709563166
4,mlp,eval_in,0.8600963468486552,0.3927654609101517,0.42412685668406264,0.33045507584597433
4,mlp,eval_in,0.8701324769169009,0.3949250288350634,0.42412685668406264,0.3381776239907728
4,mlp,eval_in,0.8801686069851465,0.3977194982896237,0.42412685668406264,0.34572405929304445
4,mlp,eval_in,0.8902047370533922,0.39977452085682075,0.42412685668406264,0.3531003382187148
4,mlp,eval_in,0.900040144520273,0.40165031222123104,0.42412685668406264,0.3601694915254237
4,mlp,eval_in,0.9100762745885187,0.40449933833259816,0.42412685668406264,0.3672254080282311
4,mlp,eval_in,0.9201124046567644,0.40597731239092494,0.42412685668406264,0.37412739965095987
4,mlp,eval_in,0.93014853472501,0.40699179974104444,0.42412685668406264,0.3808804488562797
4,mlp,eval_in,0.9401846647932557,0.4096925704526046,0.42412685668406264,0.3874893253629377
4,mlp,eval_in,0.9500200722601365,0.41115571519121064,0.42412685668406264,0.393830551447285
4,mlp,eval_in,0.9600562023283822,0.413757056240853,0.42412685668406264,0.400167259042442
4,mlp,eval_in,0.9700923323966278,0.4163045727291537,0.42412685668406264,0.4063728533002276
4,mlp,eval_in,0.9801284624648735,0.41757116526725374,0.42412685668406264,0.41245136186770426
4,mlp,eval_in,0.9901645925331193,0.42063652949523617,0.42412685668406264,0.41840664909791203
4,mlp,eval_in,1.0,0.42412685668406264,0.42412685668406264,0.42412685668406264
4,mlp,eval_out,0.00020032051282051281,1.0,0.5566907051282052,0.0
4,mlp,eval_out,0.010216346153846154,0.3333333333333333,0.5566907051282052,0.0
4,mlp,eval_out,0.020232371794871796,0.3465346534653465,0.5566907051282052,0.0
4,mlp,eval_out,0.030248397435897436,0.32450331125827814,0.5566907051282052,0.0
4,mlp,eval_out,0.04026442307692308,0.3482587064676617,0.5566907051282052,0.0
4,mlp,eval_out,0.05028044871794872,0.35856573705179284,0.5566907051282052,0.0
4,mlp,eval_out,0.06029647435897436,0.3687707641196013,0.5566907051282052,0.0
4,mlp,eval_out,0.0703125,0.3561253561253561,0.5566907051282052,0.0
4,mlp,eval_out,0.08032852564102565,0.3690773067331671,0.5566907051282052,0.0
4,mlp,eval_out,0.09034455128205128,0.37472283813747226,0.5566907051282052,0.0
4,mlp,eval_out,0.10036057692307693,0.3912175648702595,0.5566907051282052,0.0
4,mlp,eval_out,0.11037660256410256,0.38838475499092556,0.5566907051282052,0.0
4,mlp,eval_out,0.1201923076923077,0.395,0.5566907051282052,0.0
4,mlp,eval_out,0.13020833333333334,0.40615384615384614,0.5566907051282052,0.0
4,mlp,eval_out,0.14022435897435898,0.40285714285714286,0.5566907051282052,0.0
4,mlp,eval_out,0.1502403846153846,0.408,0.5566907051282052,0.0
4,mlp,eval_out,0.16025641025641027,0.41375,0.5566907051282052,0.0
4,mlp,eval_out,0.1702724358974359,0.4152941176470588,0.5566907051282052,0.0
4,mlp,eval_out,0.18028846153846154,0.41888888888888887,0.5566907051282052,0.0
4,mlp,eval_out,0.19030448717948717,0.42210526315789476,0.5566907051282052,0.0
4,mlp,eval_out,0.20032051282051283,0.43,0.5566907051282052,0.0
4,mlp,eval_out,0.21033653846153846,0.4342857142857143,0.5566907051282052,0.0
4,mlp,eval_out,0.2203525641025641,0.44,0.5566907051282052,0.0
4,mlp,eval_out,0.23016826923076922,0.44995648389904264,0.5566907051282052,0.0
4,mlp,eval_out,0.24018429487179488,0.44954128440366975,0.5566907051282052,0.0
4,mlp,eval_out,0.25020032051282054,0.44835868694955966,0.5566907051282052,0.0
4,mlp,eval_out,0.26021634615384615,0.4488067744418784,0.5566907051282052,0.0
4,mlp,eval_out,0.2702323717948718,0.4477390659747961,0.5566907051282052,0.0
4,mlp,eval_out,0.2802483974358974,0.4517512508934953,0.5566907051282052,0.0
4,mlp,eval_out,0.2902644230769231,0.4554865424430642,0.5566907051282052,0.0
4,mlp,eval_out,0.30028044871794873,0.4549699799866578,0.5566907051282052,0.0
4,mlp,eval_out,0.31029647435897434,0.45319561007101355,0.5566907051282052,0.0
4,mlp,eval_out,0.3203125,0.45590994371482174,0.5566907051282052,0.0
4,mlp,eval_out,0.33032852564102566,0.45542753183747725,0.5566907051282052,0.0
4,mlp,eval_out,0.3401442307692308,0.4558303886925795,0.5566907051282052,0.0
4,mlp,eval_out,0.3501602564102564,0.459954233409611,0.5566907051282052,0.0
4,mlp,eval_out,0.36017628205128205,0.4582869855394883,0.5566907051282052,0.0
4,mlp,eval_out,0.3701923076923077,0.4594155844155844,0.5566907051282052,0.0
4,mlp,eval_out,0.3802083333333333,0.46259220231822973,0.5566907051282052,0.0
4,mlp,eval_out,0.390224358974359,0.4650924024640657,0.5566907051282052,0.0
4,mlp,eval_out,0.40024038461538464,0.4644644644644645,0.5566907051282052,0.0
4,mlp,eval_out,0.41025641025641024,0.46630859375,0.5566907051282052,0.0
4,mlp,eval_out,0.4202724358974359,0.46758817921830315,0.5566907051282052,0.0
4,mlp,eval_out,0.43028846153846156,0.46787709497206703,0.5566907051282052,0.0
4,mlp,eval_out,0.44030448717948717,0.4708826205641492,0.5566907051282052,0.0
4,mlp,eval_out,0.4501201923076923,0.4753004005340454,0.5566907051282052,0.015131286159323543
4,mlp,eval_out,0.46013621794871795,0.477579451458424,0.5566907051282052,0.03656943839791032
4,mlp,eval_out,0.4701522435897436,0.4806135492117597,0.5566907051282052,0.057094162760971456
4,mlp,eval_out,0.4801682692307692,0.4814351272423863,0.5566907051282052,0.07676261994159365
4,mlp,eval_out,0.4901842948717949,0.4826317940335104,0.5566907051282052,0.09562729873314263
4,mlp,eval_out,0.5002003205128205,0.48338005606728074,0.5566907051282052,0.11373648378053665
4,mlp,eval_out,0.5102163461538461,0.4848841774636828,0.5566907051282052,0.13113466823714173
4,mlp,eval_out,0.5202323717948718,0.4859453215248363,0.5566907051282052,0.14786291875240662
4,mlp,eval_out,0.5302483974358975,0.4884775217227049,0.5566907051282052,0.1639591990933132
4,mlp,eval_out,0.5402644230769231,0.492769744160178,0.5566907051282052,0.17945865776789025
4,mlp,eval_out,0.5502804487179487,0.49217327994175464,0.5566907051282052,0.19439388423734982
4,mlp,eval_out,0.5600961538461539,0.4949928469241774,0.5566907051282052,0.20851216022889843
4,mlp,eval_out,0.5701121794871795,0.4971890372452565,0.5566907051282052,0.2224174279690794
4,mlp,eval_out,0.5801282051282052,0.5006906077348067,0.5566907051282052,0.23584254143646408
4,mlp,eval_out,0.5901442307692307,0.5020366598778004,0.5566907051282052,0.24881194840461643
4,mlp,eval_out,0.6001602564102564,0.503004005340454,0.5566907051282052,0.2613484646194927
4,mlp,eval_out,0.610176282051282,0.5042678923177938,0.5566907051282052,0.27347340774786605
4,mlp,eval_out,0.6201923076923077,0.5054909560723514,0.5566907051282052,0.2852067183462532
4,mlp,eval_out,0.6302083333333334,0.5066751430387794,0.5566907051282052,0.296567069294342
4,mlp,eval_out,0.6402243589743589,0.5075093867334167,0.5566907051282052,0.30757196495619527
4,mlp,eval_out,0.6502403846153846,0.5061614294516328,0.5566907051282052,0.318237831176833
4,mlp,eval_out,0.6602564102564102,0.5075849514563107,0.5566907051282052,0.3285800970873786
4,mlp,eval_out,0.6700721153846154,0.5094170403587444,0.5566907051282052,0.33841554559043346
4,mlp,eval_out,0.6800881410256411,0.5089837997054492,0.5566907051282052,0.34815905743740794
4,mlp,eval_out,0.6901041666666666,0.5100145137880987,0.5566907051282052,0.35761973875181424
4,mlp,eval_out,0.7001201923076923,0.511587982832618,0.5566907051282052,0.36680972818311874
4,mlp,eval_out,0.710136217948718,0.5128349788434414,0.5566907051282052,0.3757404795486601
4,mlp,eval_out,0.7201522435897436,0.5143254520166899,0.5566907051282052,0.38442280945757995
4,mlp,eval_out,0.7301682692307693,0.5163237311385459,0.5566907051282052,0.3928669410150892
4,mlp,eval_out,0.7401842948717948,0.5144790257104195,0.5566907051282052,0.40108254397834914
4,mlp,eval_out,0.7502003205128205,0.5161548731642189,0.5566907051282052,0.40907877169559415
4,mlp,eval_out,0.7602163461538461,0.5180500658761529,0.5566907051282052,0.4168642951251647
4,mlp,eval_out,0.7702323717948718,0.517555266579974,0.5566907051282052,0.4244473342002601
4,mlp,eval_out,0.7800480769230769,0.519517205957884,0.5566907051282052,0.43168977914740625
4,mlp,eval_out,0.7900641025641025,0.52079107505071,0.5566907051282052,0.43889452332657203
4,mlp,eval_out,0.8000801282051282,0.5220330495743616,0.5566907051282052,0.44591887831747623
4,mlp,eval_out,0.8100961538461539,0.5252225519287834,0.5566907051282052,0.4527695351137488
4,mlp,eval_out,0.8201121794871795,0.525647288715193,0.5566907051282052,0.4594528578407425
4,mlp,eval_out,0.8301282051282052,0.527992277992278,0.5566907051282052,0.4659749034749035
4,mlp,eval_out,0.8401442307692307,0.5300429184549357,0.5566907051282052,0.47234144015259893
4,mlp,eval_out,0.8501602564102564,0.5315739868049011,0.5566907051282052,0.4785579641847314
4,mlp,eval_out,0.860176282051282,0.5319049836981835,0.5566907051282052,0.48462971588262693
4,mlp,eval_out,0.8701923076923077,0.5331491712707183,0.5566907051282052,0.49056169429097607
4,mlp,eval_out,0.8802083333333334,0.5345926263086026,0.5566907051282052,0.49635867091488395
4,mlp,eval_out,0.8900240384615384,0.5361242403781229,0.5566907051282052,0.5019131217645735
4,mlp,eval_out,0.9000400641025641,0.5366125083463165,0.5566907051282052,0.5074560427331405
4,mlp,eval_out,0.9100560897435898,0.5384107418005724,0.5566907051282052,0.5128769535549197
4,mlp,eval_out,0.9200721153846154,0.5392989331591552,0.5566907051282052,0.5181798388852602
4,mlp,eval_out,0.9300881410256411,0.541891018737885,0.5566907051282052,0.5233685117381004
4,mlp,eval_out,0.9401041666666666,0.5440017046665246,0.5566907051282052,0.5284466226294481
4,mlp,eval_out,0.9501201923076923,0.5458570524984188,0.5566907051282052,0.5334176681425258
4,mlp,eval_out,0.960136217948718,0.5489255163780513,0.5566907051282052,0.538284998956812
4,mlp,eval_out,0.9701522435897436,0.5513111707619244,0.5566907051282052,0.5430518273797234
4,mlp,eval_out,0.9801682692307693,0.5532393214796648,0.5566907051282052,0.5477212344165134
4,mlp,eval_out,0.9901842948717948,0.5539146267448918,0.5566907051282052,0.5522961764110864
4,mlp,eval_out,1.0,0.5566907051282052,0.5566907051282052,0.5566907051282052
4,mlp_temperature,eval_in,0.0002007226013649137,1.0,0.42412685668406264,0.0
4,mlp_temperature,eval_in,0.010236852669610599,0.058823529411764705,0.42412685668406264,0.0
4,mlp_temperature,eval_in,0.02027298273785628,0.10891089108910891,0.42412685668406264,0.0
4,mlp_temperature,eval_in,0.030309112806101966,0.07947019867549669,0.42412685668406264,0.0
4,mlp_temperature,eval_in,0.04034524287434765,0.07960199004975124,0.42412685668406264,0.0
4,mlp_temperature,eval_in,0.05038137294259334,0.09163346613545817,0.42412685668406264,0.0
4,mlp_temperature,eval_in,0.060216780409474105,0.1,0.42412685668406264,0.0
4,mlp_temperature,eval_in,0.0702529104777198,0.11142857142857143,0.42412685668406264,0.0
4,mlp_temperature,eval_in,0.08028904054596547,0.125,0.42412685668406264,0.0
4,mlp_temperature,eval_in,0.09032517061421116,0.1288888888888889,0.42412685668406264,0.0
4,mlp_temperature,eval_in,0.10036130068245684,0.142,0.42412685668406264,0.0
4,mlp_temperature,eval_in,0.11019670814933762,0.14754098360655737,0.42412685668406264,0.0
4,mlp_temperature,eval_in,0.1202328382175833,0.14691151919866444,0.42412685668406264,0.0
4,mlp_temperature,eval_in,0.13026896828582898,0.15408320493066255,0.42412685668406264,0.0
4,mlp_temperature,eval_in,0.14030509835407468,0.1630901287553648,0.42412685668406264,0.0
4,mlp_temperature,eval_in,0.15034122842232037,0.16822429906542055,0.42412685668406264,0.0
4,mlp_temperature,eval_in,0.1601766358892011,0.17293233082706766,0.42412685668406264,0.0
4,mlp_temperature,eval_in,0.1702127659574468,0.1792452830188679,0.42412685668406264,0.0
4,mlp_temperature,eval_in,0.1802488960256925,0.18485523385300667,0.42412685668406264,0.0
4,mlp_temperature,eval_in,0.1902850260939382,0.18881856540084388,0.42412685668406264,0.0
4,mlp_temperature,eval_in,0.20032115616218385,0.19138276553106212,0.42412685668406264,0.0
4,mlp_temperature,eval_in,0.21035728623042954,0.19274809160305342,0.42412685668406264,0.0
4,mlp_temperature,eval_in,0.22019269369731032,0.20054694621695535,0.42412685668406264,0.0
4,mlp_temperature,eval_in,0.230228823765556,0.2040104620749782,0.42412685668406264,0.0
4,mlp_temperature,eval_in,0.2402649538338017,0.20384294068504594,0.42412685668406264,0.0
4,mlp_temperature,eval_in,0.25030108390204736,0.2028869286287089,0.42412685668406264,0.0
4,mlp_temperature,eval_in,0.2603372139702931,0.20431765612952968,0.42412685668406264,0.0
4,mlp_temperature,eval_in,0.2701726214371738,0.2087667161961367,0.42412685668406264,0.0
4,mlp_temperature,eval_in,0.2802087515054195,0.2148997134670487,0.42412685668406264,0.0
4,mlp_temperature,eval_in,0.2902448815736652,0.21922544951590595,0.42412685668406264,0.0
4,mlp_temperature,eval_in,0.3002810116419109,0.22727272727272727,0.42412685668406264,0.0
4,mlp_temperature,eval_in,0.31031714171015656,0.23027166882276842,0.42412685668406264,0.0
4,mlp_temperature,eval_in,0.32015254917703734,0.23573667711598745,0.42412685668406264,0.0
4,mlp_temperature,eval_in,0.330188679245283,0.23890577507598784,0.42412685668406264,0.0
4,mlp_temperature,eval_in,0.3402248093135287,0.2424778761061947,0.42412685668406264,0.0
4,mlp_temperature,eval_in,0.3502609393817744,0.24699140401146133,0.42412685668406264,0.0
4,mlp_temperature,eval_in,0.36029706945002005,0.24958217270194985,0.42412685668406264,0.0
4,mlp_temperature,eval_in,0.3701324769169008,0.25108459869848154,0.42412685668406264,0.0
4,mlp_temperature,eval_in,0.38016860698514654,0.2555438225976769,0.42412685668406264,0.0
4,mlp_temperature,eval_in,0.3902047370533922,0.25823045267489714,0.42412685668406264,0.0
4,mlp_temperature,eval_in,0.4002408671216379,0.2632898696088265,0.42412685668406264,0.0
4,mlp_temperature,eval_in,0.4102769971898836,0.26761252446183953,0.42412685668406264,0.0
4,mlp_temperature,eval_in,0.42031312725812925,0.2717287488061127,0.42412685668406264,0.0
4,mlp_temperature,eval_in,0.43014853472501,0.2753149790013999,0.42412685668406264,0.0
4,mlp_temperature,eval_in,0.44018466479325574,0.275421796625627,0.42412685668406264,0.0
4,mlp_temperature,eval_in,0.4502207948615014,0.27819884083816315,0.42412685668406264,0.0
4,mlp_temperature,eval_in,0.46025692492974707,0.2821631051024858,0.42412685668406264,0.0
4,mlp_temperature,eval_in,0.4702930549979928,0.28297055057618437,0.42412685668406264,0.0
4,mlp_temperature,eval_in,0.48012846246487356,0.286371237458194,0.42412685668406264,0.0
4,mlp_temperature,eval_in,0.4901645925331192,0.2895167895167895,0.42412685668406264,0.0
4,mlp_temperature,eval_in,0.5002007226013649,0.29213483146067415,0.42412685668406264,0.0
4,mlp_temperature,eval_in,0.5102368526696106,0.2930763178599528,0.42412685668406264,0.0
4,mlp_temperature,eval_in,0.5202729827378563,0.2970679012345679,0.42412685668406264,0.0
4,mlp_temperature,eval_in,0.5301083902047371,0.2976145399469898,0.42412685668406264,0.0
4,mlp_temperature,eval_in,0.5401445202729828,0.2987736900780379,0.42412685668406264,0.0
4,mlp_temperature,eval_in,0.5501806503412284,0.30171470266326156,0.42412685668406264,0.0
4,mlp_temperature,eval_in,0.5602167804094741,0.3059835184521677,0.42412685668406264,0.0
4,mlp_temperature,eval_in,0.5702529104777198,0.3108060542062654,0.42412685668406264,0.0
4,mlp_temperature,eval_in,0.5800883179446006,0.3134948096885813,0.42412685668406264,0.00726643598615917
4,mlp_temperature,eval_in,0.5901244480128462,0.31802721088435376,0.42412685668406264,0.02414965986394558
4,mlp_temperature,eval_in,0.6001605780810919,0.3210702341137124,0.42412685668406264,0.04046822742474916
4,mlp_temperature,eval_in,0.6101967081493376,0.3236842105263158,0.42412685668406264,0.05625
4,mlp_temperature,eval_in,0.6202328382175833,0.3275080906148867,0.42412685668406264,0.0715210355987055
4,mlp_temperature,eval_in,0.630268968285829,0.32961783439490444,0.42412685668406264,0.08630573248407643
4,mlp_temperature,eval_in,0.6401043757527097,0.33239259956099093,0.42412685668406264,0.10034493571652556
4,mlp_temperature,eval_in,0.6501405058209554,0.3359061438715653,0.42412685668406264,0.11423278789749923
4,mlp_temperature,eval_in,0.6601766358892012,0.33809668592277287,0.42412685668406264,0.1276983885679538
4,mlp_temperature,eval_in,0.6702127659574468,0.34052111410601976,0.42412685668406264,0.14076070679844266
4,mlp_temperature,eval_in,0.6802488960256925,0.34375922100914724,0.42412685668406264,0.15343759221009148
4,mlp_temperature,eval_in,0.6900843034925732,0.3461314717859221,0.42412685668406264,0.16550319953461315
4,mlp_temperature,eval_in,0.700120433560819,0.3483371559633027,0.42412685668406264,0.17746559633027523
4,mlp_temperature,eval_in,0.7101565636290647,0.3510457885811193,0.42412685668406264,0.18908988128886375
4,mlp_temperature,eval_in,0.7201926936973103,0.3528428093645485,0.42412685668406264,0.2003901895206243
4,mlp_temperature,eval_in,0.730228823765556,0.3562396921385377,0.42412685668406264,0.2113798790544255
4,mlp_temperature,eval_in,0.7400642312324368,0.35774342283699484,0.42412685668406264,0.22186059126661242
4,mlp_temperature,eval_in,0.7501003613006825,0.3612523414503612,0.42412685668406264,0.23227187583623227
4,mlp_temperature,eval_in,0.7601364913689281,0.3630842355426459,0.42412685668406264,0.24240823871138104
4,mlp_temperature,eval_in,0.7701726214371738,0.3661714881417774,0.42412685668406264,0.25228042741725304
4,mlp_temperature,eval_in,0.7802087515054195,0.368150244404425,0.42412685668406264,0.26189863648057626
4,mlp_temperature,eval_in,0.7900441589723003,0.3719512195121951,0.42412685668406264,0.2710873983739837
4,mlp_temperature,eval_in,0.800080289040546,0.3753135975915705,0.42412685668406264,0.2802308078273959
4,mlp_temperature,eval_in,0.8101164191087916,0.37809712586719524,0.42412685668406264,0.28914767096134786
4,mlp_temperature,eval_in,0.8201525491770373,0.3820362212432697,0.42412685668406264,0.297846304454234
4,mlp_temperature,eval_in,0.8301886792452831,0.3851547388781431,0.42412685668406264,0.30633462282398455
4,mlp_temperature,eval_in,0.8402248093135287,0.3879598662207358,0.42412685668406264,0.3146201624462494
4,mlp_temperature,eval_in,0.8500602167804094,0.39055489964580875,0.42412685668406264,0.32255017709563166
4,mlp_temperature,eval_in,0.8600963468486552,0.39346557759626605,0.42412685668406264,0.33045507584597433
4,mlp_temperature,eval_in,0.8701324769169009,0.3953863898500577,0.42412685668406264,0.3381776239907728
4,mlp_temperature,eval_in,0.8801686069851465,0.3977194982896237,0.42412685668406264,0.34572405929304445
4,mlp_temperature,eval_in,0.8902047370533922,0.40022547914317924,0.42412685668406264,0.3531003382187148
4,mlp_temperature,eval_in,0.900040144520273,0.40187332738626225,0.42412685668406264,0.3601694915254237
4,mlp_temperature,eval_in,0.9100762745885187,0.40405822673136305,0.42412685668406264,0.3672254080282311
4,mlp_temperature,eval_in,0.9201124046567644,0.406195462478185,0.42412685668406264,0.37412739965095987
4,mlp_temperature,eval_in,0.93014853472501,0.407639188605956,0.42412685668406264,0.3808804488562797
4,mlp_temperature,eval_in,0.9401846647932557,0.4101195559350982,0.42412685668406264,0.3874893253629377
4,mlp_temperature,eval_in,0.9500200722601365,0.41115571519121064,0.42412685668406264,0.393830551447285
4,mlp_temperature,eval_in,0.9600562023283822,0.4139661300439055,0.42412685668406264,0.400167259042442
4,mlp_temperature,eval_in,0.9700923323966278,0.4158907510862818,0.42412685668406264,0.4063728533002276
4,mlp_temperature,eval_in,0.9801284624648735,0.4177759574032357,0.42412685668406264,0.41245136186770426
4,mlp_temperature,eval_in,0.9901645925331193,0.4208392458949929,0.42412685668406264,0.41840664909791203
4,mlp_temperature,eval_in,1.0,0.42412685668406264,0.42412685668406264,0.42412685668406264
4,mlp_temperature,eval_out,0.00020032051282051281,1.0,0.5566907051282052,0.0
4,mlp_temperature,eval_out,0.010216346153846154,0.35294117647058826,0.5566907051282052,0.0
4,mlp_temperature,eval_out,0.020232371794871796,0.3465346534653465,0.5566907051282052,0.0
4,mlp_temperature,eval_out,0.030248397435897436,0.33112582781456956,0.5566907051282052,0.0
4,mlp_temperature,eval_out,0.04026442307692308,0.3482587064676617,0.5566907051282052,0.0
4,mlp_temperature,eval_out,0.05028044871794872,0.3545816733067729,0.5566907051282052,0.0
4,mlp_temperature,eval_out,0.06029647435897436,0.3654485049833887,0.5566907051282052,0.0
4,mlp_temperature,eval_out,0.0703125,0.358974358974359,0.5566907051282052,0.0
4,mlp_temperature,eval_out,0.08032852564102565,0.3740648379052369,0.5566907051282052,0.0
4,mlp_temperature,eval_out,0.09034455128205128,0.37915742793791574,0.5566907051282052,0.0
4,mlp_temperature,eval_out,0.10036057692307693,0.3852295409181637,0.5566907051282052,0.0
4,mlp_temperature,eval_out,0.11037660256410256,0.38656987295825773,0.5566907051282052,0.0
4,mlp_temperature,eval_out,0.1201923076923077,0.3983333333333333,0.5566907051282052,0.0
4,mlp_temperature,eval_out,0.13020833333333334,0.4076923076923077,0.5566907051282052,0.0
4,mlp_temperature,eval_out,0.14022435897435898,0.40285714285714286,0.5566907051282052,0.0
4,mlp_temperature,eval_out,0.1502403846153846,0.4053333333333333,0.5566907051282052,0.0
4,mlp_temperature,eval_out,0.16025641025641027,0.41125,0.5566907051282052,0.0
4,mlp_temperature,eval_out,0.1702724358974359,0.41294117647058826,0.5566907051282052,0.0
4,mlp_temperature,eval_out,0.18028846153846154,0.4177777777777778,0.5566907051282052,0.0
4,mlp_temperature,eval_out,0.19030448717948717,0.42210526315789476,0.5566907051282052,0.0
4,mlp_temperature,eval_out,0.20032051282051283,0.428,0.5566907051282052,0.0
4,mlp_temperature,eval_out,0.21033653846153846,0.43333333333333335,0.5566907051282052,0.0
4,mlp_temperature,eval_out,0.2203525641025641,0.4409090909090909,0.5566907051282052,0.0
4,mlp_temperature,eval_out,0.23016826923076922,0.44734551784160137,0.5566907051282052,0.0
4,mlp_temperature,eval_out,0.24018429487179488,0.44954128440366975,0.5566907051282052,0.0
4,mlp_temperature,eval_out,0.25020032051282054,0.44835868694955966,0.5566907051282052,0.0
4,mlp_temperature,eval_out,0.26021634615384615,0.4426481909160893,0.5566907051282052,0.0
4,mlp_temperature,eval_out,0.2702323717948718,0.44699777613046704,0.5566907051282052,0.0
4,mlp_temperature,eval_out,0.2802483974358974,0.451036454610436,0.5566907051282052,0.0
4,mlp_temperature,eval_out,0.2902644230769231,0.453416149068323,0.5566907051282052,0.0
4,mlp_temperature,eval_out,0.30028044871794873,0.4549699799866578,0.5566907051282052,0.0
4,mlp_temperature,eval_out,0.31029647435897434,0.45448676565526147,0.5566907051282052,0.0
4,mlp_temperature,eval_out,0.3203125,0.4540337711069418,0.5566907051282052,0.0
4,mlp_temperature,eval_out,0.33032852564102566,0.45482110369921164,0.5566907051282052,0.0
4,mlp_temperature,eval_out,0.3401442307692308,0.4581861012956419,0.5566907051282052,0.0
4,mlp_temperature,eval_out,0.3501602564102564,0.4588100686498856,0.5566907051282052,0.0
4,mlp_temperature,eval_out,0.36017628205128205,0.45773081201334814,0.5566907051282052,0.0
4,mlp_temperature,eval_out,0.3701923076923077,0.4594155844155844,0.5566907051282052,0.0
4,mlp_temperature,eval_out,0.3802083333333333,0.46048472075869334,0.5566907051282052,0.0
4,mlp_temperature,eval_out,0.390224358974359,0.46303901437371664,0.5566907051282052,0.0
4,mlp_temperature,eval_out,0.40024038461538464,0.464964964964965,0.5566907051282052,0.0
4,mlp_temperature,eval_out,0.41025641025641024,0.46728515625,0.5566907051282052,0.0
4,mlp_temperature,eval_out,0.4202724358974359,0.4699714013346044,0.5566907051282052,0.0
4,mlp_temperature,eval_out,0.43028846153846156,0.47067039106145253,0.5566907051282052,0.0
4,mlp_temperature,eval_out,0.44030448717948717,0.4713375796178344,0.5566907051282052,0.0
4,mlp_temperature,eval_out,0.4501201923076923,0.4739652870493992,0.5566907051282052,0.015131286159323543
4,mlp_temperature,eval_out,0.46013621794871795,0.4767087505441881,0.5566907051282052,0.03656943839791032
4,mlp_temperature,eval_out,0.4701522435897436,0.478057094162761,0.5566907051282052,0.057094162760971456
4,mlp_temperature,eval_out,0.4801682692307692,0.48018356278681684,0.5566907051282052,0.07676261994159365
4,mlp_temperature,eval_out,0.4901842948717949,0.4818144666939109,0.5566907051282052,0.09562729873314263
4,mlp_temperature,eval_out,0.5002003205128205,0.48257909491389667,0.5566907051282052,0.11373648378053665
4,mlp_temperature,eval_out,0.5102163461538461,0.4840989399293286,0.5566907051282052,0.13113466823714173
4,mlp_temperature,eval_out,0.5202323717948718,0.4855602618405853,0.5566907051282052,0.14786291875240662
4,mlp_temperature,eval_out,0.5302483974358975,0.4865885908575746,0.5566907051282052,0.1639591990933132
4,mlp_temperature,eval_out,0.5402644230769231,0.4886911383018168,0.5566907051282052,0.17945865776789025
4,mlp_temperature,eval_out,0.5502804487179487,0.4918092464506735,0.5566907051282052,0.19439388423734982
4,mlp_temperature,eval_out,0.5600961538461539,0.4949928469241774,0.5566907051282052,0.20851216022889843
4,mlp_temperature,eval_out,0.5701121794871795,0.4961349262122277,0.5566907051282052,0.2224174279690794
4,mlp_temperature,eval_out,0.5801282051282052,0.5,0.5566907051282052,0.23584254143646408
4,mlp_temperature,eval_out,0.5901442307692307,0.5027155465037338,0.5566907051282052,0.24881194840461643
4,mlp_temperature,eval_out,0.6001602564102564,0.5053404539385847,0.5566907051282052,0.2613484646194927
4,mlp_temperature,eval_out,0.610176282051282,0.504924491135916,0.5566907051282052,0.27347340774786605
4,mlp_temperature,eval_out,0.6201923076923077,0.5048449612403101,0.5566907051282052,0.2852067183462532
4,mlp_temperature,eval_out,0.6302083333333334,0.5060394151303242,0.5566907051282052,0.296567069294342
4,mlp_temperature,eval_out,0.6402243589743589,0.5050062578222778,0.5566907051282052,0.30757196495619527
4,mlp_temperature,eval_out,0.6502403846153846,0.5058533579790512,0.5566907051282052,0.318237831176833
4,mlp_temperature,eval_out,0.6602564102564102,0.506371359223301,0.5566907051282052,0.3285800970873786
4,mlp_temperature,eval_out,0.6700721153846154,0.5088191330343796,0.5566907051282052,0.33841554559043346
4,mlp_temperature,eval_out,0.6800881410256411,0.5089837997054492,0.5566907051282052,0.34815905743740794
4,mlp_temperature,eval_out,0.6901041666666666,0.511465892597968,0.5566907051282052,0.35761973875181424
4,mlp_temperature,eval_out,0.7001201923076923,0.5130185979971388,0.5566907051282052,0.36680972818311874
4,mlp_temperature,eval_out,0.710136217948718,0.5148095909732017,0.5566907051282052,0.3757404795486601
4,mlp_temperature,eval_out,0.7201522435897436,0.5140472878998609,0.5566907051282052,0.38442280945757995
4,mlp_temperature,eval_out,0.7301682692307693,0.5152263374485597,0.5566907051282052,0.3928669410150892
4,mlp_temperature,eval_out,0.7401842948717948,0.5142083897158322,0.5566907051282052,0.40108254397834914
4,mlp_temperature,eval_out,0.7502003205128205,0.5142857142857142,0.5566907051282052,0.40907877169559415
4,mlp_temperature,eval_out,0.7602163461538461,0.5172595520421608,0.5566907051282052,0.4168642951251647
4,mlp_temperature,eval_out,0.7702323717948718,0.5180754226267881,0.5566907051282052,0.4244473342002601
4,mlp_temperature,eval_out,0.7800480769230769,0.5202876219825372,0.5566907051282052,0.43168977914740625
4,mlp_temperature,eval_out,0.7900641025641025,0.5212981744421906,0.5566907051282052,0.43889452332657203
4,mlp_temperature,eval_out,0.8000801282051282,0.5217826740110165,0.5566907051282052,0.44591887831747623
4,mlp_temperature,eval_out,0.8100961538461539,0.5234915924826904,0.5566907051282052,0.4527695351137488
4,mlp_temperature,eval_out,0.8201121794871795,0.5261358085002442,0.5566907051282052,0.4594528578407425
4,mlp_temperature,eval_out,0.8301282051282052,0.5287162162162162,0.5566907051282052,0.4659749034749035
4,mlp_temperature,eval_out,0.8401442307692307,0.5300429184549357,0.5566907051282052,0.47234144015259893
4,mlp_temperature,eval_out,0.8501602564102564,0.5303958529688972,0.5566907051282052,0.4785579641847314
4,mlp_temperature,eval_out,0.860176282051282,0.5323707498835585,0.5566907051282052,0.48462971588262693
4,mlp_temperature,eval_out,0.8701923076923077,0.5326887661141805,0.5566907051282052,0.49056169429097607
4,mlp_temperature,eval_out,0.8802083333333334,0.5332271279016841,0.5566907051282052,0.49635867091488395
4,mlp_temperature,eval_out,0.8900240384615384,0.5349988746342561,0.5566907051282052,0.5019131217645735
4,mlp_temperature,eval_out,0.9000400641025641,0.5370576452259069,0.5566907051282052,0.5074560427331405
4,mlp_temperature,eval_out,0.9100560897435898,0.538630860664759,0.5566907051282052,0.5128769535549197
4,mlp_temperature,eval_out,0.9200721153846154,0.539734378401916,0.5566907051282052,0.5181798388852602
4,mlp_temperature,eval_out,0.9300881410256411,0.541891018737885,0.5566907051282052,0.5233685117381004
4,mlp_temperature,eval_out,0.9401041666666666,0.5446409546132538,0.5566907051282052,0.5284466226294481
4,mlp_temperature,eval_out,0.9501201923076923,0.5462787265443811,0.5566907051282052,0.5334176681425258
4,mlp_temperature,eval_out,0.960136217948718,0.5489255163780513,0.5566907051282052,0.538284998956812
4,mlp_temperature,eval_out,0.9701522435897436,0.5515176543464795,0.5566907051282052,0.5430518273797234
4,mlp_temperature,eval_out,0.9801682692307693,0.5530349478847333,0.5566907051282052,0.5477212344165134
4,mlp_temperature,eval_out,0.9901842948717948,0.5535100141614404,0.5566907051282052,0.5522961764110864
4,mlp_temperature,eval_out,1.0,0.5566907051282052,0.5566907051282052,0.5566907051282052
4,ensemble,eval_in,0.0002007226013649137,0.0,0.41509433962264153,0.0
4,ensemble,eval_in,0.010236852669610599,0.0784313725490196,0.41509433962264153,0.0
4,ensemble,eval_in,0.02027298273785628,0.0891089108910891,0.41509433962264153,0.0
4,ensemble,eval_in,0.030309112806101966,0.0728476821192053,0.41509433962264153,0.0
4,ensemble,eval_in,0.04034524287434765,0.07462686567164178,0.41509433962264153,0.0
4,ensemble,eval_in,0.05038137294259334,0.08366533864541832,0.41509433962264153,0.0
4,ensemble,eval_in,0.060216780409474105,0.09666666666666666,0.41509433962264153,0.0
4,ensemble,eval_in,0.0702529104777198,0.10857142857142857,0.41509433962264153,0.0
4,ensemble,eval_in,0.08028904054596547,0.11,0.41509433962264153,0.0
4,ensemble,eval_in,0.09032517061421116,0.11777777777777777,0.41509433962264153,0.0
4,ensemble,eval_in,0.10036130068245684,0.13,0.41509433962264153,0.0
4,ensemble,eval_in,0.11019670814933762,0.13296903460837886,0.41509433962264153,0.0
4,ensemble,eval_in,0.1202328382175833,0.13856427378964942,0.41509433962264153,0.0
4,ensemble,eval_in,0.13026896828582898,0.1386748844375963,0.41509433962264153,0.0
4,ensemble,eval_in,0.14030509835407468,0.1459227467811159,0.41509433962264153,0.0
4,ensemble,eval_in,0.15034122842232037,0.1548731642189586,0.41509433962264153,0.0
4,ensemble,eval_in,0.1601766358892011,0.16040100250626566,0.41509433962264153,0.0
4,ensemble,eval_in,0.1702127659574468,0.16037735849056603,0.41509433962264153,0.0
4,ensemble,eval_in,0.1802488960256925,0.17037861915367483,0.41509433962264153,0.0
4,ensemble,eval_in,0.1902850260939382,0.1729957805907173,0.41509433962264153,0.0
4,ensemble,eval_in,0.20032115616218385,0.17835671342685372,0.41509433962264153,0.0
4,ensemble,eval_in,0.21035728623042954,0.1803435114503817,0.41509433962264153,0.0
4,ensemble,eval_in,0.22019269369731032,0.18413855970829535,0.41509433962264153,0.0
4,ensemble,eval_in,0.230228823765556,0.1857018308631212,0.41509433962264153,0.0
4,ensemble,eval_in,0.2402649538338017,0.19131161236424393,0.41509433962264153,0.0
4,ensemble,eval_in,0.25030108390204736,0.19566960705693665,0.41509433962264153,0.0
4,ensemble,eval_in,0.2603372139702931,0.19892058596761758,0.41509433962264153,0.0
4,ensemble,eval_in,0.2701726214371738,0.20282317979197623,0.41509433962264153,0.0
4,ensemble,eval_in,0.2802087515054195,0.2034383954154728,0.41509433962264153,0.0
4,ensemble,eval_in,0.2902448815736652,0.21507607192254496,0.41509433962264153,0.0
4,ensemble,eval_in,0.3002810116419109,0.22192513368983957,0.41509433962264153,0.0
4,ensemble,eval_in,0.31031714171015656,0.2257438551099612,0.41509433962264153,0.0
4,ensemble,eval_in,0.32015254917703734,0.23009404388714733,0.41509433962264153,0.0
4,ensemble,eval_in,0.330188679245283,0.23404255319148937,0.41509433962264153,0.0
4,ensemble,eval_in,0.3402248093135287,0.2359882005899705,0.41509433962264153,0.0
4,ensemble,eval_in,0.3502609393817744,0.23839541547277937,0.41509433962264153,0.0
4,ensemble,eval_in,0.36029706945002005,0.24233983286908078,0.41509433962264153,0.0
4,ensemble,eval_in,0.3701324769169008,0.2478308026030369,0.41509433962264153,0.0
4,ensemble,eval_in,0.38016860698514654,0.24973600844772967,0.41509433962264153,0.0
4,ensemble,eval_in,0.3902047370533922,0.2525720164609053,0.41509433962264153,0.0
4,ensemble,eval_in,0.4002408671216379,0.25727181544633904,0.41509433962264153,0.0
4,ensemble,eval_in,0.4102769971898836,0.26125244618395305,0.41509433962264153,0.0
4,ensemble,eval_in,0.42031312725812925,0.2626552053486151,0.41509433962264153,0.0
4,ensemble,eval_in,0.43014853472501,0.2655156322911806,0.41509433962264153,0.0
4,ensemble,eval_in,0.44018466479325574,0.26766985864113085,0.41509433962264153,0.0
4,ensemble,eval_in,0.4502207948615014,0.2724030316540348,0.41509433962264153,0.0
4,ensemble,eval_in,0.46025692492974707,0.2760575665067597,0.41509433962264153,0.0
4,ensemble,eval_in,0.4702930549979928,0.2782757148954332,0.41509433962264153,0.0
4,ensemble,eval_in,0.48012846246487356,0.2792642140468227,0.41509433962264153,0.0
4,ensemble,eval_in,0.4901645925331192,0.27927927927927926,0.41509433962264153,0.0
4,ensemble,eval_in,0.5002007226013649,0.2821027287319422,0.41509433962264153,0.0
4,ensemble,eval_in,0.5102368526696106,0.2844217151848938,0.41509433962264153,0.0
4,ensemble,eval_in,0.5202729827378563,0.28858024691358025,0.41509433962264153,0.0
4,ensemble,eval_in,0.5301083902047371,0.290798939795532,0.41509433962264153,0.0
4,ensemble,eval_in,0.5401445202729828,0.2961724266072092,0.41509433962264153,0.0
4,ensemble,eval_in,0.5501806503412284,0.30062021160160524,0.41509433962264153,0.0
4,ensemble,eval_in,0.5602167804094741,0.3056252239340738,0.41509433962264153,0.0
4,ensemble,eval_in,0.5702529104777198,0.3079901443153819,0.41509433962264153,0.0
4,ensemble,eval_in,0.5800883179446006,0.3096885813148789,0.41509433962264153,0.0
4,ensemble,eval_in,0.5901244480128462,0.31020408163265306,0.41509433962264153,0.008843537414965987
4,ensemble,eval_in,0.6001605780810919,0.31337792642140466,0.41509433962264153,0.025418060200668897
4,ensemble,eval_in,0.6101967081493376,0.31644736842105264,0.41509433962264153,0.04144736842105263
4,ensemble,eval_in,0.6202328382175833,0.31974110032362457,0.41509433962264153,0.056957928802589
4,ensemble,eval_in,0.630268968285829,0.3203821656050955,0.41509433962264153,0.07197452229299363
4,ensemble,eval_in,0.6401043757527097,0.32267168391345247,0.41509433962264153,0.08623392913138915
4,ensemble,eval_in,0.6501405058209554,0.32602655140475456,0.41509433962264153,0.10033961099104662
4,ensemble,eval_in,0.6601766358892012,0.3277591973244147,0.41509433962264153,0.11401641836424445
4,ensemble,eval_in,0.6702127659574468,0.3303384246780473,0.41509433962264153,0.12728361784965558
4,ensemble,eval_in,0.6802488960256925,0.3322514015933904,0.41509433962264153,0.14015933903806432
4,ensemble,eval_in,0.6900843034925732,0.3368237347294939,0.41509433962264153,0.15241419429901104
4,ensemble,eval_in,0.700120433560819,0.33772935779816515,0.41509433962264153,0.16456422018348624
4,ensemble,eval_in,0.7101565636290647,0.3411531938948559,0.41509433962264153,0.17637083097795364
4,ensemble,eval_in,0.7201926936973103,0.34448160535117056,0.41509433962264153,0.1878483835005574
4,ensemble,eval_in,0.730228823765556,0.34551951621770205,0.41509433962264153,0.19901044529961517
4,ensemble,eval_in,0.7400642312324368,0.34960672633577433,0.41509433962264153,0.20965554651478166
4,ensemble,eval_in,0.7501003613006825,0.3526893229863527,0.41509433962264153,0.22023013112122022
4,ensemble,eval_in,0.7601364913689281,0.35569052020068653,0.41509433962264153,0.23052548191180353
4,ensemble,eval_in,0.7701726214371738,0.3586135001303101,0.41509433962264153,0.24055251498566588
4,ensemble,eval_in,0.7802087515054195,0.36197581682531516,0.41509433962264153,0.2503215847697453
4,ensemble,eval_in,0.7900441589723003,0.3648373983739837,0.41509433962264153,0.25965447154471544
4,ensemble,eval_in,0.800080289040546,0.36753637732062217,0.41509433962264153,0.268941294530858
4,ensemble,eval_in,0.8101164191087916,0.3684340931615461,0.41509433962264153,0.277998017839445
4,ensemble,eval_in,0.8201525491770373,0.37053352912383747,0.41509433962264153,0.2868330885952031
4,ensemble,eval_in,0.8301886792452831,0.3725822050290135,0.41509433962264153,0.29545454545454547
4,ensemble,eval_in,0.8402248093135287,0.3752986144290492,0.41509433962264153,0.30387004300047776
4,ensemble,eval_in,0.8500602167804094,0.3785123966942149,0.41509433962264153,0.31192443919716645
4,ensemble,eval_in,0.8600963468486552,0.3792298716452742,0.41509433962264153,0.31995332555425904
4,ensemble,eval_in,0.8701324769169009,0.382237600922722,0.41509433962264153,0.32779700115340255
4,ensemble,eval_in,0.8801686069851465,0.3844925883694413,0.41509433962264153,0.3354618015963512
4,ensemble,eval_in,0.8902047370533922,0.38669673055242393,0.41509433962264153,0.34295377677564826
4,ensemble,eval_in,0.900040144520273,0.38849241748438895,0.41509433962264153,0.35013380909901876
4,ensemble,eval_in,0.9100762745885187,0.39082487869430965,0.41509433962264153,0.35730039700044114
4,ensemble,eval_in,0.9201124046567644,0.39397905759162305,0.41509433962264153,0.3643106457242583
4,ensemble,eval_in,0.93014853472501,0.3983599482088908,0.41509433962264153,0.37116961588260683
4,ensemble,eval_in,0.9401846647932557,0.40029888983774553,0.41509433962264153,0.3778821520068318
4,ensemble,eval_in,0.9500200722601365,0.4020705683498838,0.41509433962264153,0.38432283963659414
4,ensemble,eval_in,0.9600562023283822,0.4047668827095965,0.41509433962264153,0.3907589379050805
4,ensemble,eval_in,0.9700923323966278,0.4074074074074074,0.41509433962264153,0.39706186633560936
4,ensemble,eval_in,0.9801284624648735,0.4106082326438665,0.41509433962264153,0.40323571574851524
4,ensemble,eval_in,0.9901645925331193,0.41313602270423677,0.41509433962264153,0.4092844111088587
4,ensemble,eval_in,1.0,0.41509433962264153,0.41509433962264153,0.41509433962264153
4,ensemble,eval_out,0.00020032051282051281,1.0,0.5484775641025641,0.0
4,ensemble,eval_out,0.010216346153846154,0.17647058823529413,0.5484775641025641,0.0
4,ensemble,eval_out,0.020232371794871796,0.27722772277227725,0.5484775641025641,0.0
4,ensemble,eval_out,0.030248397435897436,0.2980132450331126,0.5484775641025641,0.0
4,ensemble,eval_out,0.04026442307692308,0.2935323383084577,0.5484775641025641,0.0
4,ensemble,eval_out,0.05028044871794872,0.3187250996015936,0.5484775641025641,0.0
4,ensemble,eval_out,0.06029647435897436,0.3289036544850498,0.5484775641025641,0.0
4,ensemble,eval_out,0.0703125,0.33903133903133903,0.5484775641025641,0.0
4,ensemble,eval_out,0.08032852564102565,0.341645885286783,0.5484775641025641,0.0
4,ensemble,eval_out,0.09034455128205128,0.34146341463414637,0.5484775641025641,0.0
4,ensemble,eval_out,0.10036057692307693,0.34530938123752497,0.5484775641025641,0.0
4,ensemble,eval_out,0.11037660256410256,0.35208711433756806,0.5484775641025641,0.0
4,ensemble,eval_out,0.1201923076923077,0.3516666666666667,0.5484775641025641,0.0
4,ensemble,eval_out,0.13020833333333334,0.3569230769230769,0.5484775641025641,0.0
4,ensemble,eval_out,0.14022435897435898,0.3628571428571429,0.5484775641025641,0.0
4,ensemble,eval_out,0.1502403846153846,0.37733333333333335,0.5484775641025641,0.0
4,ensemble,eval_out,0.16025641025641027,0.37875,0.5484775641025641,0.0
4,ensemble,eval_out,0.1702724358974359,0.38588235294117645,0.5484775641025641,0.0
4,ensemble,eval_out,0.18028846153846154,0.3977777777777778,0.5484775641025641,0.0
4,ensemble,eval_out,0.19030448717948717,0.40210526315789474,0.5484775641025641,0.0
4,ensemble,eval_out,0.20032051282051283,0.406,0.5484775641025641,0.0
4,ensemble,eval_out,0.21033653846153846,0.4057142857142857,0.5484775641025641,0.0
4,ensemble,eval_out,0.2203525641025641,0.40636363636363637,0.5484775641025641,0.0
4,ensemble,eval_out,0.23016826923076922,0.4116623150565709,0.5484775641025641,0.0
4,ensemble,eval_out,0.24018429487179488,0.4153461217681401,0.5484775641025641,0.0
4,ensemble,eval_out,0.25020032051282054,0.4155324259407526,0.5484775641025641,0.0
4,ensemble,eval_out,0.26021634615384615,0.41570438799076215,0.5484775641025641,0.0
4,ensemble,eval_out,0.2702323717948718,0.4195700518902891,0.5484775641025641,0.0
4,ensemble,eval_out,0.2802483974358974,0.4174410293066476,0.5484775641025641,0.0
4,ensemble,eval_out,0.2902644230769231,0.4189095928226363,0.5484775641025641,0.0
4,ensemble,eval_out,0.30028044871794873,0.42361574382921946,0.5484775641025641,0.0
4,ensemble,eval_out,0.31029647435897434,0.4228534538411879,0.5484775641025641,0.0
4,ensemble,eval_out,0.3203125,0.43089430894308944,0.5484775641025641,0.0
4,ensemble,eval_out,0.33032852564102566,0.43480897513644634,0.5484775641025641,0.0
4,ensemble,eval_out,0.3401442307692308,0.4363957597173145,0.5484775641025641,0.0
4,ensemble,eval_out,0.3501602564102564,0.4387871853546911,0.5484775641025641,0.0
4,ensemble,eval_out,0.36017628205128205,0.4410456062291435,0.5484775641025641,0.0
4,ensemble,eval_out,0.3701923076923077,0.4420995670995671,0.5484775641025641,0.0
4,ensemble,eval_out,0.3802083333333333,0.440463645943098,0.5484775641025641,0.0
4,ensemble,eval_out,0.390224358974359,0.44250513347022585,0.5484775641025641,0.0
4,ensemble,eval_out,0.40024038461538464,0.44594594594594594,0.5484775641025641,0.0
4,ensemble,eval_out,0.41025641025641024,0.4482421875,0.5484775641025641,0.0
4,ensemble,eval_out,0.4202724358974359,0.45042897998093423,0.5484775641025641,0.0
4,ensemble,eval_out,0.43028846153846156,0.45018621973929235,0.5484775641025641,0.0
4,ensemble,eval_out,0.44030448717948717,0.4535941765241128,0.5484775641025641,0.0
4,ensemble,eval_out,0.4501201923076923,0.45571873609256786,0.5484775641025641,0.0
4,ensemble,eval_out,0.46013621794871795,0.45798868088811495,0.5484775641025641,0.01872006965607314
4,ensemble,eval_out,0.4701522435897436,0.46186621218576907,0.5484775641025641,0.03962505325948019
4,ensemble,eval_out,0.4801682692307692,0.4618272841051314,0.5484775641025641,0.05965790571547768
4,ensemble,eval_out,0.4901842948717949,0.46424192889252147,0.5484775641025641,0.07887208827135268
4,ensemble,eval_out,0.5002003205128205,0.4633560272326792,0.5484775641025641,0.09731678013616339
4,ensemble,eval_out,0.5102163461538461,0.4683941892422458,0.5484775641025641,0.11503729878288182
4,ensemble,eval_out,0.5202323717948718,0.4713130535232961,0.5484775641025641,0.1320754716981132
4,ensemble,eval_out,0.5302483974358975,0.47147714393653195,0.5484775641025641,0.14846996599924442
4,ensemble,eval_out,0.5402644230769231,0.47015202076381163,0.5484775641025641,0.164256581386726
4,ensemble,eval_out,0.5502804487179487,0.47215143793228975,0.5484775641025641,0.17946851110302148
4,ensemble,eval_out,0.5600961538461539,0.4721030042918455,0.5484775641025641,0.1938483547925608
4,ensemble,eval_out,0.5701121794871795,0.47610681658468024,0.5484775641025641,0.20801124385101896
4,ensemble,eval_out,0.5801282051282052,0.4789364640883978,0.5484775641025641,0.22168508287292818
4,ensemble,eval_out,0.5901442307692307,0.48268839103869654,0.5484775641025641,0.2348947725729803
4,ensemble,eval_out,0.6001602564102564,0.48397863818424564,0.5484775641025641,0.24766355140186916
4,ensemble,eval_out,0.610176282051282,0.48588312541037426,0.5484775641025641,0.26001313197636244
4,ensemble,eval_out,0.6201923076923077,0.4896640826873385,0.5484775641025641,0.2719638242894057
4,ensemble,eval_out,0.6302083333333334,0.49109980928162744,0.5484775641025641,0.2835346471710108
4,ensemble,eval_out,0.6402243589743589,0.4909261576971214,0.5484775641025641,0.29474342928660824
4,ensemble,eval_out,0.6502403846153846,0.4929143561306223,0.5484775641025641,0.30560690080098585
4,ensemble,eval_out,0.6602564102564102,0.4945388349514563,0.5484775641025641,0.3161407766990291
4,ensemble,eval_out,0.6700721153846154,0.4959641255605381,0.5484775641025641,0.3261584454409567
4,ensemble,eval_out,0.6800881410256411,0.4974963181148748,0.5484775641025641,0.33608247422680415
4,ensemble,eval_out,0.6901041666666666,0.49898403483309145,0.5484775641025641,0.34571843251088535
4,ensemble,eval_out,0.7001201923076923,0.5021459227467812,0.5484775641025641,0.3550786838340486
4,ensemble,eval_out,0.710136217948718,0.5040902679830748,0.5484775641025641,0.36417489421720733
4,ensemble,eval_out,0.7201522435897436,0.5065368567454799,0.5484775641025641,0.3730180806675939
4,ensemble,eval_out,0.7301682692307693,0.506721536351166,0.5484775641025641,0.3816186556927298
4,ensemble,eval_out,0.7401842948717948,0.5096075778078485,0.5484775641025641,0.3899864682002706
4,ensemble,eval_out,0.7502003205128205,0.5100133511348465,0.5484775641025641,0.3981308411214953
4,ensemble,eval_out,0.7602163461538461,0.511725955204216,0.5484775641025641,0.40606060606060607
4,ensemble,eval_out,0.7702323717948718,0.5133940182054616,0.5484775641025641,0.41378413524057217
4,ensemble,eval_out,0.7800480769230769,0.5143810991268618,0.5484775641025641,0.421160760143811
4,ensemble,eval_out,0.7900641025641025,0.5154665314401623,0.5484775641025641,0.42849898580121704
4,ensemble,eval_out,0.8000801282051282,0.5172759138708062,0.5484775641025641,0.4356534802203305
4,ensemble,eval_out,0.8100961538461539,0.5192878338278932,0.5484775641025641,0.4426310583580613
4,ensemble,eval_out,0.8201121794871795,0.5219833903273082,0.5484775641025641,0.449438202247191
4,ensemble,eval_out,0.8301282051282052,0.5229247104247104,0.5484775641025641,0.4560810810810811
4,ensemble,eval_out,0.8401442307692307,0.5236051502145923,0.5484775641025641,0.4625655698617072
4,ensemble,eval_out,0.8501602564102564,0.525918944392083,0.5484775641025641,0.4688972667295005
4,ensemble,eval_out,0.860176282051282,0.5272473218444341,0.5484775641025641,0.4750815090824406
4,ensemble,eval_out,0.8701923076923077,0.5283149171270718,0.5484775641025641,0.48112338858195214
4,ensemble,eval_out,0.8802083333333334,0.5291306326809285,0.5484775641025641,0.48702776513427404
4,ensemble,eval_out,0.8900240384615384,0.5311726311051091,0.5484775641025641,0.4926851226648661
4,ensemble,eval_out,0.9000400641025641,0.5328288448697974,0.5484775641025641,0.4983307367015357
4,ensemble,eval_out,0.9100560897435898,0.5340083645168391,0.5484775641025641,0.5038520801232665
4,ensemble,eval_out,0.9200721153846154,0.5347267581101677,0.5484775641025641,0.5092532114086653
4,ensemble,eval_out,0.9300881410256411,0.535645057075167,0.5484775641025641,0.5145380142149473
4,ensemble,eval_out,0.9401041666666666,0.5371830385680801,0.5484775641025641,0.5197102066908161
4,ensemble,eval_out,0.9501201923076923,0.5386885937170567,0.5484775641025641,0.5247733502002951
4,ensemble,eval_out,0.960136217948718,0.5407886501147506,0.5484775641025641,0.5297308575005216
4,ensemble,eval_out,0.9701522435897436,0.5428453437951682,0.5484775641025641,0.5345860004129672
4,ensemble,eval_out,0.9801682692307693,0.545268751277335,0.5484775641025641,0.5393419170243204
4,ensemble,eval_out,0.9901842948717948,0.5464292939510419,0.5484775641025641,0.5440016184503338
4,ensemble,eval_out,1.0,0.5484775641025641,0.5484775641025641,0.5484775641025641
4,ensemble_temperature,eval_in,0.0002007226013649137,0.0,0.41509433962264153,0.0
4,ensemble_temperature,eval_in,0.010236852669610599,0.0784313725490196,0.41509433962264153,0.0
4,ensemble_temperature,eval_in,0.02027298273785628,0.0891089108910891,0.41509433962264153,0.0
4,ensemble_temperature,eval_in,0.030309112806101966,0.0728476821192053,0.41509433962264153,0.0
4,ensemble_temperature,eval_in,0.04034524287434765,0.06965174129353234,0.41509433962264153,0.0
4,ensemble_temperature,eval_in,0.05038137294259334,0.08764940239043825,0.41509433962264153,0.0
4,ensemble_temperature,eval_in,0.060216780409474105,0.1,0.41509433962264153,0.0
4,ensemble_temperature,eval_in,0.0702529104777198,0.10857142857142857,0.41509433962264153,0.0
4,ensemble_temperature,eval_in,0.08028904054596547,0.11,0.41509433962264153,0.0
4,ensemble_temperature,eval_in,0.09032517061421116,0.11777777777777777,0.41509433962264153,0.0
4,ensemble_temperature,eval_in,0.10036130068245684,0.128,0.41509433962264153,0.0
4,ensemble_temperature,eval_in,0.11019670814933762,0.13114754098360656,0.41509433962264153,0.0
4,ensemble_temperature,eval_in,0.1202328382175833,0.13856427378964942,0.41509433962264153,0.0
4,ensemble_temperature,eval_in,0.13026896828582898,0.1386748844375963,0.41509433962264153,0.0
4,ensemble_temperature,eval_in,0.14030509835407468,0.1459227467811159,0.41509433962264153,0.0
4,ensemble_temperature,eval_in,0.15034122842232037,0.157543391188251,0.41509433962264153,0.0
4,ensemble_temperature,eval_in,0.1601766358892011,0.16165413533834586,0.41509433962264153,0.0
4,ensemble_temperature,eval_in,0.1702127659574468,0.1615566037735849,0.41509433962264153,0.0
4,ensemble_temperature,eval_in,0.1802488960256925,0.17037861915367483,0.41509433962264153,0.0
4,ensemble_temperature,eval_in,0.1902850260939382,0.169831223628692,0.41509433962264153,0.0
4,ensemble_temperature,eval_in,0.20032115616218385,0.17735470941883769,0.41509433962264153,0.0
4,ensemble_temperature,eval_in,0.21035728623042954,0.17938931297709923,0.41509433962264153,0.0
4,ensemble_temperature,eval_in,0.22019269369731032,0.18322698268003645,0.41509433962264153,0.0
4,ensemble_temperature,eval_in,0.230228823765556,0.1857018308631212,0.41509433962264153,0.0
4,ensemble_temperature,eval_in,0.2402649538338017,0.18880534670008353,0.41509433962264153,0.0
4,ensemble_temperature,eval_in,0.25030108390204736,0.19406575781876503,0.41509433962264153,0.0
4,ensemble_temperature,eval_in,0.2603372139702931,0.1981495759444873,0.41509433962264153,0.0
4,ensemble_temperature,eval_in,0.2701726214371738,0.20208023774145617,0.41509433962264153,0.0
4,ensemble_temperature,eval_in,0.2802087515054195,0.2034383954154728,0.41509433962264153,0.0
4,ensemble_temperature,eval_in,0.2902448815736652,0.21507607192254496,0.41509433962264153,0.0
4,ensemble_temperature,eval_in,0.3002810116419109,0.2212566844919786,0.41509433962264153,0.0
4,ensemble_temperature,eval_in,0.31031714171015656,0.22639068564036222,0.41509433962264153,0.0
4,ensemble_temperature,eval_in,0.32015254917703734,0.22946708463949844,0.41509433962264153,0.0
4,ensemble_temperature,eval_in,0.330188679245283,0.23465045592705167,0.41509433962264153,0.0
4,ensemble_temperature,eval_in,0.3402248093135287,0.23657817109144544,0.41509433962264153,0.0
4,ensemble_temperature,eval_in,0.3502609393817744,0.23782234957020057,0.41509433962264153,0.0
4,ensemble_temperature,eval_in,0.36029706945002005,0.2434540389972145,0.41509433962264153,0.0
4,ensemble_temperature,eval_in,0.3701324769169008,0.2445770065075922,0.41509433962264153,0.0
4,ensemble_temperature,eval_in,0.38016860698514654,0.249208025343189,0.41509433962264153,0.0
4,ensemble_temperature,eval_in,0.3902047370533922,0.2536008230452675,0.41509433962264153,0.0
4,ensemble_temperature,eval_in,0.4002408671216379,0.25727181544633904,0.41509433962264153,0.0
4,ensemble_temperature,eval_in,0.4102769971898836,0.26125244618395305,0.41509433962264153,0.0
4,ensemble_temperature,eval_in,0.42031312725812925,0.2636103151862464,0.41509433962264153,0.0
4,ensemble_temperature,eval_in,0.43014853472501,0.2655156322911806,0.41509433962264153,0.0
4,ensemble_temperature,eval_in,0.44018466479325574,0.2667578659370725,0.41509433962264153,0.0
4,ensemble_temperature,eval_in,0.4502207948615014,0.27284886312973694,0.41509433962264153,0.0
4,ensemble_temperature,eval_in,0.46025692492974707,0.275621456607065,0.41509433962264153,0.0
4,ensemble_temperature,eval_in,0.4702930549979928,0.2787025181391379,0.41509433962264153,0.0
4,ensemble_temperature,eval_in,0.48012846246487356,0.27968227424749165,0.41509433962264153,0.0
4,ensemble_temperature,eval_in,0.4901645925331192,0.2805077805077805,0.41509433962264153,0.0
4,ensemble_temperature,eval_in,0.5002007226013649,0.2821027287319422,0.41509433962264153,0.0
4,ensemble_temperature,eval_in,0.5102368526696106,0.28481510621557826,0.41509433962264153,0.0
4,ensemble_temperature,eval_in,0.5202729827378563,0.2881944444444444,0.41509433962264153,0.0
4,ensemble_temperature,eval_in,0.5301083902047371,0.29117758424839074,0.41509433962264153,0.0
4,ensemble_temperature,eval_in,0.5401445202729828,0.2954292084726867,0.41509433962264153,0.0
4,ensemble_temperature,eval_in,0.5501806503412284,0.30134987230937615,0.41509433962264153,0.0
4,ensemble_temperature,eval_in,0.5602167804094741,0.3045503403797922,0.41509433962264153,0.0
4,ensemble_temperature,eval_in,0.5702529104777198,0.3069341781063006,0.41509433962264153,0.0
4,ensemble_temperature,eval_in,0.5800883179446006,0.30899653979238756,0.41509433962264153,0.0
4,ensemble_temperature,eval_in,0.5901244480128462,0.3115646258503401,0.41509433962264153,0.008843537414965987
4,ensemble_temperature,eval_in,0.6001605780810919,0.3140468227424749,0.41509433962264153,0.025418060200668897
4,ensemble_temperature,eval_in,0.6101967081493376,0.3157894736842105,0.41509433962264153,0.04144736842105263
4,ensemble_temperature,eval_in,0.6202328382175833,0.31779935275080906,0.41509433962264153,0.056957928802589
4,ensemble_temperature,eval_in,0.630268968285829,0.32101910828025476,0.41509433962264153,0.07197452229299363
4,ensemble_temperature,eval_in,0.6401043757527097,0.32267168391345247,0.41509433962264153,0.08623392913138915
4,ensemble_temperature,eval_in,0.6501405058209554,0.3254090768755789,0.41509433962264153,0.10033961099104662
4,ensemble_temperature,eval_in,0.6601766358892012,0.3259349346305868,0.41509433962264153,0.11401641836424445
4,ensemble_temperature,eval_in,0.6702127659574468,0.32943995208146154,0.41509433962264153,0.12728361784965558
4,ensemble_temperature,eval_in,0.6802488960256925,0.3343169076423724,0.41509433962264153,0.14015933903806432
4,ensemble_temperature,eval_in,0.6900843034925732,0.3365328679464805,0.41509433962264153,0.15241419429901104
4,ensemble_temperature,eval_in,0.700120433560819,0.33744266055045874,0.41509433962264153,0.16456422018348624
4,ensemble_temperature,eval_in,0.7101565636290647,0.3397399660825325,0.41509433962264153,0.17637083097795364
4,ensemble_temperature,eval_in,0.7201926936973103,0.34364548494983277,0.41509433962264153,0.1878483835005574
4,ensemble_temperature,eval_in,0.730228823765556,0.34661902144035184,0.41509433962264153,0.19901044529961517
4,ensemble_temperature,eval_in,0.7400642312324368,0.34960672633577433,0.41509433962264153,0.20965554651478166
4,ensemble_temperature,eval_in,0.7501003613006825,0.3524217286593524,0.41509433962264153,0.22023013112122022
4,ensemble_temperature,eval_in,0.7601364913689281,0.35569052020068653,0.41509433962264153,0.23052548191180353
4,ensemble_temperature,eval_in,0.7701726214371738,0.35887412040656763,0.41509433962264153,0.24055251498566588
4,ensemble_temperature,eval_in,0.7802087515054195,0.36197581682531516,0.41509433962264153,0.2503215847697453
4,ensemble_temperature,eval_in,0.7900441589723003,0.3648373983739837,0.41509433962264153,0.25965447154471544
4,ensemble_temperature,eval_in,0.800080289040546,0.3677872553938786,0.41509433962264153,0.268941294530858
4,ensemble_temperature,eval_in,0.8101164191087916,0.3689296333002973,0.41509433962264153,0.277998017839445
4,ensemble_temperature,eval_in,0.8201525491770373,0.3707782672540382,0.41509433962264153,0.2868330885952031
4,ensemble_temperature,eval_in,0.8301886792452831,0.3725822050290135,0.41509433962264153,0.29545454545454547
4,ensemble_temperature,eval_in,0.8402248093135287,0.37577639751552794,0.41509433962264153,0.30387004300047776
4,ensemble_temperature,eval_in,0.8500602167804094,0.3785123966942149,0.41509433962264153,0.31192443919716645
4,ensemble_temperature,eval_in,0.8600963468486552,0.3796966161026838,0.41509433962264153,0.31995332555425904
4,ensemble_temperature,eval_in,0.8701324769169009,0.38200692041522494,0.41509433962264153,0.32779700115340255
4,ensemble_temperature,eval_in,0.8801686069851465,0.38494868871151655,0.41509433962264153,0.3354618015963512
4,ensemble_temperature,eval_in,0.8902047370533922,0.3871476888387824,0.41509433962264153,0.34295377677564826
4,ensemble_temperature,eval_in,0.900040144520273,0.38849241748438895,0.41509433962264153,0.35013380909901876
4,ensemble_temperature,eval_in,0.9100762745885187,0.3906043228936921,0.41509433962264153,0.35730039700044114
4,ensemble_temperature,eval_in,0.9201124046567644,0.3946335078534031,0.41509433962264153,0.3643106457242583
4,ensemble_temperature,eval_in,0.93014853472501,0.39814415192058694,0.41509433962264153,0.37116961588260683
4,ensemble_temperature,eval_in,0.9401846647932557,0.4000853970964987,0.41509433962264153,0.3778821520068318
4,ensemble_temperature,eval_in,0.9500200722601365,0.40270441580392985,0.41509433962264153,0.38432283963659414
4,ensemble_temperature,eval_in,0.9600562023283822,0.4047668827095965,0.41509433962264153,0.3907589379050805
4,ensemble_temperature,eval_in,0.9700923323966278,0.4074074074074074,0.41509433962264153,0.39706186633560936
4,ensemble_temperature,eval_in,0.9801284624648735,0.4101986483719025,0.41509433962264153,0.40323571574851524
4,ensemble_temperature,eval_in,0.9901645925331193,0.41313602270423677,0.41509433962264153,0.4092844111088587
4,ensemble_temperature,eval_in,1.0,0.41509433962264153,0.41509433962264153,0.41509433962264153
4,ensemble_temperature,eval_out,0.00020032051282051281,1.0,0.5484775641025641,0.0
4,ensemble_temperature,eval_out,0.010216346153846154,0.17647058823529413,0.5484775641025641,0.0
4,ensemble_temperature,eval_out,0.020232371794871796,0.27722772277227725,0.5484775641025641,0.0
4,ensemble_temperature,eval_out,0.030248397435897436,0.2913907284768212,0.5484775641025641,0.0
4,ensemble_temperature,eval_out,0.04026442307692308,0.2935323383084577,0.5484775641025641,0.0
4,ensemble_temperature,eval_out,0.05028044871794872,0.3147410358565737,0.5484775641025641,0.0
4,ensemble_temperature,eval_out,0.06029647435897436,0.3289036544850498,0.5484775641025641,0.0
4,ensemble_temperature,eval_out,0.0703125,0.33903133903133903,0.5484775641025641,0.0
4,ensemble_temperature,eval_out,0.08032852564102565,0.341645885286783,0.5484775641025641,0.0
4,ensemble_temperature,eval_out,0.09034455128205128,0.34146341463414637,0.5484775641025641,0.0
4,ensemble_temperature,eval_out,0.10036057692307693,0.34530938123752497,0.5484775641025641,0.0
4,ensemble_temperature,eval_out,0.11037660256410256,0.35390199637023595,0.5484775641025641,0.0
4,ensemble_temperature,eval_out,0.1201923076923077,0.355,0.5484775641025641,0.0
4,ensemble_temperature,eval_out,0.13020833333333334,0.35846153846153844,0.5484775641025641,0.0
4,ensemble_temperature,eval_out,0.14022435897435898,0.36142857142857143,0.5484775641025641,0.0
4,ensemble_temperature,eval_out,0.1502403846153846,0.37733333333333335,0.5484775641025641,0.0
4,ensemble_temperature,eval_out,0.16025641025641027,0.38,0.5484775641025641,0.0
4,ensemble_temperature,eval_out,0.1702724358974359,0.3870588235294118,0.5484775641025641,0.0
4,ensemble_temperature,eval_out,0.18028846153846154,0.3977777777777778,0.5484775641025641,0.0
4,ensemble_temperature,eval_out,0.19030448717948717,0.4,0.5484775641025641,0.0
4,ensemble_temperature,eval_out,0.20032051282051283,0.404,0.5484775641025641,0.0
4,ensemble_temperature,eval_out,0.21033653846153846,0.4038095238095238,0.5484775641025641,0.0
4,ensemble_temperature,eval_out,0.2203525641025641,0.4072727272727273,0.5484775641025641,0.0
4,ensemble_temperature,eval_out,0.23016826923076922,0.4116623150565709,0.5484775641025641,0.0
4,ensemble_temperature,eval_out,0.24018429487179488,0.41618015012510423,0.5484775641025641,0.0
4,ensemble_temperature,eval_out,0.25020032051282054,0.4155324259407526,0.5484775641025641,0.0
4,ensemble_temperature,eval_out,0.26021634615384615,0.4172440338722094,0.5484775641025641,0.0
4,ensemble_temperature,eval_out,0.2702323717948718,0.4158636026686434,0.5484775641025641,0.0
4,ensemble_temperature,eval_out,0.2802483974358974,0.42101501072194425,0.5484775641025641,0.0
4,ensemble_temperature,eval_out,0.2902644230769231,0.42028985507246375,0.5484775641025641,0.0
4,ensemble_temperature,eval_out,0.30028044871794873,0.4202801867911941,0.5484775641025641,0.0
4,ensemble_temperature,eval_out,0.31029647435897434,0.42479018721755973,0.5484775641025641,0.0
4,ensemble_temperature,eval_out,0.3203125,0.43089430894308944,0.5484775641025641,0.0
4,ensemble_temperature,eval_out,0.33032852564102566,0.43602183141297757,0.5484775641025641,0.0
4,ensemble_temperature,eval_out,0.3401442307692308,0.43934040047114253,0.5484775641025641,0.0
4,ensemble_temperature,eval_out,0.3501602564102564,0.4376430205949657,0.5484775641025641,0.0
4,ensemble_temperature,eval_out,0.36017628205128205,0.43993325917686316,0.5484775641025641,0.0
4,ensemble_temperature,eval_out,0.3701923076923077,0.44372294372294374,0.5484775641025641,0.0
4,ensemble_temperature,eval_out,0.3802083333333333,0.44257112750263433,0.5484775641025641,0.0
4,ensemble_temperature,eval_out,0.390224358974359,0.4440451745379877,0.5484775641025641,0.0
4,ensemble_temperature,eval_out,0.40024038461538464,0.44594594594594594,0.5484775641025641,0.0
4,ensemble_temperature,eval_out,0.41025641025641024,0.4482421875,0.5484775641025641,0.0
4,ensemble_temperature,eval_out,0.4202724358974359,0.449952335557674,0.5484775641025641,0.0
4,ensemble_temperature,eval_out,0.43028846153846156,0.4511173184357542,0.5484775641025641,0.0
4,ensemble_temperature,eval_out,0.44030448717948717,0.45177434030937214,0.5484775641025641,0.0
4,ensemble_temperature,eval_out,0.4501201923076923,0.45571873609256786,0.5484775641025641,0.0
4,ensemble_temperature,eval_out,0.46013621794871795,0.45755333043099694,0.5484775641025641,0.01872006965607314
4,ensemble_temperature,eval_out,0.4701522435897436,0.46271836386876863,0.5484775641025641,0.03962505325948019
4,ensemble_temperature,eval_out,0.4801682692307692,0.46307884856070086,0.5484775641025641,0.05965790571547768
4,ensemble_temperature,eval_out,0.4901842948717949,0.4621986105435227,0.5484775641025641,0.07887208827135268
4,ensemble_temperature,eval_out,0.5002003205128205,0.4645574689627553,0.5484775641025641,0.09731678013616339
4,ensemble_temperature,eval_out,0.5102163461538461,0.4672163329407146,0.5484775641025641,0.11503729878288182
4,ensemble_temperature,eval_out,0.5202323717948718,0.4701578744705429,0.5484775641025641,0.1320754716981132
4,ensemble_temperature,eval_out,0.5302483974358975,0.47223271628258406,0.5484775641025641,0.14846996599924442
4,ensemble_temperature,eval_out,0.5402644230769231,0.47126436781609193,0.5484775641025641,0.164256581386726
4,ensemble_temperature,eval_out,0.5502804487179487,0.47251547142337097,0.5484775641025641,0.17946851110302148
4,ensemble_temperature,eval_out,0.5600961538461539,0.474964234620887,0.5484775641025641,0.1938483547925608
4,ensemble_temperature,eval_out,0.5701121794871795,0.4768095572733661,0.5484775641025641,0.20801124385101896
4,ensemble_temperature,eval_out,0.5801282051282052,0.4796270718232044,0.5484775641025641,0.22168508287292818
4,ensemble_temperature,eval_out,0.5901442307692307,0.48268839103869654,0.5484775641025641,0.2348947725729803
4,ensemble_temperature,eval_out,0.6001602564102564,0.4856475300400534,0.5484775641025641,0.24766355140186916
4,ensemble_temperature,eval_out,0.610176282051282,0.48719632304661853,0.5484775641025641,0.26001313197636244
4,ensemble_temperature,eval_out,0.6201923076923077,0.4899870801033592,0.5484775641025641,0.2719638242894057
4,ensemble_temperature,eval_out,0.6302083333333334,0.49173553719008267,0.5484775641025641,0.2835346471710108
4,ensemble_temperature,eval_out,0.6402243589743589,0.4918648310387985,0.5484775641025641,0.29474342928660824
4,ensemble_temperature,eval_out,0.6502403846153846,0.49353049907578556,0.5484775641025641,0.30560690080098585
4,ensemble_temperature,eval_out,0.6602564102564102,0.49362864077669905,0.5484775641025641,0.3161407766990291
4,ensemble_temperature,eval_out,0.6700721153846154,0.4953662182361734,0.5484775641025641,0.3261584454409567
4,ensemble_temperature,eval_out,0.6800881410256411,0.4974963181148748,0.5484775641025641,0.33608247422680415
4,ensemble_temperature,eval_out,0.6901041666666666,0.49927431059506533,0.5484775641025641,0.34571843251088535
4,ensemble_temperature,eval_out,0.7001201923076923,0.5015736766809729,0.5484775641025641,0.3550786838340486
4,ensemble_temperature,eval_out,0.710136217948718,0.5038081805359661,0.5484775641025641,0.36417489421720733
4,ensemble_temperature,eval_out,0.7201522435897436,0.505980528511822,0.5484775641025641,0.3730180806675939
4,ensemble_temperature,eval_out,0.7301682692307693,0.5075445816186557,0.5484775641025641,0.3816186556927298
4,ensemble_temperature,eval_out,0.7401842948717948,0.5085250338294993,0.5484775641025641,0.3899864682002706
4,ensemble_temperature,eval_out,0.7502003205128205,0.5097463284379172,0.5484775641025641,0.3981308411214953
4,ensemble_temperature,eval_out,0.7602163461538461,0.5122529644268775,0.5484775641025641,0.40606060606060607
4,ensemble_temperature,eval_out,0.7702323717948718,0.5131339401820546,0.5484775641025641,0.41378413524057217
4,ensemble_temperature,eval_out,0.7800480769230769,0.5143810991268618,0.5484775641025641,0.421160760143811
4,ensemble_temperature,eval_out,0.7900641025641025,0.515973630831643,0.5484775641025641,0.42849898580121704
4,ensemble_temperature,eval_out,0.8000801282051282,0.5172759138708062,0.5484775641025641,0.4356534802203305
4,ensemble_temperature,eval_out,0.8100961538461539,0.5192878338278932,0.5484775641025641,0.4426310583580613
4,ensemble_temperature,eval_out,0.8201121794871795,0.5219833903273082,0.5484775641025641,0.449438202247191
4,ensemble_temperature,eval_out,0.8301282051282052,0.5231660231660231,0.5484775641025641,0.4560810810810811
4,ensemble_temperature,eval_out,0.8401442307692307,0.5240820219360992,0.5484775641025641,0.4625655698617072
4,ensemble_temperature,eval_out,0.8501602564102564,0.525918944392083,0.5484775641025641,0.4688972667295005
4,ensemble_temperature,eval_out,0.860176282051282,0.5274802049371216,0.5484775641025641,0.4750815090824406
4,ensemble_temperature,eval_out,0.8701923076923077,0.5280847145488029,0.5484775641025641,0.48112338858195214
4,ensemble_temperature,eval_out,0.8802083333333334,0.5293582157487483,0.5484775641025641,0.48702776513427404
4,ensemble_temperature,eval_out,0.8900240384615384,0.5313977042538826,0.5484775641025641,0.4926851226648661
4,ensemble_temperature,eval_out,0.9000400641025641,0.5326062764300022,0.5484775641025641,0.4983307367015357
4,ensemble_temperature,eval_out,0.9100560897435898,0.5340083645168391,0.5484775641025641,0.5038520801232665
4,ensemble_temperature,eval_out,0.9200721153846154,0.5347267581101677,0.5484775641025641,0.5092532114086653
4,ensemble_temperature,eval_out,0.9300881410256411,0.5354296790867973,0.5484775641025641,0.5145380142149473
4,ensemble_temperature,eval_out,0.9401041666666666,0.5369699552525037,0.5484775641025641,0.5197102066908161
4,ensemble_temperature,eval_out,0.9501201923076923,0.5386885937170567,0.5484775641025641,0.5247733502002951
4,ensemble_temperature,eval_out,0.960136217948718,0.5409972877112456,0.5484775641025641,0.5297308575005216
4,ensemble_temperature,eval_out,0.9701522435897436,0.5430518273797234,0.5484775641025641,0.5345860004129672
4,ensemble_temperature,eval_out,0.9801682692307693,0.5450643776824035,0.5484775641025641,0.5393419170243204
4,ensemble_temperature,eval_out,0.9901842948717948,0.5464292939510419,0.5484775641025641,0.5440016184503338
4,ensemble_temperature,eval_out,1.0,0.5484775641025641,0.5484775641025641,0.5484775641025641
